id,archived_json,log_json
1626181,"{""player_id"": ""1626181"", ""name"": ""Norman Powell"", ""team"": ""MIA"", ""position"": ""UNK"", ""status"": ""ACTIVE"", ""base_ppg"": 23.8, ""usg_pct"": 0.2, ""archetype"": ""GENERALIST"", ""updated_at"": ""2026-01-19 09:03:51"", ""season_id"": ""22025"", ""is_active"": 0, ""roster_updated_at"": null}","{""player_id"": ""1626181"", ""name"": ""Norman Powell"", ""team"": ""MIA"", ""position"": ""UNK"", ""status"": ""ACTIVE"", ""base_ppg"": 23.8, ""usg_pct"": 0.2, ""archetype"": ""GENERALIST"", ""updated_at"": ""2026-01-19 09:03:51"", ""season_id"": ""22025"", ""is_active"": 1, ""roster_updated_at"": null}"
1627739,"{""player_id"": ""1627739"", ""name"": ""Kris Dunn"", ""team"": ""LAC"", ""position"": ""UNK"", ""status"": ""ACTIVE"", ""base_ppg"": 8.3, ""usg_pct"": 0.2, ""archetype"": ""GENERALIST"", ""updated_at"": ""2026-01-19 09:03:51"", ""season_id"": ""22025"", ""is_active"": 0, ""roster_updated_at"": null}","{""player_id"": ""1627739"", ""name"": ""Kris Dunn"", ""team"": ""LAC"", ""position"": ""UNK"", ""status"": ""ACTIVE"", ""base_ppg"": 8.3, ""usg_pct"": 0.2, ""archetype"": ""GENERALIST"", ""updated_at"": ""2026-01-19 09:03:51"", ""season_id"": ""22025"", ""is_active"": 1, ""roster_updated_at"": null}"
1627783,"{""player_id"": ""1627783"", ""name"": ""Pascal Siakam"", ""team"": ""IND"", ""position"": ""UNK"", ""status"": ""ACTIVE"", ""base_ppg"": 23.5, ""usg_pct"": 0.2, ""archetype"": ""SLASHER"", ""updated_at"": ""2026-01-19 09:03:51"", ""season_id"": ""22025"", ""is_active"": 0, ""roster_updated_at"": null}","{""player_id"": ""1627783"", ""name"": ""Pascal Siakam"", ""team"": ""IND"", ""position"": ""UNK"", ""status"": ""ACTIVE"", ""base_ppg"": 23.5, ""usg_pct"": 0.2, ""archetype"": ""SLASHER"", ""updated_at"": ""2026-01-19 09:03:51"", ""season_id"": ""22025"", ""is_active"": 1, ""roster_updated_at"": null}"
1628371,"{""player_id"": ""1628371"", ""name"": ""Jonathan Isaac"", ""team"": ""ORL"", ""position"": ""UNK"", ""status"": ""ACTIVE"", ""base_ppg"": 2.9, ""usg_pct"": 0.2, ""archetype"": ""GENERALIST"", ""updated_at"": ""2026-01-19 09:03:51"", ""season_id"": ""22025"", ""is_active"": 0, ""roster_updated_at"": null}","{""player_id"": ""1628371"", ""name"": ""Jonathan Isaac"", ""team"": ""ORL"", ""position"": ""UNK"", ""status"": ""ACTIVE"", ""base_ppg"": 2.9, ""usg_pct"": 0.2, ""archetype"": ""GENERALIST"", ""updated_at"": ""2026-01-19 09:03:51"", ""season_id"": ""22025"", ""is_active"": 1, ""roster_updated_at"": null}"
1628379,"{""player_id"": ""1628379"", ""name"": ""Luke Kennard"", ""team"": ""ATL"", ""position"": ""UNK"", ""status"": ""ACTIVE"", ""base_ppg"": 7.0, ""usg_pct"": 0.2, ""archetype"": ""GENERALIST"", ""updated_at"": ""2026-01-19 09:03:51"", ""season_id"": ""22025"", ""is_active"": 0, ""roster_updated_at"": null}","{""player_id"": ""1628379"", ""name"": ""Luke Kennard"", ""team"": ""ATL"", ""position"": ""UNK"", ""status"": ""ACTIVE"", ""base_ppg"": 7.0, ""usg_pct"": 0.2, ""archetype"": ""GENERALIST"", ""updated_at"": ""2026-01-19 09:03:51"", ""season_id"": ""22025"", ""is_active"": 1, ""roster_updated_at"": null}"
1628381,"{""player_id"": ""1628381"", ""name"": ""John Collins"", ""team"": ""LAC"", ""position"": ""UNK"", ""status"": ""ACTIVE"", ""base_ppg"": 12.5, ""usg_pct"": 0.2, ""archetype"": ""GENERALIST"", ""updated_at"": ""2026-01-19 09:03:51"", ""season_id"": ""22025"", ""is_active"": 0, ""roster_updated_at"": null}","{""player_id"": ""1628381"", ""name"": ""John Collins"", ""team"": ""LAC"", ""position"": ""UNK"", ""status"": ""ACTIVE"", ""base_ppg"": 12.5, ""usg_pct"": 0.2, ""archetype"": ""GENERALIST"", ""updated_at"": ""2026-01-19 09:03:51"", ""season_id"": ""22025"", ""is_active"": 1, ""roster_updated_at"": null}"
1628398,"{""player_id"": ""1628398"", ""name"": ""Kyle Kuzma"", ""team"": ""MIL"", ""position"": ""UNK"", ""status"": ""ACTIVE"", ""base_ppg"": 13.0, ""usg_pct"": 0.2, ""archetype"": ""GENERALIST"", ""updated_at"": ""2026-01-19 09:03:51"", ""season_id"": ""22025"", ""is_active"": 0, ""roster_updated_at"": null}","{""player_id"": ""1628398"", ""name"": ""Kyle Kuzma"", ""team"": ""MIL"", ""position"": ""UNK"", ""status"": ""ACTIVE"", ""base_ppg"": 13.0, ""usg_pct"": 0.2, ""archetype"": ""GENERALIST"", ""updated_at"": ""2026-01-19 09:03:51"", ""season_id"": ""22025"", ""is_active"": 1, ""roster_updated_at"": null}"
1628978,"{""player_id"": ""1628978"", ""name"": ""Donte DiVincenzo"", ""team"": ""MIN"", ""position"": ""UNK"", ""status"": ""ACTIVE"", ""base_ppg"": 13.3, ""usg_pct"": 0.2, ""archetype"": ""GENERALIST"", ""updated_at"": ""2026-01-19 09:03:51"", ""season_id"": ""22025"", ""is_active"": 0, ""roster_updated_at"": null}","{""player_id"": ""1628978"", ""name"": ""Donte DiVincenzo"", ""team"": ""MIN"", ""position"": ""UNK"", ""status"": ""ACTIVE"", ""base_ppg"": 13.3, ""usg_pct"": 0.2, ""archetype"": ""GENERALIST"", ""updated_at"": ""2026-01-19 09:03:51"", ""season_id"": ""22025"", ""is_active"": 1, ""roster_updated_at"": null}"
1628988,"{""player_id"": ""1628988"", ""name"": ""Aaron Holiday"", ""team"": ""HOU"", ""position"": ""UNK"", ""status"": ""ACTIVE"", ""base_ppg"": 7.0, ""usg_pct"": 0.2, ""archetype"": ""GENERALIST"", ""updated_at"": ""2026-01-19 09:03:51"", ""season_id"": ""22025"", ""is_active"": 0, ""roster_updated_at"": null}","{""player_id"": ""1628988"", ""name"": ""Aaron Holiday"", ""team"": ""HOU"", ""position"": ""UNK"", ""status"": ""ACTIVE"", ""base_ppg"": 7.0, ""usg_pct"": 0.2, ""archetype"": ""GENERALIST"", ""updated_at"": ""2026-01-19 09:03:51"", ""season_id"": ""22025"", ""is_active"": 1, ""roster_updated_at"": null}"
1629006,"{""player_id"": ""1629006"", ""name"": ""Josh Okogie"", ""team"": ""HOU"", ""position"": ""UNK"", ""status"": ""ACTIVE"", ""base_ppg"": 6.5, ""usg_pct"": 0.2, ""archetype"": ""GENERALIST"", ""updated_at"": ""2026-01-19 09:03:51"", ""season_id"": ""22025"", ""is_active"": 0, ""roster_updated_at"": null}","{""player_id"": ""1629006"", ""name"": ""Josh Okogie"", ""team"": ""HOU"", ""position"": ""UNK"", ""status"": ""ACTIVE"", ""base_ppg"": 6.5, ""usg_pct"": 0.2, ""archetype"": ""GENERALIST"", ""updated_at"": ""2026-01-19 09:03:51"", ""season_id"": ""22025"", ""is_active"": 1, ""roster_updated_at"": null}"
1629014,"{""player_id"": ""1629014"", ""name"": ""Anfernee Simons"", ""team"": ""BOS"", ""position"": ""UNK"", ""status"": ""ACTIVE"", ""base_ppg"": 13.1, ""usg_pct"": 0.2, ""archetype"": ""GENERALIST"", ""updated_at"": ""2026-01-19 09:03:51"", ""season_id"": ""22025"", ""is_active"": 0, ""roster_updated_at"": null}","{""player_id"": ""1629014"", ""name"": ""Anfernee Simons"", ""team"": ""BOS"", ""position"": ""UNK"", ""status"": ""ACTIVE"", ""base_ppg"": 13.1, ""usg_pct"": 0.2, ""archetype"": ""GENERALIST"", ""updated_at"": ""2026-01-19 09:03:51"", ""season_id"": ""22025"", ""is_active"": 1, ""roster_updated_at"": null}"
1629018,"{""player_id"": ""1629018"", ""name"": ""Gary Trent Jr."", ""team"": ""MIL"", ""position"": ""UNK"", ""status"": ""ACTIVE"", ""base_ppg"": 9.3, ""usg_pct"": 0.2, ""archetype"": ""GENERALIST"", ""updated_at"": ""2026-01-19 09:03:51"", ""season_id"": ""22025"", ""is_active"": 0, ""roster_updated_at"": null}","{""player_id"": ""1629018"", ""name"": ""Gary Trent Jr."", ""team"": ""MIL"", ""position"": ""UNK"", ""status"": ""ACTIVE"", ""base_ppg"": 9.3, ""usg_pct"": 0.2, ""archetype"": ""GENERALIST"", ""updated_at"": ""2026-01-19 09:03:51"", ""season_id"": ""22025"", ""is_active"": 1, ""roster_updated_at"": null}"
1629020,"{""player_id"": ""1629020"", ""name"": ""Jarred Vanderbilt"", ""team"": ""LAL"", ""position"": ""UNK"", ""status"": ""ACTIVE"", ""base_ppg"": 5.0, ""usg_pct"": 0.2, ""archetype"": ""GENERALIST"", ""updated_at"": ""2026-01-19 09:03:51"", ""season_id"": ""22025"", ""is_active"": 0, ""roster_updated_at"": null}","{""player_id"": ""1629020"", ""name"": ""Jarred Vanderbilt"", ""team"": ""LAL"", ""position"": ""UNK"", ""status"": ""ACTIVE"", ""base_ppg"": 5.0, ""usg_pct"": 0.2, ""archetype"": ""GENERALIST"", ""updated_at"": ""2026-01-19 09:03:51"", ""season_id"": ""22025"", ""is_active"": 1, ""roster_updated_at"": null}"
1629026,"{""player_id"": ""1629026"", ""name"": ""Kenrich Williams"", ""team"": ""OKC"", ""position"": ""UNK"", ""status"": ""ACTIVE"", ""base_ppg"": 5.5, ""usg_pct"": 0.2, ""archetype"": ""GENERALIST"", ""updated_at"": ""2026-01-19 09:03:51"", ""season_id"": ""22025"", ""is_active"": 0, ""roster_updated_at"": null}","{""player_id"": ""1629026"", ""name"": ""Kenrich Williams"", ""team"": ""OKC"", ""position"": ""UNK"", ""status"": ""ACTIVE"", ""base_ppg"": 5.5, ""usg_pct"": 0.2, ""archetype"": ""GENERALIST"", ""updated_at"": ""2026-01-19 09:03:51"", ""season_id"": ""22025"", ""is_active"": 1, ""roster_updated_at"": null}"
1629028,"{""player_id"": ""1629028"", ""name"": ""Deandre Ayton"", ""team"": ""LAL"", ""position"": ""UNK"", ""status"": ""ACTIVE"", ""base_ppg"": 14.6, ""usg_pct"": 0.2, ""archetype"": ""RIM_RUNNER"", ""updated_at"": ""2026-01-19 09:03:51"", ""season_id"": ""22025"", ""is_active"": 0, ""roster_updated_at"": null}","{""player_id"": ""1629028"", ""name"": ""Deandre Ayton"", ""team"": ""LAL"", ""position"": ""UNK"", ""status"": ""ACTIVE"", ""base_ppg"": 14.6, ""usg_pct"": 0.2, ""archetype"": ""RIM_RUNNER"", ""updated_at"": ""2026-01-19 09:03:51"", ""season_id"": ""22025"", ""is_active"": 1, ""roster_updated_at"": null}"
1629057,"{""player_id"": ""1629057"", ""name"": ""Robert Williams III"", ""team"": ""POR"", ""position"": ""UNK"", ""status"": ""ACTIVE"", ""base_ppg"": 6.1, ""usg_pct"": 0.2, ""archetype"": ""GENERALIST"", ""updated_at"": ""2026-01-19 09:03:51"", ""season_id"": ""22025"", ""is_active"": 0, ""roster_updated_at"": null}","{""player_id"": ""1629057"", ""name"": ""Robert Williams III"", ""team"": ""POR"", ""position"": ""UNK"", ""status"": ""ACTIVE"", ""base_ppg"": 6.1, ""usg_pct"": 0.2, ""archetype"": ""GENERALIST"", ""updated_at"": ""2026-01-19 09:03:51"", ""season_id"": ""22025"", ""is_active"": 1, ""roster_updated_at"": null}"
1629111,"{""player_id"": ""1629111"", ""name"": ""Jock Landale"", ""team"": ""MEM"", ""position"": ""UNK"", ""status"": ""ACTIVE"", ""base_ppg"": 10.9, ""usg_pct"": 0.2, ""archetype"": ""GENERALIST"", ""updated_at"": ""2026-01-19 09:03:51"", ""season_id"": ""22025"", ""is_active"": 0, ""roster_updated_at"": null}","{""player_id"": ""1629111"", ""name"": ""Jock Landale"", ""team"": ""MEM"", ""position"": ""UNK"", ""status"": ""ACTIVE"", ""base_ppg"": 10.9, ""usg_pct"": 0.2, ""archetype"": ""GENERALIST"", ""updated_at"": ""2026-01-19 09:03:51"", ""season_id"": ""22025"", ""is_active"": 1, ""roster_updated_at"": null}"
1629234,"{""player_id"": ""1629234"", ""name"": ""Drew Eubanks"", ""team"": ""SAC"", ""position"": ""UNK"", ""status"": ""ACTIVE"", ""base_ppg"": 5.3, ""usg_pct"": 0.2, ""archetype"": ""GENERALIST"", ""updated_at"": ""2026-01-19 09:03:51"", ""season_id"": ""22025"", ""is_active"": 0, ""roster_updated_at"": null}","{""player_id"": ""1629234"", ""name"": ""Drew Eubanks"", ""team"": ""SAC"", ""position"": ""UNK"", ""status"": ""ACTIVE"", ""base_ppg"": 5.3, ""usg_pct"": 0.2, ""archetype"": ""GENERALIST"", ""updated_at"": ""2026-01-19 09:03:51"", ""season_id"": ""22025"", ""is_active"": 1, ""roster_updated_at"": null}"
1629628,"{""player_id"": ""1629628"", ""name"": ""RJ Barrett"", ""team"": ""TOR"", ""position"": ""UNK"", ""status"": ""ACTIVE"", ""base_ppg"": 18.8, ""usg_pct"": 0.2, ""archetype"": ""GENERALIST"", ""updated_at"": ""2026-01-19 09:03:51"", ""season_id"": ""22025"", ""is_active"": 0, ""roster_updated_at"": null}","{""player_id"": ""1629628"", ""name"": ""RJ Barrett"", ""team"": ""TOR"", ""position"": ""UNK"", ""status"": ""ACTIVE"", ""base_ppg"": 18.8, ""usg_pct"": 0.2, ""archetype"": ""GENERALIST"", ""updated_at"": ""2026-01-19 09:03:51"", ""season_id"": ""22025"", ""is_active"": 1, ""roster_updated_at"": null}"
1629636,"{""player_id"": ""1629636"", ""name"": ""Darius Garland"", ""team"": ""CLE"", ""position"": ""UNK"", ""status"": ""ACTIVE"", ""base_ppg"": 17.0, ""usg_pct"": 0.2, ""archetype"": ""BALL_HOG"", ""updated_at"": ""2026-01-19 09:03:51"", ""season_id"": ""22025"", ""is_active"": 0, ""roster_updated_at"": null}","{""player_id"": ""1629636"", ""name"": ""Darius Garland"", ""team"": ""CLE"", ""position"": ""UNK"", ""status"": ""ACTIVE"", ""base_ppg"": 17.0, ""usg_pct"": 0.2, ""archetype"": ""BALL_HOG"", ""updated_at"": ""2026-01-19 09:03:51"", ""season_id"": ""22025"", ""is_active"": 1, ""roster_updated_at"": null}"
1629637,"{""player_id"": ""1629637"", ""name"": ""Jaxson Hayes"", ""team"": ""LAL"", ""position"": ""UNK"", ""status"": ""ACTIVE"", ""base_ppg"": 6.2, ""usg_pct"": 0.2, ""archetype"": ""GENERALIST"", ""updated_at"": ""2026-01-19 09:03:51"", ""season_id"": ""22025"", ""is_active"": 0, ""roster_updated_at"": null}","{""player_id"": ""1629637"", ""name"": ""Jaxson Hayes"", ""team"": ""LAL"", ""position"": ""UNK"", ""status"": ""ACTIVE"", ""base_ppg"": 6.2, ""usg_pct"": 0.2, ""archetype"": ""GENERALIST"", ""updated_at"": ""2026-01-19 09:03:51"", ""season_id"": ""22025"", ""is_active"": 1, ""roster_updated_at"": null}"
1629652,"{""player_id"": ""1629652"", ""name"": ""Luguentz Dort"", ""team"": ""OKC"", ""position"": ""UNK"", ""status"": ""ACTIVE"", ""base_ppg"": 8.1, ""usg_pct"": 0.2, ""archetype"": ""GENERALIST"", ""updated_at"": ""2026-01-19 09:03:51"", ""season_id"": ""22025"", ""is_active"": 0, ""roster_updated_at"": null}","{""player_id"": ""1629652"", ""name"": ""Luguentz Dort"", ""team"": ""OKC"", ""position"": ""UNK"", ""status"": ""ACTIVE"", ""base_ppg"": 8.1, ""usg_pct"": 0.2, ""archetype"": ""GENERALIST"", ""updated_at"": ""2026-01-19 09:03:51"", ""season_id"": ""22025"", ""is_active"": 1, ""roster_updated_at"": null}"
1629655,"{""player_id"": ""1629655"", ""name"": ""Daniel Gafford"", ""team"": ""DAL"", ""position"": ""UNK"", ""status"": ""ACTIVE"", ""base_ppg"": 8.2, ""usg_pct"": 0.2, ""archetype"": ""GENERALIST"", ""updated_at"": ""2026-01-19 09:03:51"", ""season_id"": ""22025"", ""is_active"": 0, ""roster_updated_at"": null}","{""player_id"": ""1629655"", ""name"": ""Daniel Gafford"", ""team"": ""DAL"", ""position"": ""UNK"", ""status"": ""ACTIVE"", ""base_ppg"": 8.2, ""usg_pct"": 0.2, ""archetype"": ""GENERALIST"", ""updated_at"": ""2026-01-19 09:03:51"", ""season_id"": ""22025"", ""is_active"": 1, ""roster_updated_at"": null}"
1629656,"{""player_id"": ""1629656"", ""name"": ""Quentin Grimes"", ""team"": ""PHI"", ""position"": ""UNK"", ""status"": ""ACTIVE"", ""base_ppg"": 14.7, ""usg_pct"": 0.2, ""archetype"": ""GENERALIST"", ""updated_at"": ""2026-01-19 09:03:51"", ""season_id"": ""22025"", ""is_active"": 0, ""roster_updated_at"": null}","{""player_id"": ""1629656"", ""name"": ""Quentin Grimes"", ""team"": ""PHI"", ""position"": ""UNK"", ""status"": ""ACTIVE"", ""base_ppg"": 14.7, ""usg_pct"": 0.2, ""archetype"": ""GENERALIST"", ""updated_at"": ""2026-01-19 09:03:51"", ""season_id"": ""22025"", ""is_active"": 1, ""roster_updated_at"": null}"
1629675,"{""player_id"": ""1629675"", ""name"": ""Naz Reid"", ""team"": ""MIN"", ""position"": ""UNK"", ""status"": ""ACTIVE"", ""base_ppg"": 14.0, ""usg_pct"": 0.2, ""archetype"": ""GENERALIST"", ""updated_at"": ""2026-01-19 09:03:51"", ""season_id"": ""22025"", ""is_active"": 0, ""roster_updated_at"": null}","{""player_id"": ""1629675"", ""name"": ""Naz Reid"", ""team"": ""MIN"", ""position"": ""UNK"", ""status"": ""ACTIVE"", ""base_ppg"": 14.0, ""usg_pct"": 0.2, ""archetype"": ""GENERALIST"", ""updated_at"": ""2026-01-19 09:03:51"", ""season_id"": ""22025"", ""is_active"": 1, ""roster_updated_at"": null}"
1629750,"{""player_id"": ""1629750"", ""name"": ""Javonte Green"", ""team"": ""DET"", ""position"": ""UNK"", ""status"": ""ACTIVE"", ""base_ppg"": 6.6, ""usg_pct"": 0.2, ""archetype"": ""GENERALIST"", ""updated_at"": ""2026-01-19 09:03:51"", ""season_id"": ""22025"", ""is_active"": 0, ""roster_updated_at"": null}","{""player_id"": ""1629750"", ""name"": ""Javonte Green"", ""team"": ""DET"", ""position"": ""UNK"", ""status"": ""ACTIVE"", ""base_ppg"": 6.6, ""usg_pct"": 0.2, ""archetype"": ""GENERALIST"", ""updated_at"": ""2026-01-19 09:03:51"", ""season_id"": ""22025"", ""is_active"": 1, ""roster_updated_at"": null}"
1630162,"{""player_id"": ""1630162"", ""name"": ""Anthony Edwards"", ""team"": ""MIN"", ""position"": ""UNK"", ""status"": ""ACTIVE"", ""base_ppg"": 29.1, ""usg_pct"": 0.2, ""archetype"": ""GENERALIST"", ""updated_at"": ""2026-01-19 09:03:51"", ""season_id"": ""22025"", ""is_active"": 0, ""roster_updated_at"": null}","{""player_id"": ""1630162"", ""name"": ""Anthony Edwards"", ""team"": ""MIN"", ""position"": ""UNK"", ""status"": ""ACTIVE"", ""base_ppg"": 29.1, ""usg_pct"": 0.2, ""archetype"": ""GENERALIST"", ""updated_at"": ""2026-01-19 09:03:51"", ""season_id"": ""22025"", ""is_active"": 1, ""roster_updated_at"": null}"
1630174,"{""player_id"": ""1630174"", ""name"": ""Aaron Nesmith"", ""team"": ""IND"", ""position"": ""UNK"", ""status"": ""ACTIVE"", ""base_ppg"": 14.4, ""usg_pct"": 0.2, ""archetype"": ""SNIPER"", ""updated_at"": ""2026-01-19 09:03:51"", ""season_id"": ""22025"", ""is_active"": 0, ""roster_updated_at"": null}","{""player_id"": ""1630174"", ""name"": ""Aaron Nesmith"", ""team"": ""IND"", ""position"": ""UNK"", ""status"": ""ACTIVE"", ""base_ppg"": 14.4, ""usg_pct"": 0.2, ""archetype"": ""SNIPER"", ""updated_at"": ""2026-01-19 09:03:51"", ""season_id"": ""22025"", ""is_active"": 1, ""roster_updated_at"": null}"
1630194,"{""player_id"": ""1630194"", ""name"": ""Paul Reed"", ""team"": ""DET"", ""position"": ""UNK"", ""status"": ""ACTIVE"", ""base_ppg"": 5.4, ""usg_pct"": 0.2, ""archetype"": ""GENERALIST"", ""updated_at"": ""2026-01-19 09:03:51"", ""season_id"": ""22025"", ""is_active"": 0, ""roster_updated_at"": null}","{""player_id"": ""1630194"", ""name"": ""Paul Reed"", ""team"": ""DET"", ""position"": ""UNK"", ""status"": ""ACTIVE"", ""base_ppg"": 5.4, ""usg_pct"": 0.2, ""archetype"": ""GENERALIST"", ""updated_at"": ""2026-01-19 09:03:51"", ""season_id"": ""22025"", ""is_active"": 1, ""roster_updated_at"": null}"
1630230,"{""player_id"": ""1630230"", ""name"": ""Naji Marshall"", ""team"": ""DAL"", ""position"": ""UNK"", ""status"": ""ACTIVE"", ""base_ppg"": 13.4, ""usg_pct"": 0.2, ""archetype"": ""GENERALIST"", ""updated_at"": ""2026-01-19 09:03:51"", ""season_id"": ""22025"", ""is_active"": 0, ""roster_updated_at"": null}","{""player_id"": ""1630230"", ""name"": ""Naji Marshall"", ""team"": ""DAL"", ""position"": ""UNK"", ""status"": ""ACTIVE"", ""base_ppg"": 13.4, ""usg_pct"": 0.2, ""archetype"": ""GENERALIST"", ""updated_at"": ""2026-01-19 09:03:51"", ""season_id"": ""22025"", ""is_active"": 1, ""roster_updated_at"": null}"
1630241,"{""player_id"": ""1630241"", ""name"": ""Sam Merrill"", ""team"": ""CLE"", ""position"": ""UNK"", ""status"": ""ACTIVE"", ""base_ppg"": 13.2, ""usg_pct"": 0.2, ""archetype"": ""SNIPER"", ""updated_at"": ""2026-01-19 09:03:51"", ""season_id"": ""22025"", ""is_active"": 0, ""roster_updated_at"": null}","{""player_id"": ""1630241"", ""name"": ""Sam Merrill"", ""team"": ""CLE"", ""position"": ""UNK"", ""status"": ""ACTIVE"", ""base_ppg"": 13.2, ""usg_pct"": 0.2, ""archetype"": ""SNIPER"", ""updated_at"": ""2026-01-19 09:03:51"", ""season_id"": ""22025"", ""is_active"": 1, ""roster_updated_at"": null}"
1630314,"{""player_id"": ""1630314"", ""name"": ""Brandon Williams"", ""team"": ""DAL"", ""position"": ""UNK"", ""status"": ""ACTIVE"", ""base_ppg"": 11.4, ""usg_pct"": 0.2, ""archetype"": ""GENERALIST"", ""updated_at"": ""2026-01-19 09:03:51"", ""season_id"": ""22025"", ""is_active"": 0, ""roster_updated_at"": null}","{""player_id"": ""1630314"", ""name"": ""Brandon Williams"", ""team"": ""DAL"", ""position"": ""UNK"", ""status"": ""ACTIVE"", ""base_ppg"": 11.4, ""usg_pct"": 0.2, ""archetype"": ""GENERALIST"", ""updated_at"": ""2026-01-19 09:03:51"", ""season_id"": ""22025"", ""is_active"": 1, ""roster_updated_at"": null}"
1630533,"{""player_id"": ""1630533"", ""name"": ""Ziaire Williams"", ""team"": ""BKN"", ""position"": ""UNK"", ""status"": ""ACTIVE"", ""base_ppg"": 8.7, ""usg_pct"": 0.2, ""archetype"": ""GENERALIST"", ""updated_at"": ""2026-01-19 09:03:51"", ""season_id"": ""22025"", ""is_active"": 0, ""roster_updated_at"": null}","{""player_id"": ""1630533"", ""name"": ""Ziaire Williams"", ""team"": ""BKN"", ""position"": ""UNK"", ""status"": ""ACTIVE"", ""base_ppg"": 8.7, ""usg_pct"": 0.2, ""archetype"": ""GENERALIST"", ""updated_at"": ""2026-01-19 09:03:51"", ""season_id"": ""22025"", ""is_active"": 1, ""roster_updated_at"": null}"
1630558,"{""player_id"": ""1630558"", ""name"": ""Davion Mitchell"", ""team"": ""MIA"", ""position"": ""UNK"", ""status"": ""ACTIVE"", ""base_ppg"": 9.3, ""usg_pct"": 0.2, ""archetype"": ""BALL_HOG"", ""updated_at"": ""2026-01-19 09:03:51"", ""season_id"": ""22025"", ""is_active"": 0, ""roster_updated_at"": null}","{""player_id"": ""1630558"", ""name"": ""Davion Mitchell"", ""team"": ""MIA"", ""position"": ""UNK"", ""status"": ""ACTIVE"", ""base_ppg"": 9.3, ""usg_pct"": 0.2, ""archetype"": ""BALL_HOG"", ""updated_at"": ""2026-01-19 09:03:51"", ""season_id"": ""22025"", ""is_active"": 1, ""roster_updated_at"": null}"
1630596,"{""player_id"": ""1630596"", ""name"": ""Evan Mobley"", ""team"": ""CLE"", ""position"": ""UNK"", ""status"": ""ACTIVE"", ""base_ppg"": 18.2, ""usg_pct"": 0.2, ""archetype"": ""GENERALIST"", ""updated_at"": ""2026-01-19 09:03:51"", ""season_id"": ""22025"", ""is_active"": 0, ""roster_updated_at"": null}","{""player_id"": ""1630596"", ""name"": ""Evan Mobley"", ""team"": ""CLE"", ""position"": ""UNK"", ""status"": ""ACTIVE"", ""base_ppg"": 18.2, ""usg_pct"": 0.2, ""archetype"": ""GENERALIST"", ""updated_at"": ""2026-01-19 09:03:51"", ""season_id"": ""22025"", ""is_active"": 1, ""roster_updated_at"": null}"
1630598,"{""player_id"": ""1630598"", ""name"": ""Aaron Wiggins"", ""team"": ""OKC"", ""position"": ""UNK"", ""status"": ""ACTIVE"", ""base_ppg"": 10.3, ""usg_pct"": 0.2, ""archetype"": ""GENERALIST"", ""updated_at"": ""2026-01-19 09:03:51"", ""season_id"": ""22025"", ""is_active"": 0, ""roster_updated_at"": null}","{""player_id"": ""1630598"", ""name"": ""Aaron Wiggins"", ""team"": ""OKC"", ""position"": ""UNK"", ""status"": ""ACTIVE"", ""base_ppg"": 10.3, ""usg_pct"": 0.2, ""archetype"": ""GENERALIST"", ""updated_at"": ""2026-01-19 09:03:51"", ""season_id"": ""22025"", ""is_active"": 1, ""roster_updated_at"": null}"
1630643,"{""player_id"": ""1630643"", ""name"": ""Jay Huff"", ""team"": ""IND"", ""position"": ""UNK"", ""status"": ""ACTIVE"", ""base_ppg"": 7.8, ""usg_pct"": 0.2, ""archetype"": ""GENERALIST"", ""updated_at"": ""2026-01-19 09:03:51"", ""season_id"": ""22025"", ""is_active"": 0, ""roster_updated_at"": null}","{""player_id"": ""1630643"", ""name"": ""Jay Huff"", ""team"": ""IND"", ""position"": ""UNK"", ""status"": ""ACTIVE"", ""base_ppg"": 7.8, ""usg_pct"": 0.2, ""archetype"": ""GENERALIST"", ""updated_at"": ""2026-01-19 09:03:51"", ""season_id"": ""22025"", ""is_active"": 1, ""roster_updated_at"": null}"
1631093,"{""player_id"": ""1631093"", ""name"": ""Jaden Ivey"", ""team"": ""DET"", ""position"": ""UNK"", ""status"": ""ACTIVE"", ""base_ppg"": 8.4, ""usg_pct"": 0.2, ""archetype"": ""GENERALIST"", ""updated_at"": ""2026-01-19 09:03:51"", ""season_id"": ""22025"", ""is_active"": 0, ""roster_updated_at"": null}","{""player_id"": ""1631093"", ""name"": ""Jaden Ivey"", ""team"": ""DET"", ""position"": ""UNK"", ""status"": ""ACTIVE"", ""base_ppg"": 8.4, ""usg_pct"": 0.2, ""archetype"": ""GENERALIST"", ""updated_at"": ""2026-01-19 09:03:51"", ""season_id"": ""22025"", ""is_active"": 1, ""roster_updated_at"": null}"
1631096,"{""player_id"": ""1631096"", ""name"": ""Chet Holmgren"", ""team"": ""OKC"", ""position"": ""UNK"", ""status"": ""ACTIVE"", ""base_ppg"": 18.3, ""usg_pct"": 0.2, ""archetype"": ""GENERALIST"", ""updated_at"": ""2026-01-19 09:03:51"", ""season_id"": ""22025"", ""is_active"": 0, ""roster_updated_at"": null}","{""player_id"": ""1631096"", ""name"": ""Chet Holmgren"", ""team"": ""OKC"", ""position"": ""UNK"", ""status"": ""ACTIVE"", ""base_ppg"": 18.3, ""usg_pct"": 0.2, ""archetype"": ""GENERALIST"", ""updated_at"": ""2026-01-19 09:03:51"", ""season_id"": ""22025"", ""is_active"": 1, ""roster_updated_at"": null}"
1631099,"{""player_id"": ""1631099"", ""name"": ""Keegan Murray"", ""team"": ""SAC"", ""position"": ""UNK"", ""status"": ""ACTIVE"", ""base_ppg"": 14.7, ""usg_pct"": 0.2, ""archetype"": ""GENERALIST"", ""updated_at"": ""2026-01-19 09:03:51"", ""season_id"": ""22025"", ""is_active"": 0, ""roster_updated_at"": null}","{""player_id"": ""1631099"", ""name"": ""Keegan Murray"", ""team"": ""SAC"", ""position"": ""UNK"", ""status"": ""ACTIVE"", ""base_ppg"": 14.7, ""usg_pct"": 0.2, ""archetype"": ""GENERALIST"", ""updated_at"": ""2026-01-19 09:03:51"", ""season_id"": ""22025"", ""is_active"": 1, ""roster_updated_at"": null}"
1631108,"{""player_id"": ""1631108"", ""name"": ""Max Christie"", ""team"": ""DAL"", ""position"": ""UNK"", ""status"": ""ACTIVE"", ""base_ppg"": 11.8, ""usg_pct"": 0.2, ""archetype"": ""GENERALIST"", ""updated_at"": ""2026-01-19 09:03:51"", ""season_id"": ""22025"", ""is_active"": 0, ""roster_updated_at"": null}","{""player_id"": ""1631108"", ""name"": ""Max Christie"", ""team"": ""DAL"", ""position"": ""UNK"", ""status"": ""ACTIVE"", ""base_ppg"": 11.8, ""usg_pct"": 0.2, ""archetype"": ""GENERALIST"", ""updated_at"": ""2026-01-19 09:03:51"", ""season_id"": ""22025"", ""is_active"": 1, ""roster_updated_at"": null}"
1631133,"{""player_id"": ""1631133"", ""name"": ""Jabari Walker"", ""team"": ""PHI"", ""position"": ""UNK"", ""status"": ""ACTIVE"", ""base_ppg"": 4.3, ""usg_pct"": 0.2, ""archetype"": ""GENERALIST"", ""updated_at"": ""2026-01-19 09:03:51"", ""season_id"": ""22025"", ""is_active"": 0, ""roster_updated_at"": null}","{""player_id"": ""1631133"", ""name"": ""Jabari Walker"", ""team"": ""PHI"", ""position"": ""UNK"", ""status"": ""ACTIVE"", ""base_ppg"": 4.3, ""usg_pct"": 0.2, ""archetype"": ""GENERALIST"", ""updated_at"": ""2026-01-19 09:03:51"", ""season_id"": ""22025"", ""is_active"": 1, ""roster_updated_at"": null}"
1631165,"{""player_id"": ""1631165"", ""name"": ""Keon Ellis"", ""team"": ""SAC"", ""position"": ""UNK"", ""status"": ""ACTIVE"", ""base_ppg"": 5.3, ""usg_pct"": 0.2, ""archetype"": ""GENERALIST"", ""updated_at"": ""2026-01-19 09:03:51"", ""season_id"": ""22025"", ""is_active"": 0, ""roster_updated_at"": null}","{""player_id"": ""1631165"", ""name"": ""Keon Ellis"", ""team"": ""SAC"", ""position"": ""UNK"", ""status"": ""ACTIVE"", ""base_ppg"": 5.3, ""usg_pct"": 0.2, ""archetype"": ""GENERALIST"", ""updated_at"": ""2026-01-19 09:03:51"", ""season_id"": ""22025"", ""is_active"": 1, ""roster_updated_at"": null}"
1631200,"{""player_id"": ""1631200"", ""name"": ""Kris Murray"", ""team"": ""POR"", ""position"": ""UNK"", ""status"": ""ACTIVE"", ""base_ppg"": 6.0, ""usg_pct"": 0.2, ""archetype"": ""GENERALIST"", ""updated_at"": ""2026-01-19 09:03:51"", ""season_id"": ""22025"", ""is_active"": 0, ""roster_updated_at"": null}","{""player_id"": ""1631200"", ""name"": ""Kris Murray"", ""team"": ""POR"", ""position"": ""UNK"", ""status"": ""ACTIVE"", ""base_ppg"": 6.0, ""usg_pct"": 0.2, ""archetype"": ""GENERALIST"", ""updated_at"": ""2026-01-19 09:03:51"", ""season_id"": ""22025"", ""is_active"": 1, ""roster_updated_at"": null}"
1631204,"{""player_id"": ""1631204"", ""name"": ""Marcus Sasser"", ""team"": ""DET"", ""position"": ""UNK"", ""status"": ""ACTIVE"", ""base_ppg"": 5.2, ""usg_pct"": 0.2, ""archetype"": ""GENERALIST"", ""updated_at"": ""2026-01-19 09:03:51"", ""season_id"": ""22025"", ""is_active"": 0, ""roster_updated_at"": null}","{""player_id"": ""1631204"", ""name"": ""Marcus Sasser"", ""team"": ""DET"", ""position"": ""UNK"", ""status"": ""ACTIVE"", ""base_ppg"": 5.2, ""usg_pct"": 0.2, ""archetype"": ""GENERALIST"", ""updated_at"": ""2026-01-19 09:03:51"", ""season_id"": ""22025"", ""is_active"": 1, ""roster_updated_at"": null}"
1631212,"{""player_id"": ""1631212"", ""name"": ""Peyton Watson"", ""team"": ""DEN"", ""position"": ""UNK"", ""status"": ""ACTIVE"", ""base_ppg"": 11.2, ""usg_pct"": 0.2, ""archetype"": ""GENERALIST"", ""updated_at"": ""2026-01-19 09:03:51"", ""season_id"": ""22025"", ""is_active"": 0, ""roster_updated_at"": null}","{""player_id"": ""1631212"", ""name"": ""Peyton Watson"", ""team"": ""DEN"", ""position"": ""UNK"", ""status"": ""ACTIVE"", ""base_ppg"": 11.2, ""usg_pct"": 0.2, ""archetype"": ""GENERALIST"", ""updated_at"": ""2026-01-19 09:03:51"", ""season_id"": ""22025"", ""is_active"": 1, ""roster_updated_at"": null}"
1631260,"{""player_id"": ""1631260"", ""name"": ""AJ Green"", ""team"": ""MIL"", ""position"": ""UNK"", ""status"": ""ACTIVE"", ""base_ppg"": 10.4, ""usg_pct"": 0.2, ""archetype"": ""SNIPER"", ""updated_at"": ""2026-01-19 09:03:51"", ""season_id"": ""22025"", ""is_active"": 0, ""roster_updated_at"": null}","{""player_id"": ""1631260"", ""name"": ""AJ Green"", ""team"": ""MIL"", ""position"": ""UNK"", ""status"": ""ACTIVE"", ""base_ppg"": 10.4, ""usg_pct"": 0.2, ""archetype"": ""SNIPER"", ""updated_at"": ""2026-01-19 09:03:51"", ""season_id"": ""22025"", ""is_active"": 1, ""roster_updated_at"": null}"
1631323,"{""player_id"": ""1631323"", ""name"": ""Simone Fontecchio"", ""team"": ""MIA"", ""position"": ""UNK"", ""status"": ""ACTIVE"", ""base_ppg"": 8.9, ""usg_pct"": 0.2, ""archetype"": ""GENERALIST"", ""updated_at"": ""2026-01-19 09:03:51"", ""season_id"": ""22025"", ""is_active"": 0, ""roster_updated_at"": null}","{""player_id"": ""1631323"", ""name"": ""Simone Fontecchio"", ""team"": ""MIA"", ""position"": ""UNK"", ""status"": ""ACTIVE"", ""base_ppg"": 8.9, ""usg_pct"": 0.2, ""archetype"": ""GENERALIST"", ""updated_at"": ""2026-01-19 09:03:51"", ""season_id"": ""22025"", ""is_active"": 1, ""roster_updated_at"": null}"
1641707,"{""player_id"": ""1641707"", ""name"": ""Taylor Hendricks"", ""team"": ""UTA"", ""position"": ""UNK"", ""status"": ""ACTIVE"", ""base_ppg"": 5.6, ""usg_pct"": 0.2, ""archetype"": ""GENERALIST"", ""updated_at"": ""2026-01-19 09:03:51"", ""season_id"": ""22025"", ""is_active"": 0, ""roster_updated_at"": null}","{""player_id"": ""1641707"", ""name"": ""Taylor Hendricks"", ""team"": ""UTA"", ""position"": ""UNK"", ""status"": ""ACTIVE"", ""base_ppg"": 5.6, ""usg_pct"": 0.2, ""archetype"": ""GENERALIST"", ""updated_at"": ""2026-01-19 09:03:51"", ""season_id"": ""22025"", ""is_active"": 1, ""roster_updated_at"": null}"
1641708,"{""player_id"": ""1641708"", ""name"": ""Amen Thompson"", ""team"": ""HOU"", ""position"": ""UNK"", ""status"": ""ACTIVE"", ""base_ppg"": 17.8, ""usg_pct"": 0.2, ""archetype"": ""GENERALIST"", ""updated_at"": ""2026-01-19 09:03:51"", ""season_id"": ""22025"", ""is_active"": 0, ""roster_updated_at"": null}","{""player_id"": ""1641708"", ""name"": ""Amen Thompson"", ""team"": ""HOU"", ""position"": ""UNK"", ""status"": ""ACTIVE"", ""base_ppg"": 17.8, ""usg_pct"": 0.2, ""archetype"": ""GENERALIST"", ""updated_at"": ""2026-01-19 09:03:51"", ""season_id"": ""22025"", ""is_active"": 1, ""roster_updated_at"": null}"
1641718,"{""player_id"": ""1641718"", ""name"": ""Keyonte George"", ""team"": ""UTA"", ""position"": ""UNK"", ""status"": ""ACTIVE"", ""base_ppg"": 24.6, ""usg_pct"": 0.2, ""archetype"": ""BALL_HOG"", ""updated_at"": ""2026-01-19 09:03:51"", ""season_id"": ""22025"", ""is_active"": 0, ""roster_updated_at"": null}","{""player_id"": ""1641718"", ""name"": ""Keyonte George"", ""team"": ""UTA"", ""position"": ""UNK"", ""status"": ""ACTIVE"", ""base_ppg"": 24.6, ""usg_pct"": 0.2, ""archetype"": ""BALL_HOG"", ""updated_at"": ""2026-01-19 09:03:51"", ""season_id"": ""22025"", ""is_active"": 1, ""roster_updated_at"": null}"
1641731,"{""player_id"": ""1641731"", ""name"": ""Bilal Coulibaly"", ""team"": ""WAS"", ""position"": ""UNK"", ""status"": ""ACTIVE"", ""base_ppg"": 10.1, ""usg_pct"": 0.2, ""archetype"": ""GENERALIST"", ""updated_at"": ""2026-01-19 09:03:51"", ""season_id"": ""22025"", ""is_active"": 0, ""roster_updated_at"": null}","{""player_id"": ""1641731"", ""name"": ""Bilal Coulibaly"", ""team"": ""WAS"", ""position"": ""UNK"", ""status"": ""ACTIVE"", ""base_ppg"": 10.1, ""usg_pct"": 0.2, ""archetype"": ""GENERALIST"", ""updated_at"": ""2026-01-19 09:03:51"", ""season_id"": ""22025"", ""is_active"": 1, ""roster_updated_at"": null}"
1641733,"{""player_id"": ""1641733"", ""name"": ""Nick Smith Jr."", ""team"": ""LAL"", ""position"": ""UNK"", ""status"": ""ACTIVE"", ""base_ppg"": 8.2, ""usg_pct"": 0.2, ""archetype"": ""GENERALIST"", ""updated_at"": ""2026-01-19 09:03:51"", ""season_id"": ""22025"", ""is_active"": 0, ""roster_updated_at"": null}","{""player_id"": ""1641733"", ""name"": ""Nick Smith Jr."", ""team"": ""LAL"", ""position"": ""UNK"", ""status"": ""ACTIVE"", ""base_ppg"": 8.2, ""usg_pct"": 0.2, ""archetype"": ""GENERALIST"", ""updated_at"": ""2026-01-19 09:03:51"", ""season_id"": ""22025"", ""is_active"": 1, ""roster_updated_at"": null}"
1641739,"{""player_id"": ""1641739"", ""name"": ""Toumani Camara"", ""team"": ""POR"", ""position"": ""UNK"", ""status"": ""ACTIVE"", ""base_ppg"": 12.5, ""usg_pct"": 0.2, ""archetype"": ""GENERALIST"", ""updated_at"": ""2026-01-19 09:03:51"", ""season_id"": ""22025"", ""is_active"": 0, ""roster_updated_at"": null}","{""player_id"": ""1641739"", ""name"": ""Toumani Camara"", ""team"": ""POR"", ""position"": ""UNK"", ""status"": ""ACTIVE"", ""base_ppg"": 12.5, ""usg_pct"": 0.2, ""archetype"": ""GENERALIST"", ""updated_at"": ""2026-01-19 09:03:51"", ""season_id"": ""22025"", ""is_active"": 1, ""roster_updated_at"": null}"
1641757,"{""player_id"": ""1641757"", ""name"": ""Jordan Miller"", ""team"": ""LAC"", ""position"": ""UNK"", ""status"": ""ACTIVE"", ""base_ppg"": 5.5, ""usg_pct"": 0.2, ""archetype"": ""GENERALIST"", ""updated_at"": ""2026-01-19 09:03:51"", ""season_id"": ""22025"", ""is_active"": 0, ""roster_updated_at"": null}","{""player_id"": ""1641757"", ""name"": ""Jordan Miller"", ""team"": ""LAC"", ""position"": ""UNK"", ""status"": ""ACTIVE"", ""base_ppg"": 5.5, ""usg_pct"": 0.2, ""archetype"": ""GENERALIST"", ""updated_at"": ""2026-01-19 09:03:51"", ""season_id"": ""22025"", ""is_active"": 1, ""roster_updated_at"": null}"
1641763,"{""player_id"": ""1641763"", ""name"": ""Julian Phillips"", ""team"": ""CHI"", ""position"": ""UNK"", ""status"": ""ACTIVE"", ""base_ppg"": 2.8, ""usg_pct"": 0.2, ""archetype"": ""GENERALIST"", ""updated_at"": ""2026-01-19 09:03:51"", ""season_id"": ""22025"", ""is_active"": 0, ""roster_updated_at"": null}","{""player_id"": ""1641763"", ""name"": ""Julian Phillips"", ""team"": ""CHI"", ""position"": ""UNK"", ""status"": ""ACTIVE"", ""base_ppg"": 2.8, ""usg_pct"": 0.2, ""archetype"": ""GENERALIST"", ""updated_at"": ""2026-01-19 09:03:51"", ""season_id"": ""22025"", ""is_active"": 1, ""roster_updated_at"": null}"
1641767,"{""player_id"": ""1641767"", ""name"": ""Ben Sheppard"", ""team"": ""IND"", ""position"": ""UNK"", ""status"": ""ACTIVE"", ""base_ppg"": 6.7, ""usg_pct"": 0.2, ""archetype"": ""GENERALIST"", ""updated_at"": ""2026-01-19 09:03:51"", ""season_id"": ""22025"", ""is_active"": 0, ""roster_updated_at"": null}","{""player_id"": ""1641767"", ""name"": ""Ben Sheppard"", ""team"": ""IND"", ""position"": ""UNK"", ""status"": ""ACTIVE"", ""base_ppg"": 6.7, ""usg_pct"": 0.2, ""archetype"": ""GENERALIST"", ""updated_at"": ""2026-01-19 09:03:51"", ""season_id"": ""22025"", ""is_active"": 1, ""roster_updated_at"": null}"
1641772,"{""player_id"": ""1641772"", ""name"": ""Nae'Qwan Tomlin"", ""team"": ""CLE"", ""position"": ""UNK"", ""status"": ""ACTIVE"", ""base_ppg"": 6.3, ""usg_pct"": 0.2, ""archetype"": ""GENERALIST"", ""updated_at"": ""2026-01-19 09:03:51"", ""season_id"": ""22025"", ""is_active"": 0, ""roster_updated_at"": null}","{""player_id"": ""1641772"", ""name"": ""Nae'Qwan Tomlin"", ""team"": ""CLE"", ""position"": ""UNK"", ""status"": ""ACTIVE"", ""base_ppg"": 6.3, ""usg_pct"": 0.2, ""archetype"": ""GENERALIST"", ""updated_at"": ""2026-01-19 09:03:51"", ""season_id"": ""22025"", ""is_active"": 1, ""roster_updated_at"": null}"
1641790,"{""player_id"": ""1641790"", ""name"": ""PJ Hall"", ""team"": ""CHA"", ""position"": ""UNK"", ""status"": ""ACTIVE"", ""base_ppg"": 3.2, ""usg_pct"": 0.2, ""archetype"": ""GENERALIST"", ""updated_at"": ""2026-01-19 09:03:51"", ""season_id"": ""22025"", ""is_active"": 0, ""roster_updated_at"": null}","{""player_id"": ""1641790"", ""name"": ""PJ Hall"", ""team"": ""CHA"", ""position"": ""UNK"", ""status"": ""ACTIVE"", ""base_ppg"": 3.2, ""usg_pct"": 0.2, ""archetype"": ""GENERALIST"", ""updated_at"": ""2026-01-19 09:03:51"", ""season_id"": ""22025"", ""is_active"": 1, ""roster_updated_at"": null}"
1642066,"{""player_id"": ""1642066"", ""name"": ""Myron Gardner"", ""team"": ""MIA"", ""position"": ""UNK"", ""status"": ""ACTIVE"", ""base_ppg"": 1.4, ""usg_pct"": 0.2, ""archetype"": ""GENERALIST"", ""updated_at"": ""2026-01-19 09:03:51"", ""season_id"": ""22025"", ""is_active"": 0, ""roster_updated_at"": null}","{""player_id"": ""1642066"", ""name"": ""Myron Gardner"", ""team"": ""MIA"", ""position"": ""UNK"", ""status"": ""ACTIVE"", ""base_ppg"": 1.4, ""usg_pct"": 0.2, ""archetype"": ""GENERALIST"", ""updated_at"": ""2026-01-19 09:03:51"", ""season_id"": ""22025"", ""is_active"": 1, ""roster_updated_at"": null}"
1642258,"{""player_id"": ""1642258"", ""name"": ""Zaccharie Risacher"", ""team"": ""ATL"", ""position"": ""UNK"", ""status"": ""ACTIVE"", ""base_ppg"": 10.7, ""usg_pct"": 0.2, ""archetype"": ""GENERALIST"", ""updated_at"": ""2026-01-19 09:03:51"", ""season_id"": ""22025"", ""is_active"": 0, ""roster_updated_at"": null}","{""player_id"": ""1642258"", ""name"": ""Zaccharie Risacher"", ""team"": ""ATL"", ""position"": ""UNK"", ""status"": ""ACTIVE"", ""base_ppg"": 10.7, ""usg_pct"": 0.2, ""archetype"": ""GENERALIST"", ""updated_at"": ""2026-01-19 09:03:51"", ""season_id"": ""22025"", ""is_active"": 1, ""roster_updated_at"": null}"
1642262,"{""player_id"": ""1642262"", ""name"": ""Cody Williams"", ""team"": ""UTA"", ""position"": ""UNK"", ""status"": ""ACTIVE"", ""base_ppg"": 2.8, ""usg_pct"": 0.2, ""archetype"": ""GENERALIST"", ""updated_at"": ""2026-01-19 09:03:51"", ""season_id"": ""22025"", ""is_active"": 0, ""roster_updated_at"": null}","{""player_id"": ""1642262"", ""name"": ""Cody Williams"", ""team"": ""UTA"", ""position"": ""UNK"", ""status"": ""ACTIVE"", ""base_ppg"": 2.8, ""usg_pct"": 0.2, ""archetype"": ""GENERALIST"", ""updated_at"": ""2026-01-19 09:03:51"", ""season_id"": ""22025"", ""is_active"": 1, ""roster_updated_at"": null}"
1642263,"{""player_id"": ""1642263"", ""name"": ""Reed Sheppard"", ""team"": ""HOU"", ""position"": ""UNK"", ""status"": ""ACTIVE"", ""base_ppg"": 13.4, ""usg_pct"": 0.2, ""archetype"": ""TWO_WAY_WING"", ""updated_at"": ""2026-01-19 09:03:51"", ""season_id"": ""22025"", ""is_active"": 0, ""roster_updated_at"": null}","{""player_id"": ""1642263"", ""name"": ""Reed Sheppard"", ""team"": ""HOU"", ""position"": ""UNK"", ""status"": ""ACTIVE"", ""base_ppg"": 13.4, ""usg_pct"": 0.2, ""archetype"": ""TWO_WAY_WING"", ""updated_at"": ""2026-01-19 09:03:51"", ""season_id"": ""22025"", ""is_active"": 1, ""roster_updated_at"": null}"
1642276,"{""player_id"": ""1642276"", ""name"": ""Kel'el Ware"", ""team"": ""MIA"", ""position"": ""UNK"", ""status"": ""ACTIVE"", ""base_ppg"": 12.6, ""usg_pct"": 0.2, ""archetype"": ""GENERALIST"", ""updated_at"": ""2026-01-19 09:03:51"", ""season_id"": ""22025"", ""is_active"": 0, ""roster_updated_at"": null}","{""player_id"": ""1642276"", ""name"": ""Kel'el Ware"", ""team"": ""MIA"", ""position"": ""UNK"", ""status"": ""ACTIVE"", ""base_ppg"": 12.6, ""usg_pct"": 0.2, ""archetype"": ""GENERALIST"", ""updated_at"": ""2026-01-19 09:03:51"", ""season_id"": ""22025"", ""is_active"": 1, ""roster_updated_at"": null}"
1642277,"{""player_id"": ""1642277"", ""name"": ""Johnny Furphy"", ""team"": ""IND"", ""position"": ""UNK"", ""status"": ""ACTIVE"", ""base_ppg"": 4.5, ""usg_pct"": 0.2, ""archetype"": ""GENERALIST"", ""updated_at"": ""2026-01-19 09:03:51"", ""season_id"": ""22025"", ""is_active"": 0, ""roster_updated_at"": null}","{""player_id"": ""1642277"", ""name"": ""Johnny Furphy"", ""team"": ""IND"", ""position"": ""UNK"", ""status"": ""ACTIVE"", ""base_ppg"": 4.5, ""usg_pct"": 0.2, ""archetype"": ""GENERALIST"", ""updated_at"": ""2026-01-19 09:03:51"", ""season_id"": ""22025"", ""is_active"": 1, ""roster_updated_at"": null}"
1642281,"{""player_id"": ""1642281"", ""name"": ""Jaylon Tyson"", ""team"": ""CLE"", ""position"": ""UNK"", ""status"": ""ACTIVE"", ""base_ppg"": 13.5, ""usg_pct"": 0.2, ""archetype"": ""GENERALIST"", ""updated_at"": ""2026-01-19 09:03:51"", ""season_id"": ""22025"", ""is_active"": 0, ""roster_updated_at"": null}","{""player_id"": ""1642281"", ""name"": ""Jaylon Tyson"", ""team"": ""CLE"", ""position"": ""UNK"", ""status"": ""ACTIVE"", ""base_ppg"": 13.5, ""usg_pct"": 0.2, ""archetype"": ""GENERALIST"", ""updated_at"": ""2026-01-19 09:03:51"", ""season_id"": ""22025"", ""is_active"": 1, ""roster_updated_at"": null}"
1642353,"{""player_id"": ""1642353"", ""name"": ""Cam Christie"", ""team"": ""LAC"", ""position"": ""UNK"", ""status"": ""ACTIVE"", ""base_ppg"": 3.7, ""usg_pct"": 0.2, ""archetype"": ""GENERALIST"", ""updated_at"": ""2026-01-19 09:03:51"", ""season_id"": ""22025"", ""is_active"": 0, ""roster_updated_at"": null}","{""player_id"": ""1642353"", ""name"": ""Cam Christie"", ""team"": ""LAC"", ""position"": ""UNK"", ""status"": ""ACTIVE"", ""base_ppg"": 3.7, ""usg_pct"": 0.2, ""archetype"": ""GENERALIST"", ""updated_at"": ""2026-01-19 09:03:51"", ""season_id"": ""22025"", ""is_active"": 1, ""roster_updated_at"": null}"
1642382,"{""player_id"": ""1642382"", ""name"": ""Branden Carlson"", ""team"": ""OKC"", ""position"": ""UNK"", ""status"": ""ACTIVE"", ""base_ppg"": 5.2, ""usg_pct"": 0.2, ""archetype"": ""GENERALIST"", ""updated_at"": ""2026-01-19 09:03:51"", ""season_id"": ""22025"", ""is_active"": 0, ""roster_updated_at"": null}","{""player_id"": ""1642382"", ""name"": ""Branden Carlson"", ""team"": ""OKC"", ""position"": ""UNK"", ""status"": ""ACTIVE"", ""base_ppg"": 5.2, ""usg_pct"": 0.2, ""archetype"": ""GENERALIST"", ""updated_at"": ""2026-01-19 09:03:51"", ""season_id"": ""22025"", ""is_active"": 1, ""roster_updated_at"": null}"
1642383,"{""player_id"": ""1642383"", ""name"": ""Walter Clayton Jr."", ""team"": ""UTA"", ""position"": ""UNK"", ""status"": ""ACTIVE"", ""base_ppg"": 6.5, ""usg_pct"": 0.2, ""archetype"": ""GENERALIST"", ""updated_at"": ""2026-01-19 09:03:51"", ""season_id"": ""22025"", ""is_active"": 0, ""roster_updated_at"": null}","{""player_id"": ""1642383"", ""name"": ""Walter Clayton Jr."", ""team"": ""UTA"", ""position"": ""UNK"", ""status"": ""ACTIVE"", ""base_ppg"": 6.5, ""usg_pct"": 0.2, ""archetype"": ""GENERALIST"", ""updated_at"": ""2026-01-19 09:03:51"", ""season_id"": ""22025"", ""is_active"": 1, ""roster_updated_at"": null}"
1642450,"{""player_id"": ""1642450"", ""name"": ""Daniss Jenkins"", ""team"": ""DET"", ""position"": ""UNK"", ""status"": ""ACTIVE"", ""base_ppg"": 7.0, ""usg_pct"": 0.2, ""archetype"": ""GENERALIST"", ""updated_at"": ""2026-01-19 09:03:51"", ""season_id"": ""22025"", ""is_active"": 0, ""roster_updated_at"": null}","{""player_id"": ""1642450"", ""name"": ""Daniss Jenkins"", ""team"": ""DET"", ""position"": ""UNK"", ""status"": ""ACTIVE"", ""base_ppg"": 7.0, ""usg_pct"": 0.2, ""archetype"": ""GENERALIST"", ""updated_at"": ""2026-01-19 09:03:51"", ""season_id"": ""22025"", ""is_active"": 1, ""roster_updated_at"": null}"
1642845,"{""player_id"": ""1642845"", ""name"": ""VJ Edgecombe"", ""team"": ""PHI"", ""position"": ""UNK"", ""status"": ""ACTIVE"", ""base_ppg"": 15.9, ""usg_pct"": 0.2, ""archetype"": ""GENERALIST"", ""updated_at"": ""2026-01-19 09:03:51"", ""season_id"": ""22025"", ""is_active"": 0, ""roster_updated_at"": null}","{""player_id"": ""1642845"", ""name"": ""VJ Edgecombe"", ""team"": ""PHI"", ""position"": ""UNK"", ""status"": ""ACTIVE"", ""base_ppg"": 15.9, ""usg_pct"": 0.2, ""archetype"": ""GENERALIST"", ""updated_at"": ""2026-01-19 09:03:51"", ""season_id"": ""22025"", ""is_active"": 1, ""roster_updated_at"": null}"
1642849,"{""player_id"": ""1642849"", ""name"": ""Nolan Traore"", ""team"": ""BKN"", ""position"": ""UNK"", ""status"": ""ACTIVE"", ""base_ppg"": 3.3, ""usg_pct"": 0.2, ""archetype"": ""GENERALIST"", ""updated_at"": ""2026-01-19 09:03:51"", ""season_id"": ""22025"", ""is_active"": 0, ""roster_updated_at"": null}","{""player_id"": ""1642849"", ""name"": ""Nolan Traore"", ""team"": ""BKN"", ""position"": ""UNK"", ""status"": ""ACTIVE"", ""base_ppg"": 3.3, ""usg_pct"": 0.2, ""archetype"": ""GENERALIST"", ""updated_at"": ""2026-01-19 09:03:51"", ""season_id"": ""22025"", ""is_active"": 1, ""roster_updated_at"": null}"
1642851,"{""player_id"": ""1642851"", ""name"": ""Kon Knueppel"", ""team"": ""CHA"", ""position"": ""UNK"", ""status"": ""ACTIVE"", ""base_ppg"": 19.3, ""usg_pct"": 0.2, ""archetype"": ""GENERALIST"", ""updated_at"": ""2026-01-19 09:03:51"", ""season_id"": ""22025"", ""is_active"": 0, ""roster_updated_at"": null}","{""player_id"": ""1642851"", ""name"": ""Kon Knueppel"", ""team"": ""CHA"", ""position"": ""UNK"", ""status"": ""ACTIVE"", ""base_ppg"": 19.3, ""usg_pct"": 0.2, ""archetype"": ""GENERALIST"", ""updated_at"": ""2026-01-19 09:03:51"", ""season_id"": ""22025"", ""is_active"": 1, ""roster_updated_at"": null}"
1642854,"{""player_id"": ""1642854"", ""name"": ""Asa Newell"", ""team"": ""ATL"", ""position"": ""UNK"", ""status"": ""ACTIVE"", ""base_ppg"": 5.7, ""usg_pct"": 0.2, ""archetype"": ""GENERALIST"", ""updated_at"": ""2026-01-19 09:03:51"", ""season_id"": ""22025"", ""is_active"": 0, ""roster_updated_at"": null}","{""player_id"": ""1642854"", ""name"": ""Asa Newell"", ""team"": ""ATL"", ""position"": ""UNK"", ""status"": ""ACTIVE"", ""base_ppg"": 5.7, ""usg_pct"": 0.2, ""archetype"": ""GENERALIST"", ""updated_at"": ""2026-01-19 09:03:51"", ""season_id"": ""22025"", ""is_active"": 1, ""roster_updated_at"": null}"
1642880,"{""player_id"": ""1642880"", ""name"": ""Kam Jones"", ""team"": ""IND"", ""position"": ""UNK"", ""status"": ""ACTIVE"", ""base_ppg"": 3.0, ""usg_pct"": 0.2, ""archetype"": ""GENERALIST"", ""updated_at"": ""2026-01-19 09:03:51"", ""season_id"": ""22025"", ""is_active"": 0, ""roster_updated_at"": null}","{""player_id"": ""1642880"", ""name"": ""Kam Jones"", ""team"": ""IND"", ""position"": ""UNK"", ""status"": ""ACTIVE"", ""base_ppg"": 3.0, ""usg_pct"": 0.2, ""archetype"": ""GENERALIST"", ""updated_at"": ""2026-01-19 09:03:51"", ""season_id"": ""22025"", ""is_active"": 1, ""roster_updated_at"": null}"
1642905,"{""player_id"": ""1642905"", ""name"": ""Yang Hansen"", ""team"": ""POR"", ""position"": ""UNK"", ""status"": ""ACTIVE"", ""base_ppg"": 2.6, ""usg_pct"": 0.2, ""archetype"": ""GENERALIST"", ""updated_at"": ""2026-01-19 09:03:51"", ""season_id"": ""22025"", ""is_active"": 0, ""roster_updated_at"": null}","{""player_id"": ""1642905"", ""name"": ""Yang Hansen"", ""team"": ""POR"", ""position"": ""UNK"", ""status"": ""ACTIVE"", ""base_ppg"": 2.6, ""usg_pct"": 0.2, ""archetype"": ""GENERALIST"", ""updated_at"": ""2026-01-19 09:03:51"", ""season_id"": ""22025"", ""is_active"": 1, ""roster_updated_at"": null}"
1642920,"{""player_id"": ""1642920"", ""name"": ""Kobe Sanders"", ""team"": ""LAC"", ""position"": ""UNK"", ""status"": ""ACTIVE"", ""base_ppg"": 6.2, ""usg_pct"": 0.2, ""archetype"": ""GENERALIST"", ""updated_at"": ""2026-01-19 09:03:51"", ""season_id"": ""22025"", ""is_active"": 0, ""roster_updated_at"": null}","{""player_id"": ""1642920"", ""name"": ""Kobe Sanders"", ""team"": ""LAC"", ""position"": ""UNK"", ""status"": ""ACTIVE"", ""base_ppg"": 6.2, ""usg_pct"": 0.2, ""archetype"": ""GENERALIST"", ""updated_at"": ""2026-01-19 09:03:51"", ""season_id"": ""22025"", ""is_active"": 1, ""roster_updated_at"": null}"
1642939,"{""player_id"": ""1642939"", ""name"": ""Miles Kelly"", ""team"": ""DAL"", ""position"": ""UNK"", ""status"": ""ACTIVE"", ""base_ppg"": 1.0, ""usg_pct"": 0.2, ""archetype"": null, ""updated_at"": ""2026-01-19 09:03:51"", ""season_id"": ""22025"", ""is_active"": 0, ""roster_updated_at"": null}","{""player_id"": ""1642939"", ""name"": ""Miles Kelly"", ""team"": ""DAL"", ""position"": ""UNK"", ""status"": ""ACTIVE"", ""base_ppg"": 1.0, ""usg_pct"": 0.2, ""archetype"": null, ""updated_at"": ""2026-01-19 09:03:51"", ""season_id"": ""22025"", ""is_active"": 1, ""roster_updated_at"": null}"
201572,"{""player_id"": ""201572"", ""name"": ""Brook Lopez"", ""team"": ""LAC"", ""position"": ""UNK"", ""status"": ""ACTIVE"", ""base_ppg"": 7.1, ""usg_pct"": 0.2, ""archetype"": ""GENERALIST"", ""updated_at"": ""2026-01-19 09:03:51"", ""season_id"": ""22025"", ""is_active"": 0, ""roster_updated_at"": null}","{""player_id"": ""201572"", ""name"": ""Brook Lopez"", ""team"": ""LAC"", ""position"": ""UNK"", ""status"": ""ACTIVE"", ""base_ppg"": 7.1, ""usg_pct"": 0.2, ""archetype"": ""GENERALIST"", ""updated_at"": ""2026-01-19 09:03:51"", ""season_id"": ""22025"", ""is_active"": 1, ""roster_updated_at"": null}"
201942,"{""player_id"": ""201942"", ""name"": ""DeMar DeRozan"", ""team"": ""SAC"", ""position"": ""UNK"", ""status"": ""ACTIVE"", ""base_ppg"": 18.5, ""usg_pct"": 0.2, ""archetype"": ""GENERALIST"", ""updated_at"": ""2026-01-19 09:03:51"", ""season_id"": ""22025"", ""is_active"": 0, ""roster_updated_at"": null}","{""player_id"": ""201942"", ""name"": ""DeMar DeRozan"", ""team"": ""SAC"", ""position"": ""UNK"", ""status"": ""ACTIVE"", ""base_ppg"": 18.5, ""usg_pct"": 0.2, ""archetype"": ""GENERALIST"", ""updated_at"": ""2026-01-19 09:03:51"", ""season_id"": ""22025"", ""is_active"": 1, ""roster_updated_at"": null}"
202331,"{""player_id"": ""202331"", ""name"": ""Paul George"", ""team"": ""PHI"", ""position"": ""UNK"", ""status"": ""ACTIVE"", ""base_ppg"": 16.1, ""usg_pct"": 0.2, ""archetype"": ""GENERALIST"", ""updated_at"": ""2026-01-19 09:03:51"", ""season_id"": ""22025"", ""is_active"": 0, ""roster_updated_at"": null}","{""player_id"": ""202331"", ""name"": ""Paul George"", ""team"": ""PHI"", ""position"": ""UNK"", ""status"": ""ACTIVE"", ""base_ppg"": 16.1, ""usg_pct"": 0.2, ""archetype"": ""GENERALIST"", ""updated_at"": ""2026-01-19 09:03:51"", ""season_id"": ""22025"", ""is_active"": 1, ""roster_updated_at"": null}"
202691,"{""player_id"": ""202691"", ""name"": ""Klay Thompson"", ""team"": ""DAL"", ""position"": ""UNK"", ""status"": ""ACTIVE"", ""base_ppg"": 11.2, ""usg_pct"": 0.2, ""archetype"": ""GENERALIST"", ""updated_at"": ""2026-01-19 09:03:51"", ""season_id"": ""22025"", ""is_active"": 0, ""roster_updated_at"": null}","{""player_id"": ""202691"", ""name"": ""Klay Thompson"", ""team"": ""DAL"", ""position"": ""UNK"", ""status"": ""ACTIVE"", ""base_ppg"": 11.2, ""usg_pct"": 0.2, ""archetype"": ""GENERALIST"", ""updated_at"": ""2026-01-19 09:03:51"", ""season_id"": ""22025"", ""is_active"": 1, ""roster_updated_at"": null}"
202695,"{""player_id"": ""202695"", ""name"": ""Kawhi Leonard"", ""team"": ""LAC"", ""position"": ""UNK"", ""status"": ""ACTIVE"", ""base_ppg"": 27.8, ""usg_pct"": 0.2, ""archetype"": ""GENERALIST"", ""updated_at"": ""2026-01-19 09:03:51"", ""season_id"": ""22025"", ""is_active"": 0, ""roster_updated_at"": null}","{""player_id"": ""202695"", ""name"": ""Kawhi Leonard"", ""team"": ""LAC"", ""position"": ""UNK"", ""status"": ""ACTIVE"", ""base_ppg"": 27.8, ""usg_pct"": 0.2, ""archetype"": ""GENERALIST"", ""updated_at"": ""2026-01-19 09:03:51"", ""season_id"": ""22025"", ""is_active"": 1, ""roster_updated_at"": null}"
203484,"{""player_id"": ""203484"", ""name"": ""Kentavious Caldwell-Pope"", ""team"": ""MEM"", ""position"": ""UNK"", ""status"": ""ACTIVE"", ""base_ppg"": 8.2, ""usg_pct"": 0.2, ""archetype"": ""GENERALIST"", ""updated_at"": ""2026-01-19 09:03:51"", ""season_id"": ""22025"", ""is_active"": 0, ""roster_updated_at"": null}","{""player_id"": ""203484"", ""name"": ""Kentavious Caldwell-Pope"", ""team"": ""MEM"", ""position"": ""UNK"", ""status"": ""ACTIVE"", ""base_ppg"": 8.2, ""usg_pct"": 0.2, ""archetype"": ""GENERALIST"", ""updated_at"": ""2026-01-19 09:03:51"", ""season_id"": ""22025"", ""is_active"": 1, ""roster_updated_at"": null}"
203497,"{""player_id"": ""203497"", ""name"": ""Rudy Gobert"", ""team"": ""MIN"", ""position"": ""UNK"", ""status"": ""ACTIVE"", ""base_ppg"": 11.0, ""usg_pct"": 0.2, ""archetype"": ""RIM_RUNNER"", ""updated_at"": ""2026-01-19 09:03:51"", ""season_id"": ""22025"", ""is_active"": 0, ""roster_updated_at"": null}","{""player_id"": ""203497"", ""name"": ""Rudy Gobert"", ""team"": ""MIN"", ""position"": ""UNK"", ""status"": ""ACTIVE"", ""base_ppg"": 11.0, ""usg_pct"": 0.2, ""archetype"": ""RIM_RUNNER"", ""updated_at"": ""2026-01-19 09:03:51"", ""season_id"": ""22025"", ""is_active"": 1, ""roster_updated_at"": null}"
203954,"{""player_id"": ""203954"", ""name"": ""Joel Embiid"", ""team"": ""PHI"", ""position"": ""UNK"", ""status"": ""ACTIVE"", ""base_ppg"": 22.6, ""usg_pct"": 0.2, ""archetype"": ""SLASHER"", ""updated_at"": ""2026-01-19 09:03:51"", ""season_id"": ""22025"", ""is_active"": 0, ""roster_updated_at"": null}","{""player_id"": ""203954"", ""name"": ""Joel Embiid"", ""team"": ""PHI"", ""position"": ""UNK"", ""status"": ""ACTIVE"", ""base_ppg"": 22.6, ""usg_pct"": 0.2, ""archetype"": ""SLASHER"", ""updated_at"": ""2026-01-19 09:03:51"", ""season_id"": ""22025"", ""is_active"": 1, ""roster_updated_at"": null}"
204456,"{""player_id"": ""204456"", ""name"": ""T.J. McConnell"", ""team"": ""IND"", ""position"": ""UNK"", ""status"": ""ACTIVE"", ""base_ppg"": 9.5, ""usg_pct"": 0.2, ""archetype"": ""GENERALIST"", ""updated_at"": ""2026-01-19 09:03:51"", ""season_id"": ""22025"", ""is_active"": 0, ""roster_updated_at"": null}","{""player_id"": ""204456"", ""name"": ""T.J. McConnell"", ""team"": ""IND"", ""position"": ""UNK"", ""status"": ""ACTIVE"", ""base_ppg"": 9.5, ""usg_pct"": 0.2, ""archetype"": ""GENERALIST"", ""updated_at"": ""2026-01-19 09:03:51"", ""season_id"": ""22025"", ""is_active"": 1, ""roster_updated_at"": null}"
2544,"{""player_id"": ""2544"", ""name"": ""LeBron James"", ""team"": ""LAL"", ""position"": ""UNK"", ""status"": ""ACTIVE"", ""base_ppg"": 20.3, ""usg_pct"": 0.2, ""archetype"": ""BALL_HOG"", ""updated_at"": ""2026-01-19 09:03:51"", ""season_id"": ""22025"", ""is_active"": 0, ""roster_updated_at"": null}","{""player_id"": ""2544"", ""name"": ""LeBron James"", ""team"": ""LAL"", ""position"": ""UNK"", ""status"": ""ACTIVE"", ""base_ppg"": 20.3, ""usg_pct"": 0.2, ""archetype"": ""BALL_HOG"", ""updated_at"": ""2026-01-19 09:03:51"", ""season_id"": ""22025"", ""is_active"": 1, ""roster_updated_at"": null}"
28018735349,"{""player_id"": ""28018735349"", ""name"": ""Steven Adams"", ""team"": ""HOU"", ""position"": ""C"", ""status"": ""ACTIVE"", ""base_ppg"": 5.4, ""usg_pct"": 0.2, ""archetype"": null, ""updated_at"": ""2026-01-20 01:19:46"", ""season_id"": ""22025"", ""is_active"": 0, ""roster_updated_at"": null}","{""player_id"": ""28018735349"", ""name"": ""Steven Adams"", ""team"": ""HOU"", ""position"": ""C"", ""status"": ""ACTIVE"", ""base_ppg"": 5.4, ""usg_pct"": 0.2, ""archetype"": null, ""updated_at"": ""2026-01-20 01:19:46"", ""season_id"": ""22025"", ""is_active"": 1, ""roster_updated_at"": null}"
28026396452,"{""player_id"": ""28026396452"", ""name"": ""Garrett Temple"", ""team"": ""TOR"", ""position"": ""F"", ""status"": ""ACTIVE"", ""base_ppg"": 0.0, ""usg_pct"": 0.2, ""archetype"": null, ""updated_at"": ""2026-01-20 01:19:46"", ""season_id"": ""22025"", ""is_active"": 0, ""roster_updated_at"": null}","{""player_id"": ""28026396452"", ""name"": ""Garrett Temple"", ""team"": ""TOR"", ""position"": ""F"", ""status"": ""ACTIVE"", ""base_ppg"": 0.0, ""usg_pct"": 0.2, ""archetype"": null, ""updated_at"": ""2026-01-20 01:19:46"", ""season_id"": ""22025"", ""is_active"": 1, ""roster_updated_at"": null}"
28036327222,"{""player_id"": ""28036327222"", ""name"": ""Kyle Lowry"", ""team"": ""PHI"", ""position"": ""G"", ""status"": ""ACTIVE"", ""base_ppg"": 0.0, ""usg_pct"": 0.2, ""archetype"": null, ""updated_at"": ""2026-01-20 01:19:46"", ""season_id"": ""22025"", ""is_active"": 0, ""roster_updated_at"": null}","{""player_id"": ""28036327222"", ""name"": ""Kyle Lowry"", ""team"": ""PHI"", ""position"": ""G"", ""status"": ""ACTIVE"", ""base_ppg"": 0.0, ""usg_pct"": 0.2, ""archetype"": null, ""updated_at"": ""2026-01-20 01:19:46"", ""season_id"": ""22025"", ""is_active"": 1, ""roster_updated_at"": null}"
28038983399,"{""player_id"": ""28038983399"", ""name"": ""Gary Payton II"", ""team"": ""GS"", ""position"": ""UNK"", ""status"": ""ACTIVE"", ""base_ppg"": 7.1, ""usg_pct"": 0.2, ""archetype"": ""GENERALIST"", ""updated_at"": ""2026-01-19 09:03:51"", ""season_id"": ""22025"", ""is_active"": 0, ""roster_updated_at"": null}","{""player_id"": ""28038983399"", ""name"": ""Gary Payton II"", ""team"": ""GS"", ""position"": ""UNK"", ""status"": ""ACTIVE"", ""base_ppg"": 7.1, ""usg_pct"": 0.2, ""archetype"": ""GENERALIST"", ""updated_at"": ""2026-01-19 09:03:51"", ""season_id"": ""22025"", ""is_active"": 1, ""roster_updated_at"": null}"
28038998249,"{""player_id"": ""28038998249"", ""name"": ""Buddy Hield"", ""team"": ""GS"", ""position"": ""UNK"", ""status"": ""ACTIVE"", ""base_ppg"": 6.8, ""usg_pct"": 0.2, ""archetype"": null, ""updated_at"": ""2026-01-19 09:03:51"", ""season_id"": ""22025"", ""is_active"": 0, ""roster_updated_at"": null}","{""player_id"": ""28038998249"", ""name"": ""Buddy Hield"", ""team"": ""GS"", ""position"": ""UNK"", ""status"": ""ACTIVE"", ""base_ppg"": 6.8, ""usg_pct"": 0.2, ""archetype"": null, ""updated_at"": ""2026-01-19 09:03:51"", ""season_id"": ""22025"", ""is_active"": 1, ""roster_updated_at"": null}"
28046691632,"{""player_id"": ""28046691632"", ""name"": ""Stephen Curry"", ""team"": ""GS"", ""position"": ""UNK"", ""status"": ""ACTIVE"", ""base_ppg"": 24.4, ""usg_pct"": 0.2, ""archetype"": ""GENERALIST"", ""updated_at"": ""2026-01-19 09:03:51"", ""season_id"": ""22025"", ""is_active"": 0, ""roster_updated_at"": null}","{""player_id"": ""28046691632"", ""name"": ""Stephen Curry"", ""team"": ""GS"", ""position"": ""UNK"", ""status"": ""ACTIVE"", ""base_ppg"": 24.4, ""usg_pct"": 0.2, ""archetype"": ""GENERALIST"", ""updated_at"": ""2026-01-19 09:03:51"", ""season_id"": ""22025"", ""is_active"": 1, ""roster_updated_at"": null}"
28048167429,"{""player_id"": ""28048167429"", ""name"": ""Bobby Portis"", ""team"": ""MIL"", ""position"": ""F"", ""status"": ""ACTIVE"", ""base_ppg"": 12.4, ""usg_pct"": 0.2, ""archetype"": ""STRETCH_BIG"", ""updated_at"": ""2026-01-20 01:19:46"", ""season_id"": ""22025"", ""is_active"": 0, ""roster_updated_at"": null}","{""player_id"": ""28048167429"", ""name"": ""Bobby Portis"", ""team"": ""MIL"", ""position"": ""F"", ""status"": ""ACTIVE"", ""base_ppg"": 12.4, ""usg_pct"": 0.2, ""archetype"": ""STRETCH_BIG"", ""updated_at"": ""2026-01-20 01:19:46"", ""season_id"": ""22025"", ""is_active"": 1, ""roster_updated_at"": null}"
28048636399,"{""player_id"": ""28048636399"", ""name"": ""De'Anthony Melton"", ""team"": ""GS"", ""position"": ""UNK"", ""status"": ""ACTIVE"", ""base_ppg"": 15.1, ""usg_pct"": 0.2, ""archetype"": ""SNIPER"", ""updated_at"": ""2026-01-19 09:03:51"", ""season_id"": ""22025"", ""is_active"": 0, ""roster_updated_at"": null}","{""player_id"": ""28048636399"", ""name"": ""De'Anthony Melton"", ""team"": ""GS"", ""position"": ""UNK"", ""status"": ""ACTIVE"", ""base_ppg"": 15.1, ""usg_pct"": 0.2, ""archetype"": ""SNIPER"", ""updated_at"": ""2026-01-19 09:03:51"", ""season_id"": ""22025"", ""is_active"": 1, ""roster_updated_at"": null}"
28048809869,"{""player_id"": ""28048809869"", ""name"": ""Corey Kispert"", ""team"": ""ATL"", ""position"": ""G"", ""status"": ""ACTIVE"", ""base_ppg"": 10.6, ""usg_pct"": 0.2, ""archetype"": null, ""updated_at"": ""2026-01-20 01:19:45"", ""season_id"": ""22025"", ""is_active"": 0, ""roster_updated_at"": null}","{""player_id"": ""28048809869"", ""name"": ""Corey Kispert"", ""team"": ""ATL"", ""position"": ""G"", ""status"": ""ACTIVE"", ""base_ppg"": 10.6, ""usg_pct"": 0.2, ""archetype"": null, ""updated_at"": ""2026-01-20 01:19:45"", ""season_id"": ""22025"", ""is_active"": 1, ""roster_updated_at"": null}"
28058676399,"{""player_id"": ""28058676399"", ""name"": ""Payton Pritchard"", ""team"": ""BOS"", ""position"": ""G"", ""status"": ""ACTIVE"", ""base_ppg"": 15.2, ""usg_pct"": 0.2, ""archetype"": ""GENERALIST"", ""updated_at"": ""2026-01-20 01:19:45"", ""season_id"": ""22025"", ""is_active"": 0, ""roster_updated_at"": null}","{""player_id"": ""28058676399"", ""name"": ""Payton Pritchard"", ""team"": ""BOS"", ""position"": ""G"", ""status"": ""ACTIVE"", ""base_ppg"": 15.2, ""usg_pct"": 0.2, ""archetype"": ""GENERALIST"", ""updated_at"": ""2026-01-20 01:19:45"", ""season_id"": ""22025"", ""is_active"": 1, ""roster_updated_at"": null}"
28068641179,"{""player_id"": ""28068641179"", ""name"": ""Miles Bridges"", ""team"": ""CHA"", ""position"": ""F"", ""status"": ""ACTIVE"", ""base_ppg"": 16.1, ""usg_pct"": 0.2, ""archetype"": ""STRETCH_BIG"", ""updated_at"": ""2026-01-20 01:19:45"", ""season_id"": ""22025"", ""is_active"": 0, ""roster_updated_at"": null}","{""player_id"": ""28068641179"", ""name"": ""Miles Bridges"", ""team"": ""CHA"", ""position"": ""F"", ""status"": ""ACTIVE"", ""base_ppg"": 16.1, ""usg_pct"": 0.2, ""archetype"": ""STRETCH_BIG"", ""updated_at"": ""2026-01-20 01:19:45"", ""season_id"": ""22025"", ""is_active"": 1, ""roster_updated_at"": null}"
28088839869,"{""player_id"": ""28088839869"", ""name"": ""Xavier Tillman"", ""team"": ""BOS"", ""position"": ""C"", ""status"": ""ACTIVE"", ""base_ppg"": 0.0, ""usg_pct"": 0.2, ""archetype"": null, ""updated_at"": ""2026-01-20 01:19:45"", ""season_id"": ""22025"", ""is_active"": 0, ""roster_updated_at"": null}","{""player_id"": ""28088839869"", ""name"": ""Xavier Tillman"", ""team"": ""BOS"", ""position"": ""C"", ""status"": ""ACTIVE"", ""base_ppg"": 0.0, ""usg_pct"": 0.2, ""archetype"": null, ""updated_at"": ""2026-01-20 01:19:45"", ""season_id"": ""22025"", ""is_active"": 1, ""roster_updated_at"": null}"
28106619932,"{""player_id"": ""28106619932"", ""name"": ""Kevin Love"", ""team"": ""UTA"", ""position"": ""F"", ""status"": ""ACTIVE"", ""base_ppg"": 7.0, ""usg_pct"": 0.2, ""archetype"": null, ""updated_at"": ""2026-01-20 01:19:46"", ""season_id"": ""22025"", ""is_active"": 0, ""roster_updated_at"": null}","{""player_id"": ""28106619932"", ""name"": ""Kevin Love"", ""team"": ""UTA"", ""position"": ""F"", ""status"": ""ACTIVE"", ""base_ppg"": 7.0, ""usg_pct"": 0.2, ""archetype"": null, ""updated_at"": ""2026-01-20 01:19:46"", ""season_id"": ""22025"", ""is_active"": 1, ""roster_updated_at"": null}"
28116619932,"{""player_id"": ""28116619932"", ""name"": ""Russell Westbrook"", ""team"": ""SAC"", ""position"": ""G"", ""status"": ""ACTIVE"", ""base_ppg"": 17.1, ""usg_pct"": 0.2, ""archetype"": ""GENERALIST"", ""updated_at"": ""2026-01-20 01:19:46"", ""season_id"": ""22025"", ""is_active"": 0, ""roster_updated_at"": null}","{""player_id"": ""28116619932"", ""name"": ""Russell Westbrook"", ""team"": ""SAC"", ""position"": ""G"", ""status"": ""ACTIVE"", ""base_ppg"": 17.1, ""usg_pct"": 0.2, ""archetype"": ""GENERALIST"", ""updated_at"": ""2026-01-20 01:19:46"", ""season_id"": ""22025"", ""is_active"": 1, ""roster_updated_at"": null}"
28116891632,"{""player_id"": ""28116891632"", ""name"": ""James Harden"", ""team"": ""LAC"", ""position"": ""G"", ""status"": ""ACTIVE"", ""base_ppg"": 24.5, ""usg_pct"": 0.2, ""archetype"": ""BALL_HOG"", ""updated_at"": ""2026-01-20 01:19:46"", ""season_id"": ""22025"", ""is_active"": 0, ""roster_updated_at"": null}","{""player_id"": ""28116891632"", ""name"": ""James Harden"", ""team"": ""LAC"", ""position"": ""G"", ""status"": ""ACTIVE"", ""base_ppg"": 24.5, ""usg_pct"": 0.2, ""archetype"": ""BALL_HOG"", ""updated_at"": ""2026-01-20 01:19:46"", ""season_id"": ""22025"", ""is_active"": 1, ""roster_updated_at"": null}"
28118035349,"{""player_id"": ""28118035349"", ""name"": ""Giannis Antetokounmpo"", ""team"": ""MIL"", ""position"": ""F"", ""status"": ""ACTIVE"", ""base_ppg"": 28.4, ""usg_pct"": 0.2, ""archetype"": ""SLASHER"", ""updated_at"": ""2026-01-20 01:19:46"", ""season_id"": ""22025"", ""is_active"": 0, ""roster_updated_at"": null}","{""player_id"": ""28118035349"", ""name"": ""Giannis Antetokounmpo"", ""team"": ""MIL"", ""position"": ""F"", ""status"": ""ACTIVE"", ""base_ppg"": 28.4, ""usg_pct"": 0.2, ""archetype"": ""SLASHER"", ""updated_at"": ""2026-01-20 01:19:46"", ""season_id"": ""22025"", ""is_active"": 1, ""roster_updated_at"": null}"
28118309129,"{""player_id"": ""28118309129"", ""name"": ""Domantas Sabonis"", ""team"": ""SAC"", ""position"": ""C"", ""status"": ""ACTIVE"", ""base_ppg"": 13.0, ""usg_pct"": 0.2, ""archetype"": null, ""updated_at"": ""2026-01-20 01:19:46"", ""season_id"": ""22025"", ""is_active"": 0, ""roster_updated_at"": null}","{""player_id"": ""28118309129"", ""name"": ""Domantas Sabonis"", ""team"": ""SAC"", ""position"": ""C"", ""status"": ""ACTIVE"", ""base_ppg"": 13.0, ""usg_pct"": 0.2, ""archetype"": null, ""updated_at"": ""2026-01-20 01:19:46"", ""season_id"": ""22025"", ""is_active"": 1, ""roster_updated_at"": null}"
28118882869,"{""player_id"": ""28118882869"", ""name"": ""Collin Sexton"", ""team"": ""CHA"", ""position"": ""G"", ""status"": ""ACTIVE"", ""base_ppg"": 13.8, ""usg_pct"": 0.2, ""archetype"": ""GENERALIST"", ""updated_at"": ""2026-01-20 01:19:46"", ""season_id"": ""22025"", ""is_active"": 0, ""roster_updated_at"": null}","{""player_id"": ""28118882869"", ""name"": ""Collin Sexton"", ""team"": ""CHA"", ""position"": ""G"", ""status"": ""ACTIVE"", ""base_ppg"": 13.8, ""usg_pct"": 0.2, ""archetype"": ""GENERALIST"", ""updated_at"": ""2026-01-20 01:19:46"", ""season_id"": ""22025"", ""is_active"": 1, ""roster_updated_at"": null}"
28128676399,"{""player_id"": ""28128676399"", ""name"": ""Tony Bradley"", ""team"": ""IND"", ""position"": ""C"", ""status"": ""ACTIVE"", ""base_ppg"": 3.9, ""usg_pct"": 0.2, ""archetype"": null, ""updated_at"": ""2026-01-20 01:19:46"", ""season_id"": ""22025"", ""is_active"": 0, ""roster_updated_at"": null}","{""player_id"": ""28128676399"", ""name"": ""Tony Bradley"", ""team"": ""IND"", ""position"": ""C"", ""status"": ""ACTIVE"", ""base_ppg"": 3.9, ""usg_pct"": 0.2, ""archetype"": null, ""updated_at"": ""2026-01-20 01:19:46"", ""season_id"": ""22025"", ""is_active"": 1, ""roster_updated_at"": null}"
28128711729,"{""player_id"": ""28128711729"", ""name"": ""Kyle Anderson"", ""team"": ""UTA"", ""position"": ""F"", ""status"": ""ACTIVE"", ""base_ppg"": 9.7, ""usg_pct"": 0.2, ""archetype"": null, ""updated_at"": ""2026-01-20 01:19:46"", ""season_id"": ""22025"", ""is_active"": 0, ""roster_updated_at"": null}","{""player_id"": ""28128711729"", ""name"": ""Kyle Anderson"", ""team"": ""UTA"", ""position"": ""F"", ""status"": ""ACTIVE"", ""base_ppg"": 9.7, ""usg_pct"": 0.2, ""archetype"": null, ""updated_at"": ""2026-01-20 01:19:46"", ""season_id"": ""22025"", ""is_active"": 1, ""roster_updated_at"": null}"
28128827869,"{""player_id"": ""28128827869"", ""name"": ""Sandro Mamukelashvili"", ""team"": ""TOR"", ""position"": ""F"", ""status"": ""ACTIVE"", ""base_ppg"": 10.1, ""usg_pct"": 0.2, ""archetype"": ""GENERALIST"", ""updated_at"": ""2026-01-20 01:19:46"", ""season_id"": ""22025"", ""is_active"": 0, ""roster_updated_at"": null}","{""player_id"": ""28128827869"", ""name"": ""Sandro Mamukelashvili"", ""team"": ""TOR"", ""position"": ""F"", ""status"": ""ACTIVE"", ""base_ppg"": 10.1, ""usg_pct"": 0.2, ""archetype"": ""GENERALIST"", ""updated_at"": ""2026-01-20 01:19:46"", ""season_id"": ""22025"", ""is_active"": 1, ""roster_updated_at"": null}"
28128832047,"{""player_id"": ""28128832047"", ""name"": ""Jalen Pickett"", ""team"": ""DEN"", ""position"": ""G"", ""status"": ""ACTIVE"", ""base_ppg"": 10.1, ""usg_pct"": 0.2, ""archetype"": ""GENERALIST"", ""updated_at"": ""2026-01-20 01:19:46"", ""season_id"": ""22025"", ""is_active"": 0, ""roster_updated_at"": null}","{""player_id"": ""28128832047"", ""name"": ""Jalen Pickett"", ""team"": ""DEN"", ""position"": ""G"", ""status"": ""ACTIVE"", ""base_ppg"": 10.1, ""usg_pct"": 0.2, ""archetype"": ""GENERALIST"", ""updated_at"": ""2026-01-20 01:19:46"", ""season_id"": ""22025"", ""is_active"": 1, ""roster_updated_at"": null}"
28138379499,"{""player_id"": ""28138379499"", ""name"": ""Jaylen Brown"", ""team"": ""BOS"", ""position"": ""F"", ""status"": ""ACTIVE"", ""base_ppg"": 30.8, ""usg_pct"": 0.2, ""archetype"": ""STRETCH_BIG"", ""updated_at"": ""2026-01-20 01:19:45"", ""season_id"": ""22025"", ""is_active"": 0, ""roster_updated_at"": null}","{""player_id"": ""28138379499"", ""name"": ""Jaylen Brown"", ""team"": ""BOS"", ""position"": ""F"", ""status"": ""ACTIVE"", ""base_ppg"": 30.8, ""usg_pct"": 0.2, ""archetype"": ""STRETCH_BIG"", ""updated_at"": ""2026-01-20 01:19:45"", ""season_id"": ""22025"", ""is_active"": 1, ""roster_updated_at"": null}"
28138596399,"{""player_id"": ""28138596399"", ""name"": ""Amir Coffey"", ""team"": ""MIL"", ""position"": ""F"", ""status"": ""ACTIVE"", ""base_ppg"": 8.5, ""usg_pct"": 0.2, ""archetype"": null, ""updated_at"": ""2026-01-20 01:19:46"", ""season_id"": ""22025"", ""is_active"": 0, ""roster_updated_at"": null}","{""player_id"": ""28138596399"", ""name"": ""Amir Coffey"", ""team"": ""MIL"", ""position"": ""F"", ""status"": ""ACTIVE"", ""base_ppg"": 8.5, ""usg_pct"": 0.2, ""archetype"": null, ""updated_at"": ""2026-01-20 01:19:46"", ""season_id"": ""22025"", ""is_active"": 1, ""roster_updated_at"": null}"
28148908169,"{""player_id"": ""28148908169"", ""name"": ""Maxi Kleber"", ""team"": ""LAL"", ""position"": ""C"", ""status"": ""ACTIVE"", ""base_ppg"": 3.0, ""usg_pct"": 0.2, ""archetype"": null, ""updated_at"": ""2026-01-20 01:19:46"", ""season_id"": ""22025"", ""is_active"": 0, ""roster_updated_at"": null}","{""player_id"": ""28148908169"", ""name"": ""Maxi Kleber"", ""team"": ""LAL"", ""position"": ""C"", ""status"": ""ACTIVE"", ""base_ppg"": 3.0, ""usg_pct"": 0.2, ""archetype"": null, ""updated_at"": ""2026-01-20 01:19:46"", ""season_id"": ""22025"", ""is_active"": 1, ""roster_updated_at"": null}"
28158179129,"{""player_id"": ""28158179129"", ""name"": ""Grayson Allen"", ""team"": ""PHO"", ""position"": ""UNK"", ""status"": ""ACTIVE"", ""base_ppg"": 16.4, ""usg_pct"": 0.2, ""archetype"": null, ""updated_at"": ""2026-01-19 09:03:51"", ""season_id"": ""22025"", ""is_active"": 0, ""roster_updated_at"": null}","{""player_id"": ""28158179129"", ""name"": ""Grayson Allen"", ""team"": ""PHO"", ""position"": ""UNK"", ""status"": ""ACTIVE"", ""base_ppg"": 16.4, ""usg_pct"": 0.2, ""archetype"": null, ""updated_at"": ""2026-01-19 09:03:51"", ""season_id"": ""22025"", ""is_active"": 1, ""roster_updated_at"": null}"
28158545399,"{""player_id"": ""28158545399"", ""name"": ""Derrick Jones Jr."", ""team"": ""LAC"", ""position"": ""F"", ""status"": ""ACTIVE"", ""base_ppg"": 14.5, ""usg_pct"": 0.2, ""archetype"": null, ""updated_at"": ""2026-01-20 01:19:46"", ""season_id"": ""22025"", ""is_active"": 0, ""roster_updated_at"": null}","{""player_id"": ""28158545399"", ""name"": ""Derrick Jones Jr."", ""team"": ""LAC"", ""position"": ""F"", ""status"": ""ACTIVE"", ""base_ppg"": 14.5, ""usg_pct"": 0.2, ""archetype"": null, ""updated_at"": ""2026-01-20 01:19:46"", ""season_id"": ""22025"", ""is_active"": 1, ""roster_updated_at"": null}"
28158849047,"{""player_id"": ""28158849047"", ""name"": ""Keldon Johnson"", ""team"": ""SA"", ""position"": ""UNK"", ""status"": ""ACTIVE"", ""base_ppg"": 14.4, ""usg_pct"": 0.2, ""archetype"": ""GENERALIST"", ""updated_at"": ""2026-01-19 09:03:51"", ""season_id"": ""22025"", ""is_active"": 0, ""roster_updated_at"": null}","{""player_id"": ""28158849047"", ""name"": ""Keldon Johnson"", ""team"": ""SA"", ""position"": ""UNK"", ""status"": ""ACTIVE"", ""base_ppg"": 14.4, ""usg_pct"": 0.2, ""archetype"": ""GENERALIST"", ""updated_at"": ""2026-01-19 09:03:51"", ""season_id"": ""22025"", ""is_active"": 1, ""roster_updated_at"": null}"
28168235349,"{""player_id"": ""28168235349"", ""name"": ""CJ McCollum"", ""team"": ""ATL"", ""position"": ""G"", ""status"": ""ACTIVE"", ""base_ppg"": 18.9, ""usg_pct"": 0.2, ""archetype"": ""SNIPER"", ""updated_at"": ""2026-01-20 01:19:45"", ""season_id"": ""22025"", ""is_active"": 0, ""roster_updated_at"": null}","{""player_id"": ""28168235349"", ""name"": ""CJ McCollum"", ""team"": ""ATL"", ""position"": ""G"", ""status"": ""ACTIVE"", ""base_ppg"": 18.9, ""usg_pct"": 0.2, ""archetype"": ""SNIPER"", ""updated_at"": ""2026-01-20 01:19:45"", ""season_id"": ""22025"", ""is_active"": 1, ""roster_updated_at"": null}"
28168517499,"{""player_id"": ""28168517499"", ""name"": ""Landry Shamet"", ""team"": ""NY"", ""position"": ""UNK"", ""status"": ""ACTIVE"", ""base_ppg"": 5.5, ""usg_pct"": 0.2, ""archetype"": null, ""updated_at"": ""2026-01-19 09:03:51"", ""season_id"": ""22025"", ""is_active"": 0, ""roster_updated_at"": null}","{""player_id"": ""28168517499"", ""name"": ""Landry Shamet"", ""team"": ""NY"", ""position"": ""UNK"", ""status"": ""ACTIVE"", ""base_ppg"": 5.5, ""usg_pct"": 0.2, ""archetype"": null, ""updated_at"": ""2026-01-19 09:03:51"", ""season_id"": ""22025"", ""is_active"": 1, ""roster_updated_at"": null}"
28178359499,"{""player_id"": ""28178359499"", ""name"": ""Dean Wade"", ""team"": ""CLE"", ""position"": ""F"", ""status"": ""ACTIVE"", ""base_ppg"": 3.0, ""usg_pct"": 0.2, ""archetype"": null, ""updated_at"": ""2026-01-20 01:19:46"", ""season_id"": ""22025"", ""is_active"": 0, ""roster_updated_at"": null}","{""player_id"": ""28178359499"", ""name"": ""Dean Wade"", ""team"": ""CLE"", ""position"": ""F"", ""status"": ""ACTIVE"", ""base_ppg"": 3.0, ""usg_pct"": 0.2, ""archetype"": null, ""updated_at"": ""2026-01-20 01:19:46"", ""season_id"": ""22025"", ""is_active"": 1, ""roster_updated_at"": null}"
28178389129,"{""player_id"": ""28178389129"", ""name"": ""Myles Turner"", ""team"": ""MIL"", ""position"": ""C"", ""status"": ""ACTIVE"", ""base_ppg"": 9.7, ""usg_pct"": 0.2, ""archetype"": ""GENERALIST"", ""updated_at"": ""2026-01-20 01:19:46"", ""season_id"": ""22025"", ""is_active"": 0, ""roster_updated_at"": null}","{""player_id"": ""28178389129"", ""name"": ""Myles Turner"", ""team"": ""MIL"", ""position"": ""C"", ""status"": ""ACTIVE"", ""base_ppg"": 9.7, ""usg_pct"": 0.2, ""archetype"": ""GENERALIST"", ""updated_at"": ""2026-01-20 01:19:46"", ""season_id"": ""22025"", ""is_active"": 1, ""roster_updated_at"": null}"
28188235349,"{""player_id"": ""28188235349"", ""name"": ""Kelly Olynyk"", ""team"": ""SA"", ""position"": ""UNK"", ""status"": ""ACTIVE"", ""base_ppg"": 3.1, ""usg_pct"": 0.2, ""archetype"": ""GENERALIST"", ""updated_at"": ""2026-01-19 09:03:51"", ""season_id"": ""22025"", ""is_active"": 0, ""roster_updated_at"": null}","{""player_id"": ""28188235349"", ""name"": ""Kelly Olynyk"", ""team"": ""SA"", ""position"": ""UNK"", ""status"": ""ACTIVE"", ""base_ppg"": 3.1, ""usg_pct"": 0.2, ""archetype"": ""GENERALIST"", ""updated_at"": ""2026-01-19 09:03:51"", ""season_id"": ""22025"", ""is_active"": 1, ""roster_updated_at"": null}"
28188391927,"{""player_id"": ""28188391927"", ""name"": ""John Konchar"", ""team"": ""MEM"", ""position"": ""G"", ""status"": ""ACTIVE"", ""base_ppg"": 3.0, ""usg_pct"": 0.2, ""archetype"": null, ""updated_at"": ""2026-01-20 01:19:46"", ""season_id"": ""22025"", ""is_active"": 0, ""roster_updated_at"": null}","{""player_id"": ""28188391927"", ""name"": ""John Konchar"", ""team"": ""MEM"", ""position"": ""G"", ""status"": ""ACTIVE"", ""base_ppg"": 3.0, ""usg_pct"": 0.2, ""archetype"": null, ""updated_at"": ""2026-01-20 01:19:46"", ""season_id"": ""22025"", ""is_active"": 1, ""roster_updated_at"": null}"
28188679869,"{""player_id"": ""28188679869"", ""name"": ""Jose Alvarado"", ""team"": ""NO"", ""position"": ""UNK"", ""status"": ""ACTIVE"", ""base_ppg"": 3.7, ""usg_pct"": 0.2, ""archetype"": ""GENERALIST"", ""updated_at"": ""2026-01-19 09:03:51"", ""season_id"": ""22025"", ""is_active"": 0, ""roster_updated_at"": null}","{""player_id"": ""28188679869"", ""name"": ""Jose Alvarado"", ""team"": ""NO"", ""position"": ""UNK"", ""status"": ""ACTIVE"", ""base_ppg"": 3.7, ""usg_pct"": 0.2, ""archetype"": ""GENERALIST"", ""updated_at"": ""2026-01-19 09:03:51"", ""season_id"": ""22025"", ""is_active"": 1, ""roster_updated_at"": null}"
28198607869,"{""player_id"": ""28198607869"", ""name"": ""Nickeil Alexander-Walker"", ""team"": ""ATL"", ""position"": ""G"", ""status"": ""ACTIVE"", ""base_ppg"": 20.7, ""usg_pct"": 0.2, ""archetype"": ""TWO_WAY_WING"", ""updated_at"": ""2026-01-20 01:19:45"", ""season_id"": ""22025"", ""is_active"": 0, ""roster_updated_at"": null}","{""player_id"": ""28198607869"", ""name"": ""Nickeil Alexander-Walker"", ""team"": ""ATL"", ""position"": ""G"", ""status"": ""ACTIVE"", ""base_ppg"": 20.7, ""usg_pct"": 0.2, ""archetype"": ""TWO_WAY_WING"", ""updated_at"": ""2026-01-20 01:19:45"", ""season_id"": ""22025"", ""is_active"": 1, ""roster_updated_at"": null}"
28208536399,"{""player_id"": ""28208536399"", ""name"": ""De'Andre Hunter"", ""team"": ""CLE"", ""position"": ""F"", ""status"": ""ACTIVE"", ""base_ppg"": 11.9, ""usg_pct"": 0.2, ""archetype"": ""GENERALIST"", ""updated_at"": ""2026-01-20 01:19:46"", ""season_id"": ""22025"", ""is_active"": 0, ""roster_updated_at"": null}","{""player_id"": ""28208536399"", ""name"": ""De'Andre Hunter"", ""team"": ""CLE"", ""position"": ""F"", ""status"": ""ACTIVE"", ""base_ppg"": 11.9, ""usg_pct"": 0.2, ""archetype"": ""GENERALIST"", ""updated_at"": ""2026-01-20 01:19:46"", ""season_id"": ""22025"", ""is_active"": 1, ""roster_updated_at"": null}"
28208889869,"{""player_id"": ""28208889869"", ""name"": ""Ethan Thompson"", ""team"": ""IND"", ""position"": ""G"", ""status"": ""ACTIVE"", ""base_ppg"": 2.5, ""usg_pct"": 0.2, ""archetype"": ""GENERALIST"", ""updated_at"": ""2026-01-20 01:19:46"", ""season_id"": ""22025"", ""is_active"": 0, ""roster_updated_at"": null}","{""player_id"": ""28208889869"", ""name"": ""Ethan Thompson"", ""team"": ""IND"", ""position"": ""G"", ""status"": ""ACTIVE"", ""base_ppg"": 2.5, ""usg_pct"": 0.2, ""archetype"": ""GENERALIST"", ""updated_at"": ""2026-01-20 01:19:46"", ""season_id"": ""22025"", ""is_active"": 1, ""roster_updated_at"": null}"
28218011729,"{""player_id"": ""28218011729"", ""name"": ""Clint Capela"", ""team"": ""HOU"", ""position"": ""C"", ""status"": ""ACTIVE"", ""base_ppg"": 3.0, ""usg_pct"": 0.2, ""archetype"": ""GENERALIST"", ""updated_at"": ""2026-01-20 01:19:46"", ""season_id"": ""22025"", ""is_active"": 0, ""roster_updated_at"": null}","{""player_id"": ""28218011729"", ""name"": ""Clint Capela"", ""team"": ""HOU"", ""position"": ""C"", ""status"": ""ACTIVE"", ""base_ppg"": 3.0, ""usg_pct"": 0.2, ""archetype"": ""GENERALIST"", ""updated_at"": ""2026-01-20 01:19:46"", ""season_id"": ""22025"", ""is_active"": 1, ""roster_updated_at"": null}"
28218676399,"{""player_id"": ""28218676399"", ""name"": ""Micah Potter"", ""team"": ""IND"", ""position"": ""F"", ""status"": ""ACTIVE"", ""base_ppg"": 8.0, ""usg_pct"": 0.2, ""archetype"": ""GENERALIST"", ""updated_at"": ""2026-01-20 01:19:46"", ""season_id"": ""22025"", ""is_active"": 0, ""roster_updated_at"": null}","{""player_id"": ""28218676399"", ""name"": ""Micah Potter"", ""team"": ""IND"", ""position"": ""F"", ""status"": ""ACTIVE"", ""base_ppg"": 8.0, ""usg_pct"": 0.2, ""archetype"": ""GENERALIST"", ""updated_at"": ""2026-01-20 01:19:46"", ""season_id"": ""22025"", ""is_active"": 1, ""roster_updated_at"": null}"
28236562792,"{""player_id"": ""28236562792"", ""name"": ""Mike Conley"", ""team"": ""MIN"", ""position"": ""G"", ""status"": ""ACTIVE"", ""base_ppg"": 4.6, ""usg_pct"": 0.2, ""archetype"": ""GENERALIST"", ""updated_at"": ""2026-01-20 01:19:46"", ""season_id"": ""22025"", ""is_active"": 0, ""roster_updated_at"": null}","{""player_id"": ""28236562792"", ""name"": ""Mike Conley"", ""team"": ""MIN"", ""position"": ""G"", ""status"": ""ACTIVE"", ""base_ppg"": 4.6, ""usg_pct"": 0.2, ""archetype"": ""GENERALIST"", ""updated_at"": ""2026-01-20 01:19:46"", ""season_id"": ""22025"", ""is_active"": 1, ""roster_updated_at"": null}"
28248347129,"{""player_id"": ""28248347129"", ""name"": ""Jordan McLaughlin"", ""team"": ""SA"", ""position"": ""UNK"", ""status"": ""ACTIVE"", ""base_ppg"": 1.0, ""usg_pct"": 0.2, ""archetype"": null, ""updated_at"": ""2026-01-19 09:03:51"", ""season_id"": ""22025"", ""is_active"": 0, ""roster_updated_at"": null}","{""player_id"": ""28248347129"", ""name"": ""Jordan McLaughlin"", ""team"": ""SA"", ""position"": ""UNK"", ""status"": ""ACTIVE"", ""base_ppg"": 1.0, ""usg_pct"": 0.2, ""archetype"": null, ""updated_at"": ""2026-01-19 09:03:51"", ""season_id"": ""22025"", ""is_active"": 1, ""roster_updated_at"": null}"
28258111729,"{""player_id"": ""28258111729"", ""name"": ""Andrew Wiggins"", ""team"": ""MIA"", ""position"": ""F"", ""status"": ""ACTIVE"", ""base_ppg"": 13.6, ""usg_pct"": 0.2, ""archetype"": ""GENERALIST"", ""updated_at"": ""2026-01-20 01:19:46"", ""season_id"": ""22025"", ""is_active"": 0, ""roster_updated_at"": null}","{""player_id"": ""28258111729"", ""name"": ""Andrew Wiggins"", ""team"": ""MIA"", ""position"": ""F"", ""status"": ""ACTIVE"", ""base_ppg"": 13.6, ""usg_pct"": 0.2, ""archetype"": ""GENERALIST"", ""updated_at"": ""2026-01-20 01:19:46"", ""season_id"": ""22025"", ""is_active"": 1, ""roster_updated_at"": null}"
28268539499,"{""player_id"": ""28268539499"", ""name"": ""Thomas Bryant"", ""team"": ""CLE"", ""position"": ""C"", ""status"": ""ACTIVE"", ""base_ppg"": 4.7, ""usg_pct"": 0.2, ""archetype"": null, ""updated_at"": ""2026-01-20 01:19:46"", ""season_id"": ""22025"", ""is_active"": 0, ""roster_updated_at"": null}","{""player_id"": ""28268539499"", ""name"": ""Thomas Bryant"", ""team"": ""CLE"", ""position"": ""C"", ""status"": ""ACTIVE"", ""base_ppg"": 4.7, ""usg_pct"": 0.2, ""archetype"": null, ""updated_at"": ""2026-01-20 01:19:46"", ""season_id"": ""22025"", ""is_active"": 1, ""roster_updated_at"": null}"
28268959882,"{""player_id"": ""28268959882"", ""name"": ""Harrison Barnes"", ""team"": ""SA"", ""position"": ""UNK"", ""status"": ""ACTIVE"", ""base_ppg"": 7.0, ""usg_pct"": 0.2, ""archetype"": ""GENERALIST"", ""updated_at"": ""2026-01-19 09:03:51"", ""season_id"": ""22025"", ""is_active"": 0, ""roster_updated_at"": null}","{""player_id"": ""28268959882"", ""name"": ""Harrison Barnes"", ""team"": ""SA"", ""position"": ""UNK"", ""status"": ""ACTIVE"", ""base_ppg"": 7.0, ""usg_pct"": 0.2, ""archetype"": ""GENERALIST"", ""updated_at"": ""2026-01-19 09:03:51"", ""season_id"": ""22025"", ""is_active"": 1, ""roster_updated_at"": null}"
28278119129,"{""player_id"": ""28278119129"", ""name"": ""Karl-Anthony Towns"", ""team"": ""NY"", ""position"": ""UNK"", ""status"": ""ACTIVE"", ""base_ppg"": 17.1, ""usg_pct"": 0.2, ""archetype"": ""RIM_RUNNER"", ""updated_at"": ""2026-01-19 09:03:51"", ""season_id"": ""22025"", ""is_active"": 0, ""roster_updated_at"": null}","{""player_id"": ""28278119129"", ""name"": ""Karl-Anthony Towns"", ""team"": ""NY"", ""position"": ""UNK"", ""status"": ""ACTIVE"", ""base_ppg"": 17.1, ""usg_pct"": 0.2, ""archetype"": ""RIM_RUNNER"", ""updated_at"": ""2026-01-19 09:03:51"", ""season_id"": ""22025"", ""is_active"": 1, ""roster_updated_at"": null}"
28278159129,"{""player_id"": ""28278159129"", ""name"": ""Jae'Sean Tate"", ""team"": ""HOU"", ""position"": ""F"", ""status"": ""ACTIVE"", ""base_ppg"": 2.2, ""usg_pct"": 0.2, ""archetype"": null, ""updated_at"": ""2026-01-20 01:19:46"", ""season_id"": ""22025"", ""is_active"": 0, ""roster_updated_at"": null}","{""player_id"": ""28278159129"", ""name"": ""Jae'Sean Tate"", ""team"": ""HOU"", ""position"": ""F"", ""status"": ""ACTIVE"", ""base_ppg"": 2.2, ""usg_pct"": 0.2, ""archetype"": null, ""updated_at"": ""2026-01-20 01:19:46"", ""season_id"": ""22025"", ""is_active"": 1, ""roster_updated_at"": null}"
28288139129,"{""player_id"": ""28288139129"", ""name"": ""Caleb Martin"", ""team"": ""DAL"", ""position"": ""F"", ""status"": ""ACTIVE"", ""base_ppg"": 5.1, ""usg_pct"": 0.2, ""archetype"": ""GENERALIST"", ""updated_at"": ""2026-01-20 01:19:46"", ""season_id"": ""22025"", ""is_active"": 0, ""roster_updated_at"": null}","{""player_id"": ""28288139129"", ""name"": ""Caleb Martin"", ""team"": ""DAL"", ""position"": ""F"", ""status"": ""ACTIVE"", ""base_ppg"": 5.1, ""usg_pct"": 0.2, ""archetype"": ""GENERALIST"", ""updated_at"": ""2026-01-20 01:19:46"", ""season_id"": ""22025"", ""is_active"": 1, ""roster_updated_at"": null}"
28298596399,"{""player_id"": ""28298596399"", ""name"": ""Sam Hauser"", ""team"": ""BOS"", ""position"": ""F"", ""status"": ""ACTIVE"", ""base_ppg"": 14.0, ""usg_pct"": 0.2, ""archetype"": ""SNIPER"", ""updated_at"": ""2026-01-20 01:19:45"", ""season_id"": ""22025"", ""is_active"": 0, ""roster_updated_at"": null}","{""player_id"": ""28298596399"", ""name"": ""Sam Hauser"", ""team"": ""BOS"", ""position"": ""F"", ""status"": ""ACTIVE"", ""base_ppg"": 14.0, ""usg_pct"": 0.2, ""archetype"": ""SNIPER"", ""updated_at"": ""2026-01-20 01:19:45"", ""season_id"": ""22025"", ""is_active"": 1, ""roster_updated_at"": null}"
28318347129,"{""player_id"": ""28318347129"", ""name"": ""Mikal Bridges"", ""team"": ""NY"", ""position"": ""UNK"", ""status"": ""ACTIVE"", ""base_ppg"": 15.4, ""usg_pct"": 0.2, ""archetype"": ""TWO_WAY_WING"", ""updated_at"": ""2026-01-19 09:03:51"", ""season_id"": ""22025"", ""is_active"": 0, ""roster_updated_at"": null}","{""player_id"": ""28318347129"", ""name"": ""Mikal Bridges"", ""team"": ""NY"", ""position"": ""UNK"", ""status"": ""ACTIVE"", ""base_ppg"": 15.4, ""usg_pct"": 0.2, ""archetype"": ""TWO_WAY_WING"", ""updated_at"": ""2026-01-19 09:03:51"", ""season_id"": ""22025"", ""is_active"": 1, ""roster_updated_at"": null}"
28328326789,"{""player_id"": ""28328326789"", ""name"": ""Bruce Brown"", ""team"": ""DEN"", ""position"": ""G"", ""status"": ""ACTIVE"", ""base_ppg"": 5.3, ""usg_pct"": 0.2, ""archetype"": ""GENERALIST"", ""updated_at"": ""2026-01-20 01:19:46"", ""season_id"": ""22025"", ""is_active"": 0, ""roster_updated_at"": null}","{""player_id"": ""28328326789"", ""name"": ""Bruce Brown"", ""team"": ""DEN"", ""position"": ""G"", ""status"": ""ACTIVE"", ""base_ppg"": 5.3, ""usg_pct"": 0.2, ""archetype"": ""GENERALIST"", ""updated_at"": ""2026-01-20 01:19:46"", ""season_id"": ""22025"", ""is_active"": 1, ""roster_updated_at"": null}"
28328616399,"{""player_id"": ""28328616399"", ""name"": ""Desmond Bane"", ""team"": ""ORL"", ""position"": ""G"", ""status"": ""ACTIVE"", ""base_ppg"": 17.9, ""usg_pct"": 0.2, ""archetype"": null, ""updated_at"": ""2026-01-20 01:19:46"", ""season_id"": ""22025"", ""is_active"": 0, ""roster_updated_at"": null}","{""player_id"": ""28328616399"", ""name"": ""Desmond Bane"", ""team"": ""ORL"", ""position"": ""G"", ""status"": ""ACTIVE"", ""base_ppg"": 17.9, ""usg_pct"": 0.2, ""archetype"": null, ""updated_at"": ""2026-01-20 01:19:46"", ""season_id"": ""22025"", ""is_active"": 1, ""roster_updated_at"": null}"
28328911729,"{""player_id"": ""28328911729"", ""name"": ""Thanasis Antetokounmpo"", ""team"": ""MIL"", ""position"": ""F"", ""status"": ""ACTIVE"", ""base_ppg"": 2.0, ""usg_pct"": 0.2, ""archetype"": null, ""updated_at"": ""2026-01-20 01:19:46"", ""season_id"": ""22025"", ""is_active"": 0, ""roster_updated_at"": null}","{""player_id"": ""28328911729"", ""name"": ""Thanasis Antetokounmpo"", ""team"": ""MIL"", ""position"": ""F"", ""status"": ""ACTIVE"", ""base_ppg"": 2.0, ""usg_pct"": 0.2, ""archetype"": null, ""updated_at"": ""2026-01-20 01:19:46"", ""season_id"": ""22025"", ""is_active"": 1, ""roster_updated_at"": null}"
28336662792,"{""player_id"": ""28336662792"", ""name"": ""Kevin Durant"", ""team"": ""HOU"", ""position"": ""F"", ""status"": ""ACTIVE"", ""base_ppg"": 26.6, ""usg_pct"": 0.2, ""archetype"": ""GENERALIST"", ""updated_at"": ""2026-01-20 01:19:46"", ""season_id"": ""22025"", ""is_active"": 0, ""roster_updated_at"": null}","{""player_id"": ""28336662792"", ""name"": ""Kevin Durant"", ""team"": ""HOU"", ""position"": ""F"", ""status"": ""ACTIVE"", ""base_ppg"": 26.6, ""usg_pct"": 0.2, ""archetype"": ""GENERALIST"", ""updated_at"": ""2026-01-20 01:19:46"", ""season_id"": ""22025"", ""is_active"": 1, ""roster_updated_at"": null}"
28348550069,"{""player_id"": ""28348550069"", ""name"": ""Bam Adebayo"", ""team"": ""MIA"", ""position"": ""F"", ""status"": ""ACTIVE"", ""base_ppg"": 16.2, ""usg_pct"": 0.2, ""archetype"": ""GENERALIST"", ""updated_at"": ""2026-01-20 01:19:46"", ""season_id"": ""22025"", ""is_active"": 0, ""roster_updated_at"": null}","{""player_id"": ""28348550069"", ""name"": ""Bam Adebayo"", ""team"": ""MIA"", ""position"": ""F"", ""status"": ""ACTIVE"", ""base_ppg"": 16.2, ""usg_pct"": 0.2, ""archetype"": ""GENERALIST"", ""updated_at"": ""2026-01-20 01:19:46"", ""season_id"": ""22025"", ""is_active"": 1, ""roster_updated_at"": null}"
28358379129,"{""player_id"": ""28358379129"", ""name"": ""Tyus Jones"", ""team"": ""ORL"", ""position"": ""G"", ""status"": ""ACTIVE"", ""base_ppg"": 1.6, ""usg_pct"": 0.2, ""archetype"": null, ""updated_at"": ""2026-01-20 01:19:46"", ""season_id"": ""22025"", ""is_active"": 0, ""roster_updated_at"": null}","{""player_id"": ""28358379129"", ""name"": ""Tyus Jones"", ""team"": ""ORL"", ""position"": ""G"", ""status"": ""ACTIVE"", ""base_ppg"": 1.6, ""usg_pct"": 0.2, ""archetype"": null, ""updated_at"": ""2026-01-20 01:19:46"", ""season_id"": ""22025"", ""is_active"": 1, ""roster_updated_at"": null}"
28358389129,"{""player_id"": ""28358389129"", ""name"": ""Kevon Looney"", ""team"": ""NO"", ""position"": ""UNK"", ""status"": ""ACTIVE"", ""base_ppg"": 3.0, ""usg_pct"": 0.2, ""archetype"": null, ""updated_at"": ""2026-01-19 09:03:51"", ""season_id"": ""22025"", ""is_active"": 0, ""roster_updated_at"": null}","{""player_id"": ""28358389129"", ""name"": ""Kevon Looney"", ""team"": ""NO"", ""position"": ""UNK"", ""status"": ""ACTIVE"", ""base_ppg"": 3.0, ""usg_pct"": 0.2, ""archetype"": null, ""updated_at"": ""2026-01-19 09:03:51"", ""season_id"": ""22025"", ""is_active"": 1, ""roster_updated_at"": null}"
28358980482,"{""player_id"": ""28358980482"", ""name"": ""Anthony Gill"", ""team"": ""WAS"", ""position"": ""F"", ""status"": ""ACTIVE"", ""base_ppg"": 2.0, ""usg_pct"": 0.2, ""archetype"": null, ""updated_at"": ""2026-01-20 01:19:47"", ""season_id"": ""22025"", ""is_active"": 0, ""roster_updated_at"": null}","{""player_id"": ""28358980482"", ""name"": ""Anthony Gill"", ""team"": ""WAS"", ""position"": ""F"", ""status"": ""ACTIVE"", ""base_ppg"": 2.0, ""usg_pct"": 0.2, ""archetype"": null, ""updated_at"": ""2026-01-20 01:19:47"", ""season_id"": ""22025"", ""is_active"": 1, ""roster_updated_at"": null}"
28368516399,"{""player_id"": ""28368516399"", ""name"": ""Lonzo Ball"", ""team"": ""CLE"", ""position"": ""G"", ""status"": ""ACTIVE"", ""base_ppg"": 3.8, ""usg_pct"": 0.2, ""archetype"": null, ""updated_at"": ""2026-01-20 01:19:46"", ""season_id"": ""22025"", ""is_active"": 0, ""roster_updated_at"": null}","{""player_id"": ""28368516399"", ""name"": ""Lonzo Ball"", ""team"": ""CLE"", ""position"": ""G"", ""status"": ""ACTIVE"", ""base_ppg"": 3.8, ""usg_pct"": 0.2, ""archetype"": null, ""updated_at"": ""2026-01-20 01:19:46"", ""season_id"": ""22025"", ""is_active"": 1, ""roster_updated_at"": null}"
28368759882,"{""player_id"": ""28368759882"", ""name"": ""Anthony Davis"", ""team"": ""DAL"", ""position"": ""C"", ""status"": ""ACTIVE"", ""base_ppg"": 19.8, ""usg_pct"": 0.2, ""archetype"": ""RIM_RUNNER"", ""updated_at"": ""2026-01-20 01:19:46"", ""season_id"": ""22025"", ""is_active"": 0, ""roster_updated_at"": null}","{""player_id"": ""28368759882"", ""name"": ""Anthony Davis"", ""team"": ""DAL"", ""position"": ""C"", ""status"": ""ACTIVE"", ""base_ppg"": 19.8, ""usg_pct"": 0.2, ""archetype"": ""RIM_RUNNER"", ""updated_at"": ""2026-01-20 01:19:46"", ""season_id"": ""22025"", ""is_active"": 1, ""roster_updated_at"": null}"
28378011729,"{""player_id"": ""28378011729"", ""name"": ""Gary Harris"", ""team"": ""MIL"", ""position"": ""G"", ""status"": ""ACTIVE"", ""base_ppg"": 2.5, ""usg_pct"": 0.2, ""archetype"": null, ""updated_at"": ""2026-01-20 01:19:46"", ""season_id"": ""22025"", ""is_active"": 0, ""roster_updated_at"": null}","{""player_id"": ""28378011729"", ""name"": ""Gary Harris"", ""team"": ""MIL"", ""position"": ""G"", ""status"": ""ACTIVE"", ""base_ppg"": 2.5, ""usg_pct"": 0.2, ""archetype"": null, ""updated_at"": ""2026-01-20 01:19:46"", ""season_id"": ""22025"", ""is_active"": 1, ""roster_updated_at"": null}"
28378697869,"{""player_id"": ""28378697869"", ""name"": ""Mo Bamba"", ""team"": ""TOR"", ""position"": ""UNK"", ""status"": ""ACTIVE"", ""base_ppg"": 0.0, ""usg_pct"": 0.2, ""archetype"": null, ""updated_at"": ""2026-01-19 09:03:51"", ""season_id"": ""22025"", ""is_active"": 0, ""roster_updated_at"": null}","{""player_id"": ""28378697869"", ""name"": ""Mo Bamba"", ""team"": ""TOR"", ""position"": ""UNK"", ""status"": ""ACTIVE"", ""base_ppg"": 0.0, ""usg_pct"": 0.2, ""archetype"": null, ""updated_at"": ""2026-01-19 09:03:51"", ""season_id"": ""22025"", ""is_active"": 1, ""roster_updated_at"": null}"
28388872047,"{""player_id"": ""28388872047"", ""name"": ""Immanuel Quickley"", ""team"": ""TOR"", ""position"": ""G"", ""status"": ""ACTIVE"", ""base_ppg"": 17.8, ""usg_pct"": 0.2, ""archetype"": ""GENERALIST"", ""updated_at"": ""2026-01-20 01:19:46"", ""season_id"": ""22025"", ""is_active"": 0, ""roster_updated_at"": null}","{""player_id"": ""28388872047"", ""name"": ""Immanuel Quickley"", ""team"": ""TOR"", ""position"": ""G"", ""status"": ""ACTIVE"", ""base_ppg"": 17.8, ""usg_pct"": 0.2, ""archetype"": ""GENERALIST"", ""updated_at"": ""2026-01-20 01:19:46"", ""season_id"": ""22025"", ""is_active"": 1, ""roster_updated_at"": null}"
28398362027,"{""player_id"": ""28398362027"", ""name"": ""Pat Spencer"", ""team"": ""GS"", ""position"": ""UNK"", ""status"": ""ACTIVE"", ""base_ppg"": 0.6, ""usg_pct"": 0.2, ""archetype"": null, ""updated_at"": ""2026-01-19 09:03:51"", ""season_id"": ""22025"", ""is_active"": 0, ""roster_updated_at"": null}","{""player_id"": ""28398362027"", ""name"": ""Pat Spencer"", ""team"": ""GS"", ""position"": ""UNK"", ""status"": ""ACTIVE"", ""base_ppg"": 0.6, ""usg_pct"": 0.2, ""archetype"": null, ""updated_at"": ""2026-01-19 09:03:51"", ""season_id"": ""22025"", ""is_active"": 1, ""roster_updated_at"": null}"
28398571099,"{""player_id"": ""28398571099"", ""name"": ""Ivica Zubac"", ""team"": ""LAC"", ""position"": ""C"", ""status"": ""ACTIVE"", ""base_ppg"": 11.9, ""usg_pct"": 0.2, ""archetype"": ""RIM_RUNNER"", ""updated_at"": ""2026-01-20 01:19:46"", ""season_id"": ""22025"", ""is_active"": 0, ""roster_updated_at"": null}","{""player_id"": ""28398571099"", ""name"": ""Ivica Zubac"", ""team"": ""LAC"", ""position"": ""C"", ""status"": ""ACTIVE"", ""base_ppg"": 11.9, ""usg_pct"": 0.2, ""archetype"": ""RIM_RUNNER"", ""updated_at"": ""2026-01-20 01:19:46"", ""season_id"": ""22025"", ""is_active"": 1, ""roster_updated_at"": null}"
28398879047,"{""player_id"": ""28398879047"", ""name"": ""Tyrese Martin"", ""team"": ""BKN"", ""position"": ""UNK"", ""status"": ""ACTIVE"", ""base_ppg"": 6.4, ""usg_pct"": 0.2, ""archetype"": null, ""updated_at"": ""2026-01-19 09:03:51"", ""season_id"": ""22025"", ""is_active"": 0, ""roster_updated_at"": null}","{""player_id"": ""28398879047"", ""name"": ""Tyrese Martin"", ""team"": ""BKN"", ""position"": ""UNK"", ""status"": ""ACTIVE"", ""base_ppg"": 6.4, ""usg_pct"": 0.2, ""archetype"": null, ""updated_at"": ""2026-01-19 09:03:51"", ""season_id"": ""22025"", ""is_active"": 1, ""roster_updated_at"": null}"
28398922762,"{""player_id"": ""28398922762"", ""name"": ""Bismack Biyombo"", ""team"": ""SA"", ""position"": ""UNK"", ""status"": ""ACTIVE"", ""base_ppg"": 0.0, ""usg_pct"": 0.2, ""archetype"": null, ""updated_at"": ""2026-01-19 09:03:51"", ""season_id"": ""22025"", ""is_active"": 0, ""roster_updated_at"": null}","{""player_id"": ""28398922762"", ""name"": ""Bismack Biyombo"", ""team"": ""SA"", ""position"": ""UNK"", ""status"": ""ACTIVE"", ""base_ppg"": 0.0, ""usg_pct"": 0.2, ""archetype"": null, ""updated_at"": ""2026-01-19 09:03:51"", ""season_id"": ""22025"", ""is_active"": 1, ""roster_updated_at"": null}"
28408697869,"{""player_id"": ""28408697869"", ""name"": ""Jericho Sims"", ""team"": ""MIL"", ""position"": ""C"", ""status"": ""ACTIVE"", ""base_ppg"": 1.0, ""usg_pct"": 0.2, ""archetype"": null, ""updated_at"": ""2026-01-20 01:19:46"", ""season_id"": ""22025"", ""is_active"": 0, ""roster_updated_at"": null}","{""player_id"": ""28408697869"", ""name"": ""Jericho Sims"", ""team"": ""MIL"", ""position"": ""C"", ""status"": ""ACTIVE"", ""base_ppg"": 1.0, ""usg_pct"": 0.2, ""archetype"": null, ""updated_at"": ""2026-01-20 01:19:46"", ""season_id"": ""22025"", ""is_active"": 1, ""roster_updated_at"": null}"
28408839869,"{""player_id"": ""28408839869"", ""name"": ""Jamal Cain"", ""team"": ""ORL"", ""position"": ""F"", ""status"": ""ACTIVE"", ""base_ppg"": 1.7, ""usg_pct"": 0.2, ""archetype"": ""GENERALIST"", ""updated_at"": ""2026-01-20 01:19:46"", ""season_id"": ""22025"", ""is_active"": 0, ""roster_updated_at"": null}","{""player_id"": ""28408839869"", ""name"": ""Jamal Cain"", ""team"": ""ORL"", ""position"": ""F"", ""status"": ""ACTIVE"", ""base_ppg"": 1.7, ""usg_pct"": 0.2, ""archetype"": ""GENERALIST"", ""updated_at"": ""2026-01-20 01:19:46"", ""season_id"": ""22025"", ""is_active"": 1, ""roster_updated_at"": null}"
284288569441,"{""player_id"": ""284288569441"", ""name"": ""Javonte Cooke"", ""team"": ""POR"", ""position"": ""G"", ""status"": ""ACTIVE"", ""base_ppg"": 1.5, ""usg_pct"": 0.2, ""archetype"": null, ""updated_at"": ""2026-01-20 01:19:46"", ""season_id"": ""22025"", ""is_active"": 0, ""roster_updated_at"": null}","{""player_id"": ""284288569441"", ""name"": ""Javonte Cooke"", ""team"": ""POR"", ""position"": ""G"", ""status"": ""ACTIVE"", ""base_ppg"": 1.5, ""usg_pct"": 0.2, ""archetype"": null, ""updated_at"": ""2026-01-20 01:19:46"", ""season_id"": ""22025"", ""is_active"": 1, ""roster_updated_at"": null}"
28438011729,"{""player_id"": ""28438011729"", ""name"": ""Julius Randle"", ""team"": ""MIN"", ""position"": ""F"", ""status"": ""ACTIVE"", ""base_ppg"": 23.1, ""usg_pct"": 0.2, ""archetype"": ""GENERALIST"", ""updated_at"": ""2026-01-20 01:19:46"", ""season_id"": ""22025"", ""is_active"": 0, ""roster_updated_at"": null}","{""player_id"": ""28438011729"", ""name"": ""Julius Randle"", ""team"": ""MIN"", ""position"": ""F"", ""status"": ""ACTIVE"", ""base_ppg"": 23.1, ""usg_pct"": 0.2, ""archetype"": ""GENERALIST"", ""updated_at"": ""2026-01-20 01:19:46"", ""season_id"": ""22025"", ""is_active"": 1, ""roster_updated_at"": null}"
28438359069,"{""player_id"": ""28438359069"", ""name"": ""Donovan Mitchell"", ""team"": ""CLE"", ""position"": ""G"", ""status"": ""ACTIVE"", ""base_ppg"": 27.1, ""usg_pct"": 0.2, ""archetype"": ""GENERALIST"", ""updated_at"": ""2026-01-20 01:19:46"", ""season_id"": ""22025"", ""is_active"": 0, ""roster_updated_at"": null}","{""player_id"": ""28438359069"", ""name"": ""Donovan Mitchell"", ""team"": ""CLE"", ""position"": ""G"", ""status"": ""ACTIVE"", ""base_ppg"": 27.1, ""usg_pct"": 0.2, ""archetype"": ""GENERALIST"", ""updated_at"": ""2026-01-20 01:19:46"", ""season_id"": ""22025"", ""is_active"": 1, ""roster_updated_at"": null}"
28438647869,"{""player_id"": ""28438647869"", ""name"": ""Jordan Goodwin"", ""team"": ""PHO"", ""position"": ""UNK"", ""status"": ""ACTIVE"", ""base_ppg"": 9.7, ""usg_pct"": 0.2, ""archetype"": ""GENERALIST"", ""updated_at"": ""2026-01-19 09:03:51"", ""season_id"": ""22025"", ""is_active"": 0, ""roster_updated_at"": null}","{""player_id"": ""28438647869"", ""name"": ""Jordan Goodwin"", ""team"": ""PHO"", ""position"": ""UNK"", ""status"": ""ACTIVE"", ""base_ppg"": 9.7, ""usg_pct"": 0.2, ""archetype"": ""GENERALIST"", ""updated_at"": ""2026-01-19 09:03:51"", ""season_id"": ""22025"", ""is_active"": 1, ""roster_updated_at"": null}"
28438899869,"{""player_id"": ""28438899869"", ""name"": ""Wendell Carter Jr."", ""team"": ""ORL"", ""position"": ""C"", ""status"": ""ACTIVE"", ""base_ppg"": 13.3, ""usg_pct"": 0.2, ""archetype"": null, ""updated_at"": ""2026-01-20 01:19:46"", ""season_id"": ""22025"", ""is_active"": 0, ""roster_updated_at"": null}","{""player_id"": ""28438899869"", ""name"": ""Wendell Carter Jr."", ""team"": ""ORL"", ""position"": ""C"", ""status"": ""ACTIVE"", ""base_ppg"": 13.3, ""usg_pct"": 0.2, ""archetype"": null, ""updated_at"": ""2026-01-20 01:19:46"", ""season_id"": ""22025"", ""is_active"": 1, ""roster_updated_at"": null}"
28468335129,"{""player_id"": ""28468335129"", ""name"": ""Dillon Brooks"", ""team"": ""PHO"", ""position"": ""UNK"", ""status"": ""ACTIVE"", ""base_ppg"": 18.3, ""usg_pct"": 0.2, ""archetype"": ""GENERALIST"", ""updated_at"": ""2026-01-19 09:03:51"", ""season_id"": ""22025"", ""is_active"": 0, ""roster_updated_at"": null}","{""player_id"": ""28468335129"", ""name"": ""Dillon Brooks"", ""team"": ""PHO"", ""position"": ""UNK"", ""status"": ""ACTIVE"", ""base_ppg"": 18.3, ""usg_pct"": 0.2, ""archetype"": ""GENERALIST"", ""updated_at"": ""2026-01-19 09:03:51"", ""season_id"": ""22025"", ""is_active"": 1, ""roster_updated_at"": null}"
28468852047,"{""player_id"": ""28468852047"", ""name"": ""Isaiah Joe"", ""team"": ""OKC"", ""position"": ""G"", ""status"": ""ACTIVE"", ""base_ppg"": 5.7, ""usg_pct"": 0.2, ""archetype"": ""GENERALIST"", ""updated_at"": ""2026-01-20 01:19:46"", ""season_id"": ""22025"", ""is_active"": 0, ""roster_updated_at"": null}","{""player_id"": ""28468852047"", ""name"": ""Isaiah Joe"", ""team"": ""OKC"", ""position"": ""G"", ""status"": ""ACTIVE"", ""base_ppg"": 5.7, ""usg_pct"": 0.2, ""archetype"": ""GENERALIST"", ""updated_at"": ""2026-01-20 01:19:46"", ""season_id"": ""22025"", ""is_active"": 1, ""roster_updated_at"": null}"
28478050069,"{""player_id"": ""28478050069"", ""name"": ""Derrick White"", ""team"": ""BOS"", ""position"": ""G"", ""status"": ""ACTIVE"", ""base_ppg"": 16.9, ""usg_pct"": 0.2, ""archetype"": ""BALL_HOG"", ""updated_at"": ""2026-01-20 01:19:45"", ""season_id"": ""22025"", ""is_active"": 0, ""roster_updated_at"": null}","{""player_id"": ""28478050069"", ""name"": ""Derrick White"", ""team"": ""BOS"", ""position"": ""G"", ""status"": ""ACTIVE"", ""base_ppg"": 16.9, ""usg_pct"": 0.2, ""archetype"": ""BALL_HOG"", ""updated_at"": ""2026-01-20 01:19:45"", ""season_id"": ""22025"", ""is_active"": 1, ""roster_updated_at"": null}"
28478359129,"{""player_id"": ""28478359129"", ""name"": ""D'Angelo Russell"", ""team"": ""DAL"", ""position"": ""G"", ""status"": ""ACTIVE"", ""base_ppg"": 8.0, ""usg_pct"": 0.2, ""archetype"": null, ""updated_at"": ""2026-01-20 01:19:46"", ""season_id"": ""22025"", ""is_active"": 0, ""roster_updated_at"": null}","{""player_id"": ""28478359129"", ""name"": ""D'Angelo Russell"", ""team"": ""DAL"", ""position"": ""G"", ""status"": ""ACTIVE"", ""base_ppg"": 8.0, ""usg_pct"": 0.2, ""archetype"": null, ""updated_at"": ""2026-01-20 01:19:46"", ""season_id"": ""22025"", ""is_active"": 1, ""roster_updated_at"": null}"
28478964652,"{""player_id"": ""28478964652"", ""name"": ""Tobias Harris"", ""team"": ""DET"", ""position"": ""F"", ""status"": ""ACTIVE"", ""base_ppg"": 11.5, ""usg_pct"": 0.2, ""archetype"": null, ""updated_at"": ""2026-01-20 01:19:46"", ""season_id"": ""22025"", ""is_active"": 0, ""roster_updated_at"": null}","{""player_id"": ""28478964652"", ""name"": ""Tobias Harris"", ""team"": ""DET"", ""position"": ""F"", ""status"": ""ACTIVE"", ""base_ppg"": 11.5, ""usg_pct"": 0.2, ""archetype"": null, ""updated_at"": ""2026-01-20 01:19:46"", ""season_id"": ""22025"", ""is_active"": 1, ""roster_updated_at"": null}"
28488839869,"{""player_id"": ""28488839869"", ""name"": ""Jordan Poole"", ""team"": ""NO"", ""position"": ""UNK"", ""status"": ""ACTIVE"", ""base_ppg"": 10.2, ""usg_pct"": 0.2, ""archetype"": ""GENERALIST"", ""updated_at"": ""2026-01-19 09:03:51"", ""season_id"": ""22025"", ""is_active"": 0, ""roster_updated_at"": null}","{""player_id"": ""28488839869"", ""name"": ""Jordan Poole"", ""team"": ""NO"", ""position"": ""UNK"", ""status"": ""ACTIVE"", ""base_ppg"": 10.2, ""usg_pct"": 0.2, ""archetype"": ""GENERALIST"", ""updated_at"": ""2026-01-19 09:03:51"", ""season_id"": ""22025"", ""is_active"": 1, ""roster_updated_at"": null}"
28488847869,"{""player_id"": ""28488847869"", ""name"": ""Jamaree Bouyea"", ""team"": ""PHO"", ""position"": ""UNK"", ""status"": ""ACTIVE"", ""base_ppg"": 6.0, ""usg_pct"": 0.2, ""archetype"": null, ""updated_at"": ""2026-01-19 09:03:51"", ""season_id"": ""22025"", ""is_active"": 0, ""roster_updated_at"": null}","{""player_id"": ""28488847869"", ""name"": ""Jamaree Bouyea"", ""team"": ""PHO"", ""position"": ""UNK"", ""status"": ""ACTIVE"", ""base_ppg"": 6.0, ""usg_pct"": 0.2, ""archetype"": null, ""updated_at"": ""2026-01-19 09:03:51"", ""season_id"": ""22025"", ""is_active"": 1, ""roster_updated_at"": null}"
28498171099,"{""player_id"": ""28498171099"", ""name"": ""Guerschon Yabusele"", ""team"": ""NY"", ""position"": ""UNK"", ""status"": ""ACTIVE"", ""base_ppg"": 2.6, ""usg_pct"": 0.2, ""archetype"": ""GENERALIST"", ""updated_at"": ""2026-01-19 09:03:51"", ""season_id"": ""22025"", ""is_active"": 0, ""roster_updated_at"": null}","{""player_id"": ""28498171099"", ""name"": ""Guerschon Yabusele"", ""team"": ""NY"", ""position"": ""UNK"", ""status"": ""ACTIVE"", ""base_ppg"": 2.6, ""usg_pct"": 0.2, ""archetype"": ""GENERALIST"", ""updated_at"": ""2026-01-19 09:03:51"", ""season_id"": ""22025"", ""is_active"": 1, ""roster_updated_at"": null}"
28498807869,"{""player_id"": ""28498807869"", ""name"": ""Collin Gillespie"", ""team"": ""PHO"", ""position"": ""UNK"", ""status"": ""ACTIVE"", ""base_ppg"": 10.4, ""usg_pct"": 0.2, ""archetype"": ""GENERALIST"", ""updated_at"": ""2026-01-19 09:03:51"", ""season_id"": ""22025"", ""is_active"": 0, ""roster_updated_at"": null}","{""player_id"": ""28498807869"", ""name"": ""Collin Gillespie"", ""team"": ""PHO"", ""position"": ""UNK"", ""status"": ""ACTIVE"", ""base_ppg"": 10.4, ""usg_pct"": 0.2, ""archetype"": ""GENERALIST"", ""updated_at"": ""2026-01-19 09:03:51"", ""season_id"": ""22025"", ""is_active"": 1, ""roster_updated_at"": null}"
28508519869,"{""player_id"": ""28508519869"", ""name"": ""Nick Richards"", ""team"": ""PHO"", ""position"": ""UNK"", ""status"": ""ACTIVE"", ""base_ppg"": 2.0, ""usg_pct"": 0.2, ""archetype"": null, ""updated_at"": ""2026-01-19 09:03:51"", ""season_id"": ""22025"", ""is_active"": 0, ""roster_updated_at"": null}","{""player_id"": ""28508519869"", ""name"": ""Nick Richards"", ""team"": ""PHO"", ""position"": ""UNK"", ""status"": ""ACTIVE"", ""base_ppg"": 2.0, ""usg_pct"": 0.2, ""archetype"": null, ""updated_at"": ""2026-01-19 09:03:51"", ""season_id"": ""22025"", ""is_active"": 1, ""roster_updated_at"": null}"
28508546399,"{""player_id"": ""28508546399"", ""name"": ""Dru Smith"", ""team"": ""MIA"", ""position"": ""G"", ""status"": ""ACTIVE"", ""base_ppg"": 4.6, ""usg_pct"": 0.2, ""archetype"": ""GENERALIST"", ""updated_at"": ""2026-01-20 01:19:46"", ""season_id"": ""22025"", ""is_active"": 0, ""roster_updated_at"": null}","{""player_id"": ""28508546399"", ""name"": ""Dru Smith"", ""team"": ""MIA"", ""position"": ""G"", ""status"": ""ACTIVE"", ""base_ppg"": 4.6, ""usg_pct"": 0.2, ""archetype"": ""GENERALIST"", ""updated_at"": ""2026-01-20 01:19:46"", ""season_id"": ""22025"", ""is_active"": 1, ""roster_updated_at"": null}"
28508911729,"{""player_id"": ""28508911729"", ""name"": ""Doug McDermott"", ""team"": ""SAC"", ""position"": ""F"", ""status"": ""ACTIVE"", ""base_ppg"": 1.5, ""usg_pct"": 0.2, ""archetype"": null, ""updated_at"": ""2026-01-20 01:19:46"", ""season_id"": ""22025"", ""is_active"": 0, ""roster_updated_at"": null}","{""player_id"": ""28508911729"", ""name"": ""Doug McDermott"", ""team"": ""SAC"", ""position"": ""F"", ""status"": ""ACTIVE"", ""base_ppg"": 1.5, ""usg_pct"": 0.2, ""archetype"": null, ""updated_at"": ""2026-01-20 01:19:46"", ""season_id"": ""22025"", ""is_active"": 1, ""roster_updated_at"": null}"
28518491632,"{""player_id"": ""28518491632"", ""name"": ""Jrue Holiday"", ""team"": ""POR"", ""position"": ""G"", ""status"": ""ACTIVE"", ""base_ppg"": 10.2, ""usg_pct"": 0.2, ""archetype"": null, ""updated_at"": ""2026-01-20 01:19:46"", ""season_id"": ""22025"", ""is_active"": 0, ""roster_updated_at"": null}","{""player_id"": ""28518491632"", ""name"": ""Jrue Holiday"", ""team"": ""POR"", ""position"": ""G"", ""status"": ""ACTIVE"", ""base_ppg"": 10.2, ""usg_pct"": 0.2, ""archetype"": null, ""updated_at"": ""2026-01-20 01:19:46"", ""season_id"": ""22025"", ""is_active"": 1, ""roster_updated_at"": null}"
28528317499,"{""player_id"": ""28528317499"", ""name"": ""Jalen Brunson"", ""team"": ""NY"", ""position"": ""UNK"", ""status"": ""ACTIVE"", ""base_ppg"": 23.3, ""usg_pct"": 0.2, ""archetype"": ""GENERALIST"", ""updated_at"": ""2026-01-19 09:03:51"", ""season_id"": ""22025"", ""is_active"": 0, ""roster_updated_at"": null}","{""player_id"": ""28528317499"", ""name"": ""Jalen Brunson"", ""team"": ""NY"", ""position"": ""UNK"", ""status"": ""ACTIVE"", ""base_ppg"": 23.3, ""usg_pct"": 0.2, ""archetype"": ""GENERALIST"", ""updated_at"": ""2026-01-19 09:03:51"", ""season_id"": ""22025"", ""is_active"": 1, ""roster_updated_at"": null}"
28528519129,"{""player_id"": ""28528519129"", ""name"": ""Svi Mykhailiuk"", ""team"": ""UTA"", ""position"": ""F"", ""status"": ""ACTIVE"", ""base_ppg"": 8.4, ""usg_pct"": 0.2, ""archetype"": ""GENERALIST"", ""updated_at"": ""2026-01-20 01:19:46"", ""season_id"": ""22025"", ""is_active"": 0, ""roster_updated_at"": null}","{""player_id"": ""28528519129"", ""name"": ""Svi Mykhailiuk"", ""team"": ""UTA"", ""position"": ""F"", ""status"": ""ACTIVE"", ""base_ppg"": 8.4, ""usg_pct"": 0.2, ""archetype"": ""GENERALIST"", ""updated_at"": ""2026-01-20 01:19:46"", ""season_id"": ""22025"", ""is_active"": 1, ""roster_updated_at"": null}"
28528628027,"{""player_id"": ""28528628027"", ""name"": ""Quenton Jackson"", ""team"": ""IND"", ""position"": ""G"", ""status"": ""ACTIVE"", ""base_ppg"": 7.4, ""usg_pct"": 0.2, ""archetype"": null, ""updated_at"": ""2026-01-20 01:19:46"", ""season_id"": ""22025"", ""is_active"": 0, ""roster_updated_at"": null}","{""player_id"": ""28528628027"", ""name"": ""Quenton Jackson"", ""team"": ""IND"", ""position"": ""G"", ""status"": ""ACTIVE"", ""base_ppg"": 7.4, ""usg_pct"": 0.2, ""archetype"": null, ""updated_at"": ""2026-01-20 01:19:46"", ""season_id"": ""22025"", ""is_active"": 1, ""roster_updated_at"": null}"
28538771482,"{""player_id"": ""28538771482"", ""name"": ""Larry Nance Jr."", ""team"": ""CLE"", ""position"": ""F"", ""status"": ""ACTIVE"", ""base_ppg"": 3.0, ""usg_pct"": 0.2, ""archetype"": null, ""updated_at"": ""2026-01-20 01:19:46"", ""season_id"": ""22025"", ""is_active"": 0, ""roster_updated_at"": null}","{""player_id"": ""28538771482"", ""name"": ""Larry Nance Jr."", ""team"": ""CLE"", ""position"": ""F"", ""status"": ""ACTIVE"", ""base_ppg"": 3.0, ""usg_pct"": 0.2, ""archetype"": null, ""updated_at"": ""2026-01-20 01:19:46"", ""season_id"": ""22025"", ""is_active"": 1, ""roster_updated_at"": null}"
28538790482,"{""player_id"": ""28538790482"", ""name"": ""Royce O'Neale"", ""team"": ""PHO"", ""position"": ""UNK"", ""status"": ""ACTIVE"", ""base_ppg"": 10.8, ""usg_pct"": 0.2, ""archetype"": ""TWO_WAY_WING"", ""updated_at"": ""2026-01-19 09:03:51"", ""season_id"": ""22025"", ""is_active"": 0, ""roster_updated_at"": null}","{""player_id"": ""28538790482"", ""name"": ""Royce O'Neale"", ""team"": ""PHO"", ""position"": ""UNK"", ""status"": ""ACTIVE"", ""base_ppg"": 10.8, ""usg_pct"": 0.2, ""archetype"": ""TWO_WAY_WING"", ""updated_at"": ""2026-01-19 09:03:51"", ""season_id"": ""22025"", ""is_active"": 1, ""roster_updated_at"": null}"
28556362792,"{""player_id"": ""28556362792"", ""name"": ""Al Horford"", ""team"": ""GS"", ""position"": ""UNK"", ""status"": ""ACTIVE"", ""base_ppg"": 7.8, ""usg_pct"": 0.2, ""archetype"": ""STRETCH_BIG"", ""updated_at"": ""2026-01-19 09:03:51"", ""season_id"": ""22025"", ""is_active"": 0, ""roster_updated_at"": null}","{""player_id"": ""28556362792"", ""name"": ""Al Horford"", ""team"": ""GS"", ""position"": ""UNK"", ""status"": ""ACTIVE"", ""base_ppg"": 7.8, ""usg_pct"": 0.2, ""archetype"": ""STRETCH_BIG"", ""updated_at"": ""2026-01-19 09:03:51"", ""season_id"": ""22025"", ""is_active"": 1, ""roster_updated_at"": null}"
28558319499,"{""player_id"": ""28558319499"", ""name"": ""Terance Mann"", ""team"": ""BKN"", ""position"": ""UNK"", ""status"": ""ACTIVE"", ""base_ppg"": 6.5, ""usg_pct"": 0.2, ""archetype"": null, ""updated_at"": ""2026-01-19 09:03:51"", ""season_id"": ""22025"", ""is_active"": 0, ""roster_updated_at"": null}","{""player_id"": ""28558319499"", ""name"": ""Terance Mann"", ""team"": ""BKN"", ""position"": ""UNK"", ""status"": ""ACTIVE"", ""base_ppg"": 6.5, ""usg_pct"": 0.2, ""archetype"": null, ""updated_at"": ""2026-01-19 09:03:51"", ""season_id"": ""22025"", ""is_active"": 1, ""roster_updated_at"": null}"
28578616399,"{""player_id"": ""28578616399"", ""name"": ""Jarrett Allen"", ""team"": ""CLE"", ""position"": ""C"", ""status"": ""ACTIVE"", ""base_ppg"": 11.7, ""usg_pct"": 0.2, ""archetype"": ""RIM_RUNNER"", ""updated_at"": ""2026-01-20 01:19:46"", ""season_id"": ""22025"", ""is_active"": 0, ""roster_updated_at"": null}","{""player_id"": ""28578616399"", ""name"": ""Jarrett Allen"", ""team"": ""CLE"", ""position"": ""C"", ""status"": ""ACTIVE"", ""base_ppg"": 11.7, ""usg_pct"": 0.2, ""archetype"": ""RIM_RUNNER"", ""updated_at"": ""2026-01-20 01:19:46"", ""season_id"": ""22025"", ""is_active"": 1, ""roster_updated_at"": null}"
28598696399,"{""player_id"": ""28598696399"", ""name"": ""Kevin Huerter"", ""team"": ""CHI"", ""position"": ""G"", ""status"": ""ACTIVE"", ""base_ppg"": 9.4, ""usg_pct"": 0.2, ""archetype"": ""GENERALIST"", ""updated_at"": ""2026-01-20 01:19:46"", ""season_id"": ""22025"", ""is_active"": 0, ""roster_updated_at"": null}","{""player_id"": ""28598696399"", ""name"": ""Kevin Huerter"", ""team"": ""CHI"", ""position"": ""G"", ""status"": ""ACTIVE"", ""base_ppg"": 9.4, ""usg_pct"": 0.2, ""archetype"": ""GENERALIST"", ""updated_at"": ""2026-01-20 01:19:46"", ""season_id"": ""22025"", ""is_active"": 1, ""roster_updated_at"": null}"
28628119129,"{""player_id"": ""28628119129"", ""name"": ""Kelly Oubre Jr."", ""team"": ""PHI"", ""position"": ""F"", ""status"": ""ACTIVE"", ""base_ppg"": 6.8, ""usg_pct"": 0.2, ""archetype"": null, ""updated_at"": ""2026-01-20 01:19:46"", ""season_id"": ""22025"", ""is_active"": 0, ""roster_updated_at"": null}","{""player_id"": ""28628119129"", ""name"": ""Kelly Oubre Jr."", ""team"": ""PHI"", ""position"": ""F"", ""status"": ""ACTIVE"", ""base_ppg"": 6.8, ""usg_pct"": 0.2, ""archetype"": null, ""updated_at"": ""2026-01-20 01:19:46"", ""season_id"": ""22025"", ""is_active"": 1, ""roster_updated_at"": null}"
28648396399,"{""player_id"": ""28648396399"", ""name"": ""Duop Reath"", ""team"": ""POR"", ""position"": ""C"", ""status"": ""ACTIVE"", ""base_ppg"": 3.8, ""usg_pct"": 0.2, ""archetype"": null, ""updated_at"": ""2026-01-20 01:19:46"", ""season_id"": ""22025"", ""is_active"": 0, ""roster_updated_at"": null}","{""player_id"": ""28648396399"", ""name"": ""Duop Reath"", ""team"": ""POR"", ""position"": ""C"", ""status"": ""ACTIVE"", ""base_ppg"": 3.8, ""usg_pct"": 0.2, ""archetype"": null, ""updated_at"": ""2026-01-20 01:19:46"", ""season_id"": ""22025"", ""is_active"": 1, ""roster_updated_at"": null}"
28668639869,"{""player_id"": ""28668639869"", ""name"": ""Isaiah Livers"", ""team"": ""PHO"", ""position"": ""UNK"", ""status"": ""ACTIVE"", ""base_ppg"": 1.7, ""usg_pct"": 0.2, ""archetype"": ""GENERALIST"", ""updated_at"": ""2026-01-19 09:03:51"", ""season_id"": ""22025"", ""is_active"": 0, ""roster_updated_at"": null}","{""player_id"": ""28668639869"", ""name"": ""Isaiah Livers"", ""team"": ""PHO"", ""position"": ""UNK"", ""status"": ""ACTIVE"", ""base_ppg"": 1.7, ""usg_pct"": 0.2, ""archetype"": ""GENERALIST"", ""updated_at"": ""2026-01-19 09:03:51"", ""season_id"": ""22025"", ""is_active"": 1, ""roster_updated_at"": null}"
28668759882,"{""player_id"": ""28668759882"", ""name"": ""Andre Drummond"", ""team"": ""PHI"", ""position"": ""C"", ""status"": ""ACTIVE"", ""base_ppg"": 5.4, ""usg_pct"": 0.2, ""archetype"": null, ""updated_at"": ""2026-01-20 01:19:46"", ""season_id"": ""22025"", ""is_active"": 0, ""roster_updated_at"": null}","{""player_id"": ""28668759882"", ""name"": ""Andre Drummond"", ""team"": ""PHI"", ""position"": ""C"", ""status"": ""ACTIVE"", ""base_ppg"": 5.4, ""usg_pct"": 0.2, ""archetype"": null, ""updated_at"": ""2026-01-20 01:19:46"", ""season_id"": ""22025"", ""is_active"": 1, ""roster_updated_at"": null}"
28678802027,"{""player_id"": ""28678802027"", ""name"": ""Precious Achiuwa"", ""team"": ""SAC"", ""position"": ""F"", ""status"": ""ACTIVE"", ""base_ppg"": 9.6, ""usg_pct"": 0.2, ""archetype"": ""GENERALIST"", ""updated_at"": ""2026-01-20 01:19:46"", ""season_id"": ""22025"", ""is_active"": 0, ""roster_updated_at"": null}","{""player_id"": ""28678802027"", ""name"": ""Precious Achiuwa"", ""team"": ""SAC"", ""position"": ""F"", ""status"": ""ACTIVE"", ""base_ppg"": 9.6, ""usg_pct"": 0.2, ""archetype"": ""GENERALIST"", ""updated_at"": ""2026-01-20 01:19:46"", ""season_id"": ""22025"", ""is_active"": 1, ""roster_updated_at"": null}"
28688014329,"{""player_id"": ""28688014329"", ""name"": ""Duncan Robinson"", ""team"": ""DET"", ""position"": ""G"", ""status"": ""ACTIVE"", ""base_ppg"": 13.9, ""usg_pct"": 0.2, ""archetype"": ""GENERALIST"", ""updated_at"": ""2026-01-20 01:19:46"", ""season_id"": ""22025"", ""is_active"": 0, ""roster_updated_at"": null}","{""player_id"": ""28688014329"", ""name"": ""Duncan Robinson"", ""team"": ""DET"", ""position"": ""G"", ""status"": ""ACTIVE"", ""base_ppg"": 13.9, ""usg_pct"": 0.2, ""archetype"": ""GENERALIST"", ""updated_at"": ""2026-01-20 01:19:46"", ""season_id"": ""22025"", ""is_active"": 1, ""roster_updated_at"": null}"
28688877869,"{""player_id"": ""28688877869"", ""name"": ""Keaton Wallace"", ""team"": ""ATL"", ""position"": ""G"", ""status"": ""ACTIVE"", ""base_ppg"": 5.0, ""usg_pct"": 0.2, ""archetype"": null, ""updated_at"": ""2026-01-20 01:19:45"", ""season_id"": ""22025"", ""is_active"": 0, ""roster_updated_at"": null}","{""player_id"": ""28688877869"", ""name"": ""Keaton Wallace"", ""team"": ""ATL"", ""position"": ""G"", ""status"": ""ACTIVE"", ""base_ppg"": 5.0, ""usg_pct"": 0.2, ""archetype"": null, ""updated_at"": ""2026-01-20 01:19:45"", ""season_id"": ""22025"", ""is_active"": 1, ""roster_updated_at"": null}"
28698659869,"{""player_id"": ""28698659869"", ""name"": ""Michael Porter Jr."", ""team"": ""BKN"", ""position"": ""UNK"", ""status"": ""ACTIVE"", ""base_ppg"": 25.5, ""usg_pct"": 0.2, ""archetype"": null, ""updated_at"": ""2026-01-19 09:03:51"", ""season_id"": ""22025"", ""is_active"": 0, ""roster_updated_at"": null}","{""player_id"": ""28698659869"", ""name"": ""Michael Porter Jr."", ""team"": ""BKN"", ""position"": ""UNK"", ""status"": ""ACTIVE"", ""base_ppg"": 25.5, ""usg_pct"": 0.2, ""archetype"": null, ""updated_at"": ""2026-01-19 09:03:51"", ""season_id"": ""22025"", ""is_active"": 1, ""roster_updated_at"": null}"
28708111729,"{""player_id"": ""28708111729"", ""name"": ""Zach LaVine"", ""team"": ""SAC"", ""position"": ""G"", ""status"": ""ACTIVE"", ""base_ppg"": 19.0, ""usg_pct"": 0.2, ""archetype"": null, ""updated_at"": ""2026-01-20 01:19:46"", ""season_id"": ""22025"", ""is_active"": 0, ""roster_updated_at"": null}","{""player_id"": ""28708111729"", ""name"": ""Zach LaVine"", ""team"": ""SAC"", ""position"": ""G"", ""status"": ""ACTIVE"", ""base_ppg"": 19.0, ""usg_pct"": 0.2, ""archetype"": null, ""updated_at"": ""2026-01-20 01:19:46"", ""season_id"": ""22025"", ""is_active"": 1, ""roster_updated_at"": null}"
2871601440,"{""player_id"": ""2871601440"", ""name"": ""LeBron James"", ""team"": ""LAL"", ""position"": ""F"", ""status"": ""ACTIVE"", ""base_ppg"": 26.9, ""usg_pct"": 0.2, ""archetype"": ""BALL_HOG"", ""updated_at"": ""2026-01-20 01:19:46"", ""season_id"": ""22025"", ""is_active"": 0, ""roster_updated_at"": null}","{""player_id"": ""2871601440"", ""name"": ""LeBron James"", ""team"": ""LAL"", ""position"": ""F"", ""status"": ""ACTIVE"", ""base_ppg"": 26.9, ""usg_pct"": 0.2, ""archetype"": ""BALL_HOG"", ""updated_at"": ""2026-01-20 01:19:46"", ""season_id"": ""22025"", ""is_active"": 1, ""roster_updated_at"": null}"
28728269882,"{""player_id"": ""28728269882"", ""name"": ""Khris Middleton"", ""team"": ""WAS"", ""position"": ""F"", ""status"": ""ACTIVE"", ""base_ppg"": 9.9, ""usg_pct"": 0.2, ""archetype"": null, ""updated_at"": ""2026-01-20 01:19:47"", ""season_id"": ""22025"", ""is_active"": 0, ""roster_updated_at"": null}","{""player_id"": ""28728269882"", ""name"": ""Khris Middleton"", ""team"": ""WAS"", ""position"": ""F"", ""status"": ""ACTIVE"", ""base_ppg"": 9.9, ""usg_pct"": 0.2, ""archetype"": null, ""updated_at"": ""2026-01-20 01:19:47"", ""season_id"": ""22025"", ""is_active"": 1, ""roster_updated_at"": null}"
28728760482,"{""player_id"": ""28728760482"", ""name"": ""Pat Connaughton"", ""team"": ""CHA"", ""position"": ""G"", ""status"": ""ACTIVE"", ""base_ppg"": 1.7, ""usg_pct"": 0.2, ""archetype"": null, ""updated_at"": ""2026-01-20 01:19:45"", ""season_id"": ""22025"", ""is_active"": 0, ""roster_updated_at"": null}","{""player_id"": ""28728760482"", ""name"": ""Pat Connaughton"", ""team"": ""CHA"", ""position"": ""G"", ""status"": ""ACTIVE"", ""base_ppg"": 1.7, ""usg_pct"": 0.2, ""archetype"": null, ""updated_at"": ""2026-01-20 01:19:45"", ""season_id"": ""22025"", ""is_active"": 1, ""roster_updated_at"": null}"
28738011729,"{""player_id"": ""28738011729"", ""name"": ""Marcus Smart"", ""team"": ""LAL"", ""position"": ""G"", ""status"": ""ACTIVE"", ""base_ppg"": 10.6, ""usg_pct"": 0.2, ""archetype"": ""TWO_WAY_WING"", ""updated_at"": ""2026-01-20 01:19:46"", ""season_id"": ""22025"", ""is_active"": 0, ""roster_updated_at"": null}","{""player_id"": ""28738011729"", ""name"": ""Marcus Smart"", ""team"": ""LAL"", ""position"": ""G"", ""status"": ""ACTIVE"", ""base_ppg"": 10.6, ""usg_pct"": 0.2, ""archetype"": ""TWO_WAY_WING"", ""updated_at"": ""2026-01-20 01:19:46"", ""season_id"": ""22025"", ""is_active"": 1, ""roster_updated_at"": null}"
28748519499,"{""player_id"": ""28748519499"", ""name"": ""Brandon Ingram"", ""team"": ""TOR"", ""position"": ""F"", ""status"": ""ACTIVE"", ""base_ppg"": 20.0, ""usg_pct"": 0.2, ""archetype"": ""GENERALIST"", ""updated_at"": ""2026-01-20 01:19:46"", ""season_id"": ""22025"", ""is_active"": 0, ""roster_updated_at"": null}","{""player_id"": ""28748519499"", ""name"": ""Brandon Ingram"", ""team"": ""TOR"", ""position"": ""F"", ""status"": ""ACTIVE"", ""base_ppg"": 20.0, ""usg_pct"": 0.2, ""archetype"": ""GENERALIST"", ""updated_at"": ""2026-01-20 01:19:46"", ""season_id"": ""22025"", ""is_active"": 1, ""roster_updated_at"": null}"
28748746099,"{""player_id"": ""28748746099"", ""name"": ""Dorian Finney-Smith"", ""team"": ""HOU"", ""position"": ""F"", ""status"": ""ACTIVE"", ""base_ppg"": 2.0, ""usg_pct"": 0.2, ""archetype"": ""GENERALIST"", ""updated_at"": ""2026-01-20 01:19:46"", ""season_id"": ""22025"", ""is_active"": 0, ""roster_updated_at"": null}","{""player_id"": ""28748746099"", ""name"": ""Dorian Finney-Smith"", ""team"": ""HOU"", ""position"": ""F"", ""status"": ""ACTIVE"", ""base_ppg"": 2.0, ""usg_pct"": 0.2, ""archetype"": ""GENERALIST"", ""updated_at"": ""2026-01-20 01:19:46"", ""season_id"": ""22025"", ""is_active"": 1, ""roster_updated_at"": null}"
28756362792,"{""player_id"": ""28756362792"", ""name"": ""Jeff Green"", ""team"": ""HOU"", ""position"": ""F"", ""status"": ""ACTIVE"", ""base_ppg"": 3.0, ""usg_pct"": 0.2, ""archetype"": null, ""updated_at"": ""2026-01-20 01:19:46"", ""season_id"": ""22025"", ""is_active"": 0, ""roster_updated_at"": null}","{""player_id"": ""28756362792"", ""name"": ""Jeff Green"", ""team"": ""HOU"", ""position"": ""F"", ""status"": ""ACTIVE"", ""base_ppg"": 3.0, ""usg_pct"": 0.2, ""archetype"": null, ""updated_at"": ""2026-01-20 01:19:46"", ""season_id"": ""22025"", ""is_active"": 1, ""roster_updated_at"": null}"
28768121429,"{""player_id"": ""28768121429"", ""name"": ""Luke Kornet"", ""team"": ""SA"", ""position"": ""UNK"", ""status"": ""ACTIVE"", ""base_ppg"": 8.9, ""usg_pct"": 0.2, ""archetype"": ""GENERALIST"", ""updated_at"": ""2026-01-19 09:03:51"", ""season_id"": ""22025"", ""is_active"": 0, ""roster_updated_at"": null}","{""player_id"": ""28768121429"", ""name"": ""Luke Kornet"", ""team"": ""SA"", ""position"": ""UNK"", ""status"": ""ACTIVE"", ""base_ppg"": 8.9, ""usg_pct"": 0.2, ""archetype"": ""GENERALIST"", ""updated_at"": ""2026-01-19 09:03:51"", ""season_id"": ""22025"", ""is_active"": 1, ""roster_updated_at"": null}"
28778011729,"{""player_id"": ""28778011729"", ""name"": ""Jerami Grant"", ""team"": ""POR"", ""position"": ""F"", ""status"": ""ACTIVE"", ""base_ppg"": 19.0, ""usg_pct"": 0.2, ""archetype"": null, ""updated_at"": ""2026-01-20 01:19:46"", ""season_id"": ""22025"", ""is_active"": 0, ""roster_updated_at"": null}","{""player_id"": ""28778011729"", ""name"": ""Jerami Grant"", ""team"": ""POR"", ""position"": ""F"", ""status"": ""ACTIVE"", ""base_ppg"": 19.0, ""usg_pct"": 0.2, ""archetype"": null, ""updated_at"": ""2026-01-20 01:19:46"", ""season_id"": ""22025"", ""is_active"": 1, ""roster_updated_at"": null}"
28778646789,"{""player_id"": ""28778646789"", ""name"": ""Shai Gilgeous-Alexander"", ""team"": ""OKC"", ""position"": ""G"", ""status"": ""ACTIVE"", ""base_ppg"": 30.5, ""usg_pct"": 0.2, ""archetype"": ""BALL_HOG"", ""updated_at"": ""2026-01-20 01:19:46"", ""season_id"": ""22025"", ""is_active"": 0, ""roster_updated_at"": null}","{""player_id"": ""28778646789"", ""name"": ""Shai Gilgeous-Alexander"", ""team"": ""OKC"", ""position"": ""G"", ""status"": ""ACTIVE"", ""base_ppg"": 30.5, ""usg_pct"": 0.2, ""archetype"": ""BALL_HOG"", ""updated_at"": ""2026-01-20 01:19:46"", ""season_id"": ""22025"", ""is_active"": 1, ""roster_updated_at"": null}"
28786609932,"{""player_id"": ""28786609932"", ""name"": ""Nicolas Batum"", ""team"": ""LAC"", ""position"": ""F"", ""status"": ""ACTIVE"", ""base_ppg"": 5.6, ""usg_pct"": 0.2, ""archetype"": ""GENERALIST"", ""updated_at"": ""2026-01-20 01:19:46"", ""season_id"": ""22025"", ""is_active"": 0, ""roster_updated_at"": null}","{""player_id"": ""28786609932"", ""name"": ""Nicolas Batum"", ""team"": ""LAC"", ""position"": ""F"", ""status"": ""ACTIVE"", ""base_ppg"": 5.6, ""usg_pct"": 0.2, ""archetype"": ""GENERALIST"", ""updated_at"": ""2026-01-20 01:19:46"", ""season_id"": ""22025"", ""is_active"": 1, ""roster_updated_at"": null}"
28788121429,"{""player_id"": ""28788121429"", ""name"": ""Josh Hart"", ""team"": ""NY"", ""position"": ""UNK"", ""status"": ""ACTIVE"", ""base_ppg"": 11.0, ""usg_pct"": 0.2, ""archetype"": null, ""updated_at"": ""2026-01-19 09:03:51"", ""season_id"": ""22025"", ""is_active"": 0, ""roster_updated_at"": null}","{""player_id"": ""28788121429"", ""name"": ""Josh Hart"", ""team"": ""NY"", ""position"": ""UNK"", ""status"": ""ACTIVE"", ""base_ppg"": 11.0, ""usg_pct"": 0.2, ""archetype"": null, ""updated_at"": ""2026-01-19 09:03:51"", ""season_id"": ""22025"", ""is_active"": 1, ""roster_updated_at"": null}"
28788530069,"{""player_id"": ""28788530069"", ""name"": ""Lauri Markkanen"", ""team"": ""UTA"", ""position"": ""F"", ""status"": ""ACTIVE"", ""base_ppg"": 29.4, ""usg_pct"": 0.2, ""archetype"": ""STRETCH_BIG"", ""updated_at"": ""2026-01-20 01:19:46"", ""season_id"": ""22025"", ""is_active"": 0, ""roster_updated_at"": null}","{""player_id"": ""28788530069"", ""name"": ""Lauri Markkanen"", ""team"": ""UTA"", ""position"": ""F"", ""status"": ""ACTIVE"", ""base_ppg"": 29.4, ""usg_pct"": 0.2, ""archetype"": ""STRETCH_BIG"", ""updated_at"": ""2026-01-20 01:19:46"", ""season_id"": ""22025"", ""is_active"": 1, ""roster_updated_at"": null}"
28788839869,"{""player_id"": ""28788839869"", ""name"": ""Jaren Jackson Jr."", ""team"": ""MEM"", ""position"": ""F"", ""status"": ""ACTIVE"", ""base_ppg"": 20.4, ""usg_pct"": 0.2, ""archetype"": ""TWO_WAY_WING"", ""updated_at"": ""2026-01-20 01:19:46"", ""season_id"": ""22025"", ""is_active"": 0, ""roster_updated_at"": null}","{""player_id"": ""28788839869"", ""name"": ""Jaren Jackson Jr."", ""team"": ""MEM"", ""position"": ""F"", ""status"": ""ACTIVE"", ""base_ppg"": 20.4, ""usg_pct"": 0.2, ""archetype"": ""TWO_WAY_WING"", ""updated_at"": ""2026-01-20 01:19:46"", ""season_id"": ""22025"", ""is_active"": 1, ""roster_updated_at"": null}"
28798822047,"{""player_id"": ""28798822047"", ""name"": ""Saddiq Bey"", ""team"": ""NO"", ""position"": ""UNK"", ""status"": ""ACTIVE"", ""base_ppg"": 14.2, ""usg_pct"": 0.2, ""archetype"": null, ""updated_at"": ""2026-01-19 09:03:51"", ""season_id"": ""22025"", ""is_active"": 0, ""roster_updated_at"": null}","{""player_id"": ""28798822047"", ""name"": ""Saddiq Bey"", ""team"": ""NO"", ""position"": ""UNK"", ""status"": ""ACTIVE"", ""base_ppg"": 14.2, ""usg_pct"": 0.2, ""archetype"": null, ""updated_at"": ""2026-01-19 09:03:51"", ""season_id"": ""22025"", ""is_active"": 1, ""roster_updated_at"": null}"
28798911729,"{""player_id"": ""28798911729"", ""name"": ""Jordan Clarkson"", ""team"": ""NY"", ""position"": ""UNK"", ""status"": ""ACTIVE"", ""base_ppg"": 7.9, ""usg_pct"": 0.2, ""archetype"": ""GENERALIST"", ""updated_at"": ""2026-01-19 09:03:51"", ""season_id"": ""22025"", ""is_active"": 0, ""roster_updated_at"": null}","{""player_id"": ""28798911729"", ""name"": ""Jordan Clarkson"", ""team"": ""NY"", ""position"": ""UNK"", ""status"": ""ACTIVE"", ""base_ppg"": 7.9, ""usg_pct"": 0.2, ""archetype"": ""GENERALIST"", ""updated_at"": ""2026-01-19 09:03:51"", ""season_id"": ""22025"", ""is_active"": 1, ""roster_updated_at"": null}"
28806501129,"{""player_id"": ""28806501129"", ""name"": ""Joe Ingles"", ""team"": ""MIN"", ""position"": ""G"", ""status"": ""ACTIVE"", ""base_ppg"": 1.8, ""usg_pct"": 0.2, ""archetype"": null, ""updated_at"": ""2026-01-20 01:19:46"", ""season_id"": ""22025"", ""is_active"": 0, ""roster_updated_at"": null}","{""player_id"": ""28806501129"", ""name"": ""Joe Ingles"", ""team"": ""MIN"", ""position"": ""G"", ""status"": ""ACTIVE"", ""base_ppg"": 1.8, ""usg_pct"": 0.2, ""archetype"": null, ""updated_at"": ""2026-01-20 01:19:46"", ""season_id"": ""22025"", ""is_active"": 1, ""roster_updated_at"": null}"
28818211729,"{""player_id"": ""28818211729"", ""name"": ""Dwight Powell"", ""team"": ""DAL"", ""position"": ""C"", ""status"": ""ACTIVE"", ""base_ppg"": 5.2, ""usg_pct"": 0.2, ""archetype"": null, ""updated_at"": ""2026-01-20 01:19:46"", ""season_id"": ""22025"", ""is_active"": 0, ""roster_updated_at"": null}","{""player_id"": ""28818211729"", ""name"": ""Dwight Powell"", ""team"": ""DAL"", ""position"": ""C"", ""status"": ""ACTIVE"", ""base_ppg"": 5.2, ""usg_pct"": 0.2, ""archetype"": null, ""updated_at"": ""2026-01-20 01:19:46"", ""season_id"": ""22025"", ""is_active"": 1, ""roster_updated_at"": null}"
28828385129,"{""player_id"": ""28828385129"", ""name"": ""Gabe Vincent"", ""team"": ""LAL"", ""position"": ""G"", ""status"": ""ACTIVE"", ""base_ppg"": 5.7, ""usg_pct"": 0.2, ""archetype"": null, ""updated_at"": ""2026-01-20 01:19:46"", ""season_id"": ""22025"", ""is_active"": 0, ""roster_updated_at"": null}","{""player_id"": ""28828385129"", ""name"": ""Gabe Vincent"", ""team"": ""LAL"", ""position"": ""G"", ""status"": ""ACTIVE"", ""base_ppg"": 5.7, ""usg_pct"": 0.2, ""archetype"": null, ""updated_at"": ""2026-01-20 01:19:46"", ""season_id"": ""22025"", ""is_active"": 1, ""roster_updated_at"": null}"
28828541179,"{""player_id"": ""28828541179"", ""name"": ""De'Aaron Fox"", ""team"": ""SA"", ""position"": ""UNK"", ""status"": ""ACTIVE"", ""base_ppg"": 17.3, ""usg_pct"": 0.2, ""archetype"": ""GENERALIST"", ""updated_at"": ""2026-01-19 09:03:51"", ""season_id"": ""22025"", ""is_active"": 0, ""roster_updated_at"": null}","{""player_id"": ""28828541179"", ""name"": ""De'Aaron Fox"", ""team"": ""SA"", ""position"": ""UNK"", ""status"": ""ACTIVE"", ""base_ppg"": 17.3, ""usg_pct"": 0.2, ""archetype"": ""GENERALIST"", ""updated_at"": ""2026-01-19 09:03:51"", ""season_id"": ""22025"", ""is_active"": 1, ""roster_updated_at"": null}"
28838048249,"{""player_id"": ""28838048249"", ""name"": ""Caris LeVert"", ""team"": ""DET"", ""position"": ""G"", ""status"": ""ACTIVE"", ""base_ppg"": 6.2, ""usg_pct"": 0.2, ""archetype"": null, ""updated_at"": ""2026-01-20 01:19:46"", ""season_id"": ""22025"", ""is_active"": 0, ""roster_updated_at"": null}","{""player_id"": ""28838048249"", ""name"": ""Caris LeVert"", ""team"": ""DET"", ""position"": ""G"", ""status"": ""ACTIVE"", ""base_ppg"": 6.2, ""usg_pct"": 0.2, ""archetype"": null, ""updated_at"": ""2026-01-20 01:19:46"", ""season_id"": ""22025"", ""is_active"": 1, ""roster_updated_at"": null}"
28838607869,"{""player_id"": ""28838607869"", ""name"": ""Mitchell Robinson"", ""team"": ""NY"", ""position"": ""UNK"", ""status"": ""ACTIVE"", ""base_ppg"": 4.4, ""usg_pct"": 0.2, ""archetype"": ""GENERALIST"", ""updated_at"": ""2026-01-19 09:03:51"", ""season_id"": ""22025"", ""is_active"": 0, ""roster_updated_at"": null}","{""player_id"": ""28838607869"", ""name"": ""Mitchell Robinson"", ""team"": ""NY"", ""position"": ""UNK"", ""status"": ""ACTIVE"", ""base_ppg"": 4.4, ""usg_pct"": 0.2, ""archetype"": ""GENERALIST"", ""updated_at"": ""2026-01-19 09:03:51"", ""season_id"": ""22025"", ""is_active"": 1, ""roster_updated_at"": null}"
28868008399,"{""player_id"": ""28868008399"", ""name"": ""Alex Caruso"", ""team"": ""OKC"", ""position"": ""G"", ""status"": ""ACTIVE"", ""base_ppg"": 6.1, ""usg_pct"": 0.2, ""archetype"": null, ""updated_at"": ""2026-01-20 01:19:46"", ""season_id"": ""22025"", ""is_active"": 0, ""roster_updated_at"": null}","{""player_id"": ""28868008399"", ""name"": ""Alex Caruso"", ""team"": ""OKC"", ""position"": ""G"", ""status"": ""ACTIVE"", ""base_ppg"": 6.1, ""usg_pct"": 0.2, ""archetype"": null, ""updated_at"": ""2026-01-20 01:19:46"", ""season_id"": ""22025"", ""is_active"": 1, ""roster_updated_at"": null}"
28878866227,"{""player_id"": ""28878866227"", ""name"": ""Goga Bitadze"", ""team"": ""ORL"", ""position"": ""C"", ""status"": ""ACTIVE"", ""base_ppg"": 6.6, ""usg_pct"": 0.2, ""archetype"": ""GENERALIST"", ""updated_at"": ""2026-01-20 01:19:46"", ""season_id"": ""22025"", ""is_active"": 0, ""roster_updated_at"": null}","{""player_id"": ""28878866227"", ""name"": ""Goga Bitadze"", ""team"": ""ORL"", ""position"": ""C"", ""status"": ""ACTIVE"", ""base_ppg"": 6.6, ""usg_pct"": 0.2, ""archetype"": ""GENERALIST"", ""updated_at"": ""2026-01-20 01:19:46"", ""season_id"": ""22025"", ""is_active"": 1, ""roster_updated_at"": null}"
28898319129,"{""player_id"": ""28898319129"", ""name"": ""Devin Booker"", ""team"": ""PHO"", ""position"": ""UNK"", ""status"": ""ACTIVE"", ""base_ppg"": 24.5, ""usg_pct"": 0.2, ""archetype"": ""BALL_HOG"", ""updated_at"": ""2026-01-19 09:03:51"", ""season_id"": ""22025"", ""is_active"": 0, ""roster_updated_at"": null}","{""player_id"": ""28898319129"", ""name"": ""Devin Booker"", ""team"": ""PHO"", ""position"": ""UNK"", ""status"": ""ACTIVE"", ""base_ppg"": 24.5, ""usg_pct"": 0.2, ""archetype"": ""BALL_HOG"", ""updated_at"": ""2026-01-19 09:03:51"", ""season_id"": ""22025"", ""is_active"": 1, ""roster_updated_at"": null}"
28918559499,"{""player_id"": ""28918559499"", ""name"": ""Jamal Murray"", ""team"": ""DEN"", ""position"": ""G"", ""status"": ""ACTIVE"", ""base_ppg"": 28.1, ""usg_pct"": 0.2, ""archetype"": ""BALL_HOG"", ""updated_at"": ""2026-01-20 01:19:46"", ""season_id"": ""22025"", ""is_active"": 0, ""roster_updated_at"": null}","{""player_id"": ""28918559499"", ""name"": ""Jamal Murray"", ""team"": ""DEN"", ""position"": ""G"", ""status"": ""ACTIVE"", ""base_ppg"": 28.1, ""usg_pct"": 0.2, ""archetype"": ""BALL_HOG"", ""updated_at"": ""2026-01-20 01:19:46"", ""season_id"": ""22025"", ""is_active"": 1, ""roster_updated_at"": null}"
28918682869,"{""player_id"": ""28918682869"", ""name"": ""Herbert Jones"", ""team"": ""NO"", ""position"": ""UNK"", ""status"": ""ACTIVE"", ""base_ppg"": 3.0, ""usg_pct"": 0.2, ""archetype"": null, ""updated_at"": ""2026-01-19 09:03:51"", ""season_id"": ""22025"", ""is_active"": 0, ""roster_updated_at"": null}","{""player_id"": ""28918682869"", ""name"": ""Herbert Jones"", ""team"": ""NO"", ""position"": ""UNK"", ""status"": ""ACTIVE"", ""base_ppg"": 3.0, ""usg_pct"": 0.2, ""archetype"": null, ""updated_at"": ""2026-01-19 09:03:51"", ""season_id"": ""22025"", ""is_active"": 1, ""roster_updated_at"": null}"
28928846789,"{""player_id"": ""28928846789"", ""name"": ""Marvin Bagley III"", ""team"": ""WAS"", ""position"": ""C"", ""status"": ""ACTIVE"", ""base_ppg"": 10.2, ""usg_pct"": 0.2, ""archetype"": null, ""updated_at"": ""2026-01-20 01:19:47"", ""season_id"": ""22025"", ""is_active"": 0, ""roster_updated_at"": null}","{""player_id"": ""28928846789"", ""name"": ""Marvin Bagley III"", ""team"": ""WAS"", ""position"": ""C"", ""status"": ""ACTIVE"", ""base_ppg"": 10.2, ""usg_pct"": 0.2, ""archetype"": null, ""updated_at"": ""2026-01-20 01:19:47"", ""season_id"": ""22025"", ""is_active"": 1, ""roster_updated_at"": null}"
28928862047,"{""player_id"": ""28928862047"", ""name"": ""Neemias Queta"", ""team"": ""BOS"", ""position"": ""C"", ""status"": ""ACTIVE"", ""base_ppg"": 10.8, ""usg_pct"": 0.2, ""archetype"": ""RIM_RUNNER"", ""updated_at"": ""2026-01-20 01:19:45"", ""season_id"": ""22025"", ""is_active"": 0, ""roster_updated_at"": null}","{""player_id"": ""28928862047"", ""name"": ""Neemias Queta"", ""team"": ""BOS"", ""position"": ""C"", ""status"": ""ACTIVE"", ""base_ppg"": 10.8, ""usg_pct"": 0.2, ""archetype"": ""RIM_RUNNER"", ""updated_at"": ""2026-01-20 01:19:45"", ""season_id"": ""22025"", ""is_active"": 1, ""roster_updated_at"": null}"
28938576399,"{""player_id"": ""28938576399"", ""name"": ""Lindy Waters III"", ""team"": ""SA"", ""position"": ""UNK"", ""status"": ""ACTIVE"", ""base_ppg"": 2.2, ""usg_pct"": 0.2, ""archetype"": ""GENERALIST"", ""updated_at"": ""2026-01-19 09:03:51"", ""season_id"": ""22025"", ""is_active"": 0, ""roster_updated_at"": null}","{""player_id"": ""28938576399"", ""name"": ""Lindy Waters III"", ""team"": ""SA"", ""position"": ""UNK"", ""status"": ""ACTIVE"", ""base_ppg"": 2.2, ""usg_pct"": 0.2, ""archetype"": ""GENERALIST"", ""updated_at"": ""2026-01-19 09:03:51"", ""season_id"": ""22025"", ""is_active"": 1, ""roster_updated_at"": null}"
28948619869,"{""player_id"": ""28948619869"", ""name"": ""Luka Garza"", ""team"": ""BOS"", ""position"": ""F"", ""status"": ""ACTIVE"", ""base_ppg"": 8.8, ""usg_pct"": 0.2, ""archetype"": ""GENERALIST"", ""updated_at"": ""2026-01-20 01:19:45"", ""season_id"": ""22025"", ""is_active"": 0, ""roster_updated_at"": null}","{""player_id"": ""28948619869"", ""name"": ""Luka Garza"", ""team"": ""BOS"", ""position"": ""F"", ""status"": ""ACTIVE"", ""base_ppg"": 8.8, ""usg_pct"": 0.2, ""archetype"": ""GENERALIST"", ""updated_at"": ""2026-01-20 01:19:45"", ""season_id"": ""22025"", ""is_active"": 1, ""roster_updated_at"": null}"
28958859869,"{""player_id"": ""28958859869"", ""name"": ""Ja Morant"", ""team"": ""MEM"", ""position"": ""G"", ""status"": ""ACTIVE"", ""base_ppg"": 20.0, ""usg_pct"": 0.2, ""archetype"": null, ""updated_at"": ""2026-01-20 01:19:46"", ""season_id"": ""22025"", ""is_active"": 0, ""roster_updated_at"": null}","{""player_id"": ""28958859869"", ""name"": ""Ja Morant"", ""team"": ""MEM"", ""position"": ""G"", ""status"": ""ACTIVE"", ""base_ppg"": 20.0, ""usg_pct"": 0.2, ""archetype"": null, ""updated_at"": ""2026-01-20 01:19:46"", ""season_id"": ""22025"", ""is_active"": 1, ""roster_updated_at"": null}"
28958935349,"{""player_id"": ""28958935349"", ""name"": ""Tim Hardaway Jr."", ""team"": ""DEN"", ""position"": ""G"", ""status"": ""ACTIVE"", ""base_ppg"": 18.8, ""usg_pct"": 0.2, ""archetype"": ""SNIPER"", ""updated_at"": ""2026-01-20 01:19:46"", ""season_id"": ""22025"", ""is_active"": 0, ""roster_updated_at"": null}","{""player_id"": ""28958935349"", ""name"": ""Tim Hardaway Jr."", ""team"": ""DEN"", ""position"": ""G"", ""status"": ""ACTIVE"", ""base_ppg"": 18.8, ""usg_pct"": 0.2, ""archetype"": ""SNIPER"", ""updated_at"": ""2026-01-20 01:19:46"", ""season_id"": ""22025"", ""is_active"": 1, ""roster_updated_at"": null}"
28968147129,"{""player_id"": ""28968147129"", ""name"": ""Jevon Carter"", ""team"": ""CHI"", ""position"": ""G"", ""status"": ""ACTIVE"", ""base_ppg"": 3.0, ""usg_pct"": 0.2, ""archetype"": null, ""updated_at"": ""2026-01-20 01:19:46"", ""season_id"": ""22025"", ""is_active"": 0, ""roster_updated_at"": null}","{""player_id"": ""28968147129"", ""name"": ""Jevon Carter"", ""team"": ""CHI"", ""position"": ""G"", ""status"": ""ACTIVE"", ""base_ppg"": 3.0, ""usg_pct"": 0.2, ""archetype"": null, ""updated_at"": ""2026-01-20 01:19:46"", ""season_id"": ""22025"", ""is_active"": 1, ""roster_updated_at"": null}"
28968646399,"{""player_id"": ""28968646399"", ""name"": ""Rui Hachimura"", ""team"": ""LAL"", ""position"": ""F"", ""status"": ""ACTIVE"", ""base_ppg"": 7.0, ""usg_pct"": 0.2, ""archetype"": null, ""updated_at"": ""2026-01-20 01:19:46"", ""season_id"": ""22025"", ""is_active"": 0, ""roster_updated_at"": null}","{""player_id"": ""28968646399"", ""name"": ""Rui Hachimura"", ""team"": ""LAL"", ""position"": ""F"", ""status"": ""ACTIVE"", ""base_ppg"": 7.0, ""usg_pct"": 0.2, ""archetype"": null, ""updated_at"": ""2026-01-20 01:19:46"", ""season_id"": ""22025"", ""is_active"": 1, ""roster_updated_at"": null}"
28978111729,"{""player_id"": ""28978111729"", ""name"": ""Aaron Gordon"", ""team"": ""DEN"", ""position"": ""F"", ""status"": ""ACTIVE"", ""base_ppg"": 16.4, ""usg_pct"": 0.2, ""archetype"": null, ""updated_at"": ""2026-01-20 01:19:46"", ""season_id"": ""22025"", ""is_active"": 0, ""roster_updated_at"": null}","{""player_id"": ""28978111729"", ""name"": ""Aaron Gordon"", ""team"": ""DEN"", ""position"": ""F"", ""status"": ""ACTIVE"", ""base_ppg"": 16.4, ""usg_pct"": 0.2, ""archetype"": null, ""updated_at"": ""2026-01-20 01:19:46"", ""season_id"": ""22025"", ""is_active"": 1, ""roster_updated_at"": null}"
28978550069,"{""player_id"": ""28978550069"", ""name"": ""OG Anunoby"", ""team"": ""NY"", ""position"": ""UNK"", ""status"": ""ACTIVE"", ""base_ppg"": 18.1, ""usg_pct"": 0.2, ""archetype"": ""TWO_WAY_WING"", ""updated_at"": ""2026-01-19 09:03:51"", ""season_id"": ""22025"", ""is_active"": 0, ""roster_updated_at"": null}","{""player_id"": ""28978550069"", ""name"": ""OG Anunoby"", ""team"": ""NY"", ""position"": ""UNK"", ""status"": ""ACTIVE"", ""base_ppg"": 18.1, ""usg_pct"": 0.2, ""archetype"": ""TWO_WAY_WING"", ""updated_at"": ""2026-01-19 09:03:51"", ""season_id"": ""22025"", ""is_active"": 1, ""roster_updated_at"": null}"
28988459882,"{""player_id"": ""28988459882"", ""name"": ""Draymond Green"", ""team"": ""GS"", ""position"": ""UNK"", ""status"": ""ACTIVE"", ""base_ppg"": 10.0, ""usg_pct"": 0.2, ""archetype"": ""BALL_HOG"", ""updated_at"": ""2026-01-19 09:03:51"", ""season_id"": ""22025"", ""is_active"": 0, ""roster_updated_at"": null}","{""player_id"": ""28988459882"", ""name"": ""Draymond Green"", ""team"": ""GS"", ""position"": ""UNK"", ""status"": ""ACTIVE"", ""base_ppg"": 10.0, ""usg_pct"": 0.2, ""archetype"": ""BALL_HOG"", ""updated_at"": ""2026-01-19 09:03:51"", ""season_id"": ""22025"", ""is_active"": 1, ""roster_updated_at"": null}"
28998641179,"{""player_id"": ""28998641179"", ""name"": ""Malik Monk"", ""team"": ""SAC"", ""position"": ""G"", ""status"": ""ACTIVE"", ""base_ppg"": 10.3, ""usg_pct"": 0.2, ""archetype"": null, ""updated_at"": ""2026-01-20 01:19:46"", ""season_id"": ""22025"", ""is_active"": 0, ""roster_updated_at"": null}","{""player_id"": ""28998641179"", ""name"": ""Malik Monk"", ""team"": ""SAC"", ""position"": ""G"", ""status"": ""ACTIVE"", ""base_ppg"": 10.3, ""usg_pct"": 0.2, ""archetype"": null, ""updated_at"": ""2026-01-20 01:19:46"", ""season_id"": ""22025"", ""is_active"": 1, ""roster_updated_at"": null}"
940047414489,"{""player_id"": ""940047414489"", ""name"": ""Ausar Thompson"", ""team"": ""DET"", ""position"": ""F"", ""status"": ""ACTIVE"", ""base_ppg"": 8.4, ""usg_pct"": 0.2, ""archetype"": ""GENERALIST"", ""updated_at"": ""2026-01-20 01:19:46"", ""season_id"": ""22025"", ""is_active"": 0, ""roster_updated_at"": null}","{""player_id"": ""940047414489"", ""name"": ""Ausar Thompson"", ""team"": ""DET"", ""position"": ""F"", ""status"": ""ACTIVE"", ""base_ppg"": 8.4, ""usg_pct"": 0.2, ""archetype"": ""GENERALIST"", ""updated_at"": ""2026-01-20 01:19:46"", ""season_id"": ""22025"", ""is_active"": 1, ""roster_updated_at"": null}"
940140705489,"{""player_id"": ""940140705489"", ""name"": ""Rayan Rupert"", ""team"": ""POR"", ""position"": ""G"", ""status"": ""ACTIVE"", ""base_ppg"": 4.6, ""usg_pct"": 0.2, ""archetype"": ""GENERALIST"", ""updated_at"": ""2026-01-20 01:19:46"", ""season_id"": ""22025"", ""is_active"": 0, ""roster_updated_at"": null}","{""player_id"": ""940140705489"", ""name"": ""Rayan Rupert"", ""team"": ""POR"", ""position"": ""G"", ""status"": ""ACTIVE"", ""base_ppg"": 4.6, ""usg_pct"": 0.2, ""archetype"": ""GENERALIST"", ""updated_at"": ""2026-01-20 01:19:46"", ""season_id"": ""22025"", ""is_active"": 1, ""roster_updated_at"": null}"
94014298027,"{""player_id"": ""94014298027"", ""name"": ""Deni Avdija"", ""team"": ""POR"", ""position"": ""G"", ""status"": ""ACTIVE"", ""base_ppg"": 30.3, ""usg_pct"": 0.2, ""archetype"": ""BALL_HOG"", ""updated_at"": ""2026-01-20 01:19:46"", ""season_id"": ""22025"", ""is_active"": 0, ""roster_updated_at"": null}","{""player_id"": ""94014298027"", ""name"": ""Deni Avdija"", ""team"": ""POR"", ""position"": ""G"", ""status"": ""ACTIVE"", ""base_ppg"": 30.3, ""usg_pct"": 0.2, ""archetype"": ""BALL_HOG"", ""updated_at"": ""2026-01-20 01:19:46"", ""season_id"": ""22025"", ""is_active"": 1, ""roster_updated_at"": null}"
94014426027,"{""player_id"": ""94014426027"", ""name"": ""Josh Green"", ""team"": ""CHA"", ""position"": ""F"", ""status"": ""ACTIVE"", ""base_ppg"": 2.8, ""usg_pct"": 0.2, ""archetype"": ""GENERALIST"", ""updated_at"": ""2026-01-20 01:19:45"", ""season_id"": ""22025"", ""is_active"": 0, ""roster_updated_at"": null}","{""player_id"": ""94014426027"", ""name"": ""Josh Green"", ""team"": ""CHA"", ""position"": ""F"", ""status"": ""ACTIVE"", ""base_ppg"": 2.8, ""usg_pct"": 0.2, ""archetype"": ""GENERALIST"", ""updated_at"": ""2026-01-20 01:19:45"", ""season_id"": ""22025"", ""is_active"": 1, ""roster_updated_at"": null}"
940149561339,"{""player_id"": ""940149561339"", ""name"": ""Ariel Hukporti"", ""team"": ""NY"", ""position"": ""UNK"", ""status"": ""ACTIVE"", ""base_ppg"": 2.2, ""usg_pct"": 0.2, ""archetype"": ""GENERALIST"", ""updated_at"": ""2026-01-19 09:03:51"", ""season_id"": ""22025"", ""is_active"": 0, ""roster_updated_at"": null}","{""player_id"": ""940149561339"", ""name"": ""Ariel Hukporti"", ""team"": ""NY"", ""position"": ""UNK"", ""status"": ""ACTIVE"", ""base_ppg"": 2.2, ""usg_pct"": 0.2, ""archetype"": ""GENERALIST"", ""updated_at"": ""2026-01-19 09:03:51"", ""season_id"": ""22025"", ""is_active"": 1, ""roster_updated_at"": null}"
94024206527,"{""player_id"": ""94024206527"", ""name"": ""Chaz Lanier"", ""team"": ""DET"", ""position"": ""G"", ""status"": ""ACTIVE"", ""base_ppg"": 4.0, ""usg_pct"": 0.2, ""archetype"": null, ""updated_at"": ""2026-01-20 01:19:46"", ""season_id"": ""22025"", ""is_active"": 0, ""roster_updated_at"": null}","{""player_id"": ""94024206527"", ""name"": ""Chaz Lanier"", ""team"": ""DET"", ""position"": ""G"", ""status"": ""ACTIVE"", ""base_ppg"": 4.0, ""usg_pct"": 0.2, ""archetype"": null, ""updated_at"": ""2026-01-20 01:19:46"", ""season_id"": ""22025"", ""is_active"": 1, ""roster_updated_at"": null}"
940247765539,"{""player_id"": ""940247765539"", ""name"": ""Caleb Houstan"", ""team"": ""ATL"", ""position"": ""F"", ""status"": ""ACTIVE"", ""base_ppg"": 1.5, ""usg_pct"": 0.2, ""archetype"": null, ""updated_at"": ""2026-01-20 01:19:45"", ""season_id"": ""22025"", ""is_active"": 0, ""roster_updated_at"": null}","{""player_id"": ""940247765539"", ""name"": ""Caleb Houstan"", ""team"": ""ATL"", ""position"": ""F"", ""status"": ""ACTIVE"", ""base_ppg"": 1.5, ""usg_pct"": 0.2, ""archetype"": null, ""updated_at"": ""2026-01-20 01:19:45"", ""season_id"": ""22025"", ""is_active"": 1, ""roster_updated_at"": null}"
940249443139,"{""player_id"": ""940249443139"", ""name"": ""Sion James"", ""team"": ""CHA"", ""position"": ""G"", ""status"": ""ACTIVE"", ""base_ppg"": 5.6, ""usg_pct"": 0.2, ""archetype"": ""GENERALIST"", ""updated_at"": ""2026-01-20 01:19:45"", ""season_id"": ""22025"", ""is_active"": 0, ""roster_updated_at"": null}","{""player_id"": ""940249443139"", ""name"": ""Sion James"", ""team"": ""CHA"", ""position"": ""G"", ""status"": ""ACTIVE"", ""base_ppg"": 5.6, ""usg_pct"": 0.2, ""archetype"": ""GENERALIST"", ""updated_at"": ""2026-01-20 01:19:45"", ""season_id"": ""22025"", ""is_active"": 1, ""roster_updated_at"": null}"
940249982639,"{""player_id"": ""940249982639"", ""name"": ""Jaden Hardy"", ""team"": ""DAL"", ""position"": ""G"", ""status"": ""ACTIVE"", ""base_ppg"": 12.0, ""usg_pct"": 0.2, ""archetype"": null, ""updated_at"": ""2026-01-20 01:19:46"", ""season_id"": ""22025"", ""is_active"": 0, ""roster_updated_at"": null}","{""player_id"": ""940249982639"", ""name"": ""Jaden Hardy"", ""team"": ""DAL"", ""position"": ""G"", ""status"": ""ACTIVE"", ""base_ppg"": 12.0, ""usg_pct"": 0.2, ""archetype"": null, ""updated_at"": ""2026-01-20 01:19:46"", ""season_id"": ""22025"", ""is_active"": 1, ""roster_updated_at"": null}"
940347735539,"{""player_id"": ""940347735539"", ""name"": ""Jalen Duren"", ""team"": ""DET"", ""position"": ""C"", ""status"": ""ACTIVE"", ""base_ppg"": 14.3, ""usg_pct"": 0.2, ""archetype"": null, ""updated_at"": ""2026-01-20 01:19:46"", ""season_id"": ""22025"", ""is_active"": 0, ""roster_updated_at"": null}","{""player_id"": ""940347735539"", ""name"": ""Jalen Duren"", ""team"": ""DET"", ""position"": ""C"", ""status"": ""ACTIVE"", ""base_ppg"": 14.3, ""usg_pct"": 0.2, ""archetype"": null, ""updated_at"": ""2026-01-20 01:19:46"", ""season_id"": ""22025"", ""is_active"": 1, ""roster_updated_at"": null}"
94034935527,"{""player_id"": ""94034935527"", ""name"": ""Julian Strawther"", ""team"": ""DEN"", ""position"": ""F"", ""status"": ""ACTIVE"", ""base_ppg"": 1.2, ""usg_pct"": 0.2, ""archetype"": null, ""updated_at"": ""2026-01-20 01:19:46"", ""season_id"": ""22025"", ""is_active"": 0, ""roster_updated_at"": null}","{""player_id"": ""94034935527"", ""name"": ""Julian Strawther"", ""team"": ""DEN"", ""position"": ""F"", ""status"": ""ACTIVE"", ""base_ppg"": 1.2, ""usg_pct"": 0.2, ""archetype"": null, ""updated_at"": ""2026-01-20 01:19:46"", ""season_id"": ""22025"", ""is_active"": 1, ""roster_updated_at"": null}"
940541014289,"{""player_id"": ""940541014289"", ""name"": ""Trentyn Flowers"", ""team"": ""CHI"", ""position"": ""UNK"", ""status"": ""ACTIVE"", ""base_ppg"": 0.0, ""usg_pct"": 0.2, ""archetype"": null, ""updated_at"": ""2026-01-19 09:03:51"", ""season_id"": ""22025"", ""is_active"": 0, ""roster_updated_at"": null}","{""player_id"": ""940541014289"", ""name"": ""Trentyn Flowers"", ""team"": ""CHI"", ""position"": ""UNK"", ""status"": ""ACTIVE"", ""base_ppg"": 0.0, ""usg_pct"": 0.2, ""archetype"": null, ""updated_at"": ""2026-01-19 09:03:51"", ""season_id"": ""22025"", ""is_active"": 1, ""roster_updated_at"": null}"
940541851189,"{""player_id"": ""940541851189"", ""name"": ""Liam McNeeley"", ""team"": ""CHA"", ""position"": ""F"", ""status"": ""ACTIVE"", ""base_ppg"": 2.4, ""usg_pct"": 0.2, ""archetype"": ""GENERALIST"", ""updated_at"": ""2026-01-20 01:19:45"", ""season_id"": ""22025"", ""is_active"": 0, ""roster_updated_at"": null}","{""player_id"": ""940541851189"", ""name"": ""Liam McNeeley"", ""team"": ""CHA"", ""position"": ""F"", ""status"": ""ACTIVE"", ""base_ppg"": 2.4, ""usg_pct"": 0.2, ""archetype"": ""GENERALIST"", ""updated_at"": ""2026-01-20 01:19:45"", ""season_id"": ""22025"", ""is_active"": 1, ""roster_updated_at"": null}"
94054426027,"{""player_id"": ""94054426027"", ""name"": ""Quinten Post"", ""team"": ""GS"", ""position"": ""UNK"", ""status"": ""ACTIVE"", ""base_ppg"": 8.4, ""usg_pct"": 0.2, ""archetype"": ""GENERALIST"", ""updated_at"": ""2026-01-19 09:03:51"", ""season_id"": ""22025"", ""is_active"": 0, ""roster_updated_at"": null}","{""player_id"": ""94054426027"", ""name"": ""Quinten Post"", ""team"": ""GS"", ""position"": ""UNK"", ""status"": ""ACTIVE"", ""base_ppg"": 8.4, ""usg_pct"": 0.2, ""archetype"": ""GENERALIST"", ""updated_at"": ""2026-01-19 09:03:51"", ""season_id"": ""22025"", ""is_active"": 1, ""roster_updated_at"": null}"
94054452027,"{""player_id"": ""94054452027"", ""name"": ""Onyeka Okongwu"", ""team"": ""ATL"", ""position"": ""C"", ""status"": ""ACTIVE"", ""base_ppg"": 16.4, ""usg_pct"": 0.2, ""archetype"": ""TWO_WAY_WING"", ""updated_at"": ""2026-01-20 01:19:45"", ""season_id"": ""22025"", ""is_active"": 0, ""roster_updated_at"": null}","{""player_id"": ""94054452027"", ""name"": ""Onyeka Okongwu"", ""team"": ""ATL"", ""position"": ""C"", ""status"": ""ACTIVE"", ""base_ppg"": 16.4, ""usg_pct"": 0.2, ""archetype"": ""TWO_WAY_WING"", ""updated_at"": ""2026-01-20 01:19:45"", ""season_id"": ""22025"", ""is_active"": 1, ""roster_updated_at"": null}"
940640968489,"{""player_id"": ""940640968489"", ""name"": ""Sidy Cissoko"", ""team"": ""POR"", ""position"": ""G"", ""status"": ""ACTIVE"", ""base_ppg"": 7.4, ""usg_pct"": 0.2, ""archetype"": ""GENERALIST"", ""updated_at"": ""2026-01-20 01:19:46"", ""season_id"": ""22025"", ""is_active"": 0, ""roster_updated_at"": null}","{""player_id"": ""940640968489"", ""name"": ""Sidy Cissoko"", ""team"": ""POR"", ""position"": ""G"", ""status"": ""ACTIVE"", ""base_ppg"": 7.4, ""usg_pct"": 0.2, ""archetype"": ""GENERALIST"", ""updated_at"": ""2026-01-20 01:19:46"", ""season_id"": ""22025"", ""is_active"": 1, ""roster_updated_at"": null}"
940647647989,"{""player_id"": ""940647647989"", ""name"": ""Jaylen Wells"", ""team"": ""MEM"", ""position"": ""G"", ""status"": ""ACTIVE"", ""base_ppg"": 8.8, ""usg_pct"": 0.2, ""archetype"": ""GENERALIST"", ""updated_at"": ""2026-01-20 01:19:46"", ""season_id"": ""22025"", ""is_active"": 0, ""roster_updated_at"": null}","{""player_id"": ""940647647989"", ""name"": ""Jaylen Wells"", ""team"": ""MEM"", ""position"": ""G"", ""status"": ""ACTIVE"", ""base_ppg"": 8.8, ""usg_pct"": 0.2, ""archetype"": ""GENERALIST"", ""updated_at"": ""2026-01-20 01:19:46"", ""season_id"": ""22025"", ""is_active"": 1, ""roster_updated_at"": null}"
940649430339,"{""player_id"": ""940649430339"", ""name"": ""Alperen Sengun"", ""team"": ""HOU"", ""position"": ""C"", ""status"": ""ACTIVE"", ""base_ppg"": 15.6, ""usg_pct"": 0.2, ""archetype"": null, ""updated_at"": ""2026-01-20 01:19:46"", ""season_id"": ""22025"", ""is_active"": 0, ""roster_updated_at"": null}","{""player_id"": ""940649430339"", ""name"": ""Alperen Sengun"", ""team"": ""HOU"", ""position"": ""C"", ""status"": ""ACTIVE"", ""base_ppg"": 15.6, ""usg_pct"": 0.2, ""archetype"": null, ""updated_at"": ""2026-01-20 01:19:46"", ""season_id"": ""22025"", ""is_active"": 1, ""roster_updated_at"": null}"
940743131189,"{""player_id"": ""940743131189"", ""name"": ""Cooper Flagg"", ""team"": ""DAL"", ""position"": ""F"", ""status"": ""ACTIVE"", ""base_ppg"": 16.0, ""usg_pct"": 0.2, ""archetype"": ""BALL_HOG"", ""updated_at"": ""2026-01-20 01:19:46"", ""season_id"": ""22025"", ""is_active"": 0, ""roster_updated_at"": null}","{""player_id"": ""940743131189"", ""name"": ""Cooper Flagg"", ""team"": ""DAL"", ""position"": ""F"", ""status"": ""ACTIVE"", ""base_ppg"": 16.0, ""usg_pct"": 0.2, ""archetype"": ""BALL_HOG"", ""updated_at"": ""2026-01-20 01:19:46"", ""season_id"": ""22025"", ""is_active"": 1, ""roster_updated_at"": null}"
940743311189,"{""player_id"": ""940743311189"", ""name"": ""Khaman Maluach"", ""team"": ""PHO"", ""position"": ""UNK"", ""status"": ""ACTIVE"", ""base_ppg"": 1.3, ""usg_pct"": 0.2, ""archetype"": null, ""updated_at"": ""2026-01-19 09:03:51"", ""season_id"": ""22025"", ""is_active"": 0, ""roster_updated_at"": null}","{""player_id"": ""940743311189"", ""name"": ""Khaman Maluach"", ""team"": ""PHO"", ""position"": ""UNK"", ""status"": ""ACTIVE"", ""base_ppg"": 1.3, ""usg_pct"": 0.2, ""archetype"": null, ""updated_at"": ""2026-01-19 09:03:51"", ""season_id"": ""22025"", ""is_active"": 1, ""roster_updated_at"": null}"
940747982639,"{""player_id"": ""940747982639"", ""name"": ""Dyson Daniels"", ""team"": ""ATL"", ""position"": ""G"", ""status"": ""ACTIVE"", ""base_ppg"": 12.6, ""usg_pct"": 0.2, ""archetype"": ""BALL_HOG"", ""updated_at"": ""2026-01-20 01:19:45"", ""season_id"": ""22025"", ""is_active"": 0, ""roster_updated_at"": null}","{""player_id"": ""940747982639"", ""name"": ""Dyson Daniels"", ""team"": ""ATL"", ""position"": ""G"", ""status"": ""ACTIVE"", ""base_ppg"": 12.6, ""usg_pct"": 0.2, ""archetype"": ""BALL_HOG"", ""updated_at"": ""2026-01-20 01:19:45"", ""season_id"": ""22025"", ""is_active"": 1, ""roster_updated_at"": null}"
94074926527,"{""player_id"": ""94074926527"", ""name"": ""Oso Ighodaro"", ""team"": ""PHO"", ""position"": ""UNK"", ""status"": ""ACTIVE"", ""base_ppg"": 6.6, ""usg_pct"": 0.2, ""archetype"": ""GENERALIST"", ""updated_at"": ""2026-01-19 09:03:51"", ""season_id"": ""22025"", ""is_active"": 0, ""roster_updated_at"": null}","{""player_id"": ""94074926527"", ""name"": ""Oso Ighodaro"", ""team"": ""PHO"", ""position"": ""UNK"", ""status"": ""ACTIVE"", ""base_ppg"": 6.6, ""usg_pct"": 0.2, ""archetype"": ""GENERALIST"", ""updated_at"": ""2026-01-19 09:03:51"", ""season_id"": ""22025"", ""is_active"": 1, ""roster_updated_at"": null}"
94084226527,"{""player_id"": ""94084226527"", ""name"": ""Scottie Barnes"", ""team"": ""TOR"", ""position"": ""F"", ""status"": ""ACTIVE"", ""base_ppg"": 21.6, ""usg_pct"": 0.2, ""archetype"": ""GENERALIST"", ""updated_at"": ""2026-01-20 01:19:46"", ""season_id"": ""22025"", ""is_active"": 0, ""roster_updated_at"": null}","{""player_id"": ""94084226527"", ""name"": ""Scottie Barnes"", ""team"": ""TOR"", ""position"": ""F"", ""status"": ""ACTIVE"", ""base_ppg"": 21.6, ""usg_pct"": 0.2, ""archetype"": ""GENERALIST"", ""updated_at"": ""2026-01-20 01:19:46"", ""season_id"": ""22025"", ""is_active"": 1, ""roster_updated_at"": null}"
94094299027,"{""player_id"": ""94094299027"", ""name"": ""Santi Aldama"", ""team"": ""MEM"", ""position"": ""C"", ""status"": ""ACTIVE"", ""base_ppg"": 12.6, ""usg_pct"": 0.2, ""archetype"": ""GENERALIST"", ""updated_at"": ""2026-01-20 01:19:46"", ""season_id"": ""22025"", ""is_active"": 0, ""roster_updated_at"": null}","{""player_id"": ""94094299027"", ""name"": ""Santi Aldama"", ""team"": ""MEM"", ""position"": ""C"", ""status"": ""ACTIVE"", ""base_ppg"": 12.6, ""usg_pct"": 0.2, ""archetype"": ""GENERALIST"", ""updated_at"": ""2026-01-20 01:19:46"", ""season_id"": ""22025"", ""is_active"": 1, ""roster_updated_at"": null}"
941049855539,"{""player_id"": ""941049855539"", ""name"": ""Josh Minott"", ""team"": ""BOS"", ""position"": ""F"", ""status"": ""ACTIVE"", ""base_ppg"": 0.0, ""usg_pct"": 0.2, ""archetype"": null, ""updated_at"": ""2026-01-20 01:19:45"", ""season_id"": ""22025"", ""is_active"": 0, ""roster_updated_at"": null}","{""player_id"": ""941049855539"", ""name"": ""Josh Minott"", ""team"": ""BOS"", ""position"": ""F"", ""status"": ""ACTIVE"", ""base_ppg"": 0.0, ""usg_pct"": 0.2, ""archetype"": null, ""updated_at"": ""2026-01-20 01:19:45"", ""season_id"": ""22025"", ""is_active"": 1, ""roster_updated_at"": null}"
94114905527,"{""player_id"": ""94114905527"", ""name"": ""Jaylin Williams"", ""team"": ""OKC"", ""position"": ""F"", ""status"": ""ACTIVE"", ""base_ppg"": 7.0, ""usg_pct"": 0.2, ""archetype"": null, ""updated_at"": ""2026-01-20 01:19:46"", ""season_id"": ""22025"", ""is_active"": 0, ""roster_updated_at"": null}","{""player_id"": ""94114905527"", ""name"": ""Jaylin Williams"", ""team"": ""OKC"", ""position"": ""F"", ""status"": ""ACTIVE"", ""base_ppg"": 7.0, ""usg_pct"": 0.2, ""archetype"": null, ""updated_at"": ""2026-01-20 01:19:46"", ""season_id"": ""22025"", ""is_active"": 1, ""roster_updated_at"": null}"
94134262027,"{""player_id"": ""94134262027"", ""name"": ""Patrick Williams"", ""team"": ""CHI"", ""position"": ""F"", ""status"": ""ACTIVE"", ""base_ppg"": 5.9, ""usg_pct"": 0.2, ""archetype"": null, ""updated_at"": ""2026-01-20 01:19:46"", ""season_id"": ""22025"", ""is_active"": 0, ""roster_updated_at"": null}","{""player_id"": ""94134262027"", ""name"": ""Patrick Williams"", ""team"": ""CHI"", ""position"": ""F"", ""status"": ""ACTIVE"", ""base_ppg"": 5.9, ""usg_pct"": 0.2, ""archetype"": null, ""updated_at"": ""2026-01-20 01:19:46"", ""season_id"": ""22025"", ""is_active"": 1, ""roster_updated_at"": null}"
941541381189,"{""player_id"": ""941541381189"", ""name"": ""Drake Powell"", ""team"": ""BKN"", ""position"": ""UNK"", ""status"": ""ACTIVE"", ""base_ppg"": 7.2, ""usg_pct"": 0.2, ""archetype"": ""GENERALIST"", ""updated_at"": ""2026-01-19 09:03:51"", ""season_id"": ""22025"", ""is_active"": 0, ""roster_updated_at"": null}","{""player_id"": ""941541381189"", ""name"": ""Drake Powell"", ""team"": ""BKN"", ""position"": ""UNK"", ""status"": ""ACTIVE"", ""base_ppg"": 7.2, ""usg_pct"": 0.2, ""archetype"": ""GENERALIST"", ""updated_at"": ""2026-01-19 09:03:51"", ""season_id"": ""22025"", ""is_active"": 1, ""roster_updated_at"": null}"
94154299027,"{""player_id"": ""94154299027"", ""name"": ""Justin Champagnie"", ""team"": ""WAS"", ""position"": ""F"", ""status"": ""ACTIVE"", ""base_ppg"": 11.6, ""usg_pct"": 0.2, ""archetype"": ""TWO_WAY_WING"", ""updated_at"": ""2026-01-20 01:19:47"", ""season_id"": ""22025"", ""is_active"": 0, ""roster_updated_at"": null}","{""player_id"": ""94154299027"", ""name"": ""Justin Champagnie"", ""team"": ""WAS"", ""position"": ""F"", ""status"": ""ACTIVE"", ""base_ppg"": 11.6, ""usg_pct"": 0.2, ""archetype"": ""TWO_WAY_WING"", ""updated_at"": ""2026-01-20 01:19:47"", ""season_id"": ""22025"", ""is_active"": 1, ""roster_updated_at"": null}"
941549355539,"{""player_id"": ""941549355539"", ""name"": ""Jahmai Mashack"", ""team"": ""MEM"", ""position"": ""G"", ""status"": ""ACTIVE"", ""base_ppg"": 0.0, ""usg_pct"": 0.2, ""archetype"": null, ""updated_at"": ""2026-01-20 01:19:46"", ""season_id"": ""22025"", ""is_active"": 0, ""roster_updated_at"": null}","{""player_id"": ""941549355539"", ""name"": ""Jahmai Mashack"", ""team"": ""MEM"", ""position"": ""G"", ""status"": ""ACTIVE"", ""base_ppg"": 0.0, ""usg_pct"": 0.2, ""archetype"": null, ""updated_at"": ""2026-01-20 01:19:46"", ""season_id"": ""22025"", ""is_active"": 1, ""roster_updated_at"": null}"
941740901869,"{""player_id"": ""941740901869"", ""name"": ""Tyrese Proctor"", ""team"": ""CLE"", ""position"": ""G"", ""status"": ""ACTIVE"", ""base_ppg"": 4.2, ""usg_pct"": 0.2, ""archetype"": null, ""updated_at"": ""2026-01-20 01:19:46"", ""season_id"": ""22025"", ""is_active"": 0, ""roster_updated_at"": null}","{""player_id"": ""941740901869"", ""name"": ""Tyrese Proctor"", ""team"": ""CLE"", ""position"": ""G"", ""status"": ""ACTIVE"", ""base_ppg"": 4.2, ""usg_pct"": 0.2, ""archetype"": null, ""updated_at"": ""2026-01-20 01:19:46"", ""season_id"": ""22025"", ""is_active"": 1, ""roster_updated_at"": null}"
94174452047,"{""player_id"": ""94174452047"", ""name"": ""Trey Murphy III"", ""team"": ""NO"", ""position"": ""UNK"", ""status"": ""ACTIVE"", ""base_ppg"": 27.6, ""usg_pct"": 0.2, ""archetype"": null, ""updated_at"": ""2026-01-19 09:03:51"", ""season_id"": ""22025"", ""is_active"": 0, ""roster_updated_at"": null}","{""player_id"": ""94174452047"", ""name"": ""Trey Murphy III"", ""team"": ""NO"", ""position"": ""UNK"", ""status"": ""ACTIVE"", ""base_ppg"": 27.6, ""usg_pct"": 0.2, ""archetype"": null, ""updated_at"": ""2026-01-19 09:03:51"", ""season_id"": ""22025"", ""is_active"": 1, ""roster_updated_at"": null}"
94174482047,"{""player_id"": ""94174482047"", ""name"": ""Andrew Nembhard"", ""team"": ""IND"", ""position"": ""G"", ""status"": ""ACTIVE"", ""base_ppg"": 18.4, ""usg_pct"": 0.2, ""archetype"": ""BALL_HOG"", ""updated_at"": ""2026-01-20 01:19:46"", ""season_id"": ""22025"", ""is_active"": 0, ""roster_updated_at"": null}","{""player_id"": ""94174482047"", ""name"": ""Andrew Nembhard"", ""team"": ""IND"", ""position"": ""G"", ""status"": ""ACTIVE"", ""base_ppg"": 18.4, ""usg_pct"": 0.2, ""archetype"": ""BALL_HOG"", ""updated_at"": ""2026-01-20 01:19:46"", ""season_id"": ""22025"", ""is_active"": 1, ""roster_updated_at"": null}"
94194402047,"{""player_id"": ""94194402047"", ""name"": ""Vince Williams Jr."", ""team"": ""MEM"", ""position"": ""G"", ""status"": ""ACTIVE"", ""base_ppg"": 9.4, ""usg_pct"": 0.2, ""archetype"": null, ""updated_at"": ""2026-01-20 01:19:46"", ""season_id"": ""22025"", ""is_active"": 0, ""roster_updated_at"": null}","{""player_id"": ""94194402047"", ""name"": ""Vince Williams Jr."", ""team"": ""MEM"", ""position"": ""G"", ""status"": ""ACTIVE"", ""base_ppg"": 9.4, ""usg_pct"": 0.2, ""archetype"": null, ""updated_at"": ""2026-01-20 01:19:46"", ""season_id"": ""22025"", ""is_active"": 1, ""roster_updated_at"": null}"
941949065539,"{""player_id"": ""941949065539"", ""name"": ""Bryce McGowens"", ""team"": ""NO"", ""position"": ""UNK"", ""status"": ""ACTIVE"", ""base_ppg"": 8.4, ""usg_pct"": 0.2, ""archetype"": ""GENERALIST"", ""updated_at"": ""2026-01-19 09:03:51"", ""season_id"": ""22025"", ""is_active"": 0, ""roster_updated_at"": null}","{""player_id"": ""941949065539"", ""name"": ""Bryce McGowens"", ""team"": ""NO"", ""position"": ""UNK"", ""status"": ""ACTIVE"", ""base_ppg"": 8.4, ""usg_pct"": 0.2, ""archetype"": ""GENERALIST"", ""updated_at"": ""2026-01-19 09:03:51"", ""season_id"": ""22025"", ""is_active"": 1, ""roster_updated_at"": null}"
94204452027,"{""player_id"": ""94204452027"", ""name"": ""Jeremiah Robinson-Earl"", ""team"": ""DAL"", ""position"": ""F"", ""status"": ""ACTIVE"", ""base_ppg"": 9.0, ""usg_pct"": 0.2, ""archetype"": null, ""updated_at"": ""2026-01-20 01:19:46"", ""season_id"": ""22025"", ""is_active"": 0, ""roster_updated_at"": null}","{""player_id"": ""94204452027"", ""name"": ""Jeremiah Robinson-Earl"", ""team"": ""DAL"", ""position"": ""F"", ""status"": ""ACTIVE"", ""base_ppg"": 9.0, ""usg_pct"": 0.2, ""archetype"": null, ""updated_at"": ""2026-01-20 01:19:46"", ""season_id"": ""22025"", ""is_active"": 1, ""roster_updated_at"": null}"
94204996527,"{""player_id"": ""94204996527"", ""name"": ""Chris Youngblood"", ""team"": ""OKC"", ""position"": ""G"", ""status"": ""ACTIVE"", ""base_ppg"": 3.0, ""usg_pct"": 0.2, ""archetype"": null, ""updated_at"": ""2026-01-20 01:19:46"", ""season_id"": ""22025"", ""is_active"": 0, ""roster_updated_at"": null}","{""player_id"": ""94204996527"", ""name"": ""Chris Youngblood"", ""team"": ""OKC"", ""position"": ""G"", ""status"": ""ACTIVE"", ""base_ppg"": 3.0, ""usg_pct"": 0.2, ""archetype"": null, ""updated_at"": ""2026-01-20 01:19:46"", ""season_id"": ""22025"", ""is_active"": 1, ""roster_updated_at"": null}"
942147762289,"{""player_id"": ""942147762289"", ""name"": ""Tristan Vukcevic"", ""team"": ""WAS"", ""position"": ""F"", ""status"": ""ACTIVE"", ""base_ppg"": 7.8, ""usg_pct"": 0.2, ""archetype"": null, ""updated_at"": ""2026-01-20 01:19:47"", ""season_id"": ""22025"", ""is_active"": 0, ""roster_updated_at"": null}","{""player_id"": ""942147762289"", ""name"": ""Tristan Vukcevic"", ""team"": ""WAS"", ""position"": ""F"", ""status"": ""ACTIVE"", ""base_ppg"": 7.8, ""usg_pct"": 0.2, ""archetype"": null, ""updated_at"": ""2026-01-20 01:19:47"", ""season_id"": ""22025"", ""is_active"": 1, ""roster_updated_at"": null}"
94214915527,"{""player_id"": ""94214915527"", ""name"": ""Isaiah Jackson"", ""team"": ""IND"", ""position"": ""C"", ""status"": ""ACTIVE"", ""base_ppg"": 10.0, ""usg_pct"": 0.2, ""archetype"": null, ""updated_at"": ""2026-01-20 01:19:46"", ""season_id"": ""22025"", ""is_active"": 0, ""roster_updated_at"": null}","{""player_id"": ""94214915527"", ""name"": ""Isaiah Jackson"", ""team"": ""IND"", ""position"": ""C"", ""status"": ""ACTIVE"", ""base_ppg"": 10.0, ""usg_pct"": 0.2, ""archetype"": null, ""updated_at"": ""2026-01-20 01:19:46"", ""season_id"": ""22025"", ""is_active"": 1, ""roster_updated_at"": null}"
94224226527,"{""player_id"": ""94224226527"", ""name"": ""Tari Eason"", ""team"": ""HOU"", ""position"": ""F"", ""status"": ""ACTIVE"", ""base_ppg"": 13.4, ""usg_pct"": 0.2, ""archetype"": ""STRETCH_BIG"", ""updated_at"": ""2026-01-20 01:19:46"", ""season_id"": ""22025"", ""is_active"": 0, ""roster_updated_at"": null}","{""player_id"": ""94224226527"", ""name"": ""Tari Eason"", ""team"": ""HOU"", ""position"": ""F"", ""status"": ""ACTIVE"", ""base_ppg"": 13.4, ""usg_pct"": 0.2, ""archetype"": ""STRETCH_BIG"", ""updated_at"": ""2026-01-20 01:19:46"", ""season_id"": ""22025"", ""is_active"": 1, ""roster_updated_at"": null}"
942243351189,"{""player_id"": ""942243351189"", ""name"": ""Will Riley"", ""team"": ""WAS"", ""position"": ""F"", ""status"": ""ACTIVE"", ""base_ppg"": 7.6, ""usg_pct"": 0.2, ""archetype"": null, ""updated_at"": ""2026-01-20 01:19:47"", ""season_id"": ""22025"", ""is_active"": 0, ""roster_updated_at"": null}","{""player_id"": ""942243351189"", ""name"": ""Will Riley"", ""team"": ""WAS"", ""position"": ""F"", ""status"": ""ACTIVE"", ""base_ppg"": 7.6, ""usg_pct"": 0.2, ""archetype"": null, ""updated_at"": ""2026-01-20 01:19:47"", ""season_id"": ""22025"", ""is_active"": 1, ""roster_updated_at"": null}"
94224935527,"{""player_id"": ""94224935527"", ""name"": ""Ryan Kalkbrenner"", ""team"": ""CHA"", ""position"": ""C"", ""status"": ""ACTIVE"", ""base_ppg"": 6.8, ""usg_pct"": 0.2, ""archetype"": null, ""updated_at"": ""2026-01-20 01:19:45"", ""season_id"": ""22025"", ""is_active"": 0, ""roster_updated_at"": null}","{""player_id"": ""94224935527"", ""name"": ""Ryan Kalkbrenner"", ""team"": ""CHA"", ""position"": ""C"", ""status"": ""ACTIVE"", ""base_ppg"": 6.8, ""usg_pct"": 0.2, ""archetype"": null, ""updated_at"": ""2026-01-20 01:19:45"", ""season_id"": ""22025"", ""is_active"": 1, ""roster_updated_at"": null}"
94224955527,"{""player_id"": ""94224955527"", ""name"": ""Moussa Cisse"", ""team"": ""DAL"", ""position"": ""C"", ""status"": ""ACTIVE"", ""base_ppg"": 6.5, ""usg_pct"": 0.2, ""archetype"": null, ""updated_at"": ""2026-01-20 01:19:46"", ""season_id"": ""22025"", ""is_active"": 0, ""roster_updated_at"": null}","{""player_id"": ""94224955527"", ""name"": ""Moussa Cisse"", ""team"": ""DAL"", ""position"": ""C"", ""status"": ""ACTIVE"", ""base_ppg"": 6.5, ""usg_pct"": 0.2, ""archetype"": null, ""updated_at"": ""2026-01-20 01:19:46"", ""season_id"": ""22025"", ""is_active"": 1, ""roster_updated_at"": null}"
942342335539,"{""player_id"": ""942342335539"", ""name"": ""Dalton Knecht"", ""team"": ""LAL"", ""position"": ""F"", ""status"": ""ACTIVE"", ""base_ppg"": 2.8, ""usg_pct"": 0.2, ""archetype"": ""GENERALIST"", ""updated_at"": ""2026-01-20 01:19:46"", ""season_id"": ""22025"", ""is_active"": 0, ""roster_updated_at"": null}","{""player_id"": ""942342335539"", ""name"": ""Dalton Knecht"", ""team"": ""LAL"", ""position"": ""F"", ""status"": ""ACTIVE"", ""base_ppg"": 2.8, ""usg_pct"": 0.2, ""archetype"": ""GENERALIST"", ""updated_at"": ""2026-01-20 01:19:46"", ""season_id"": ""22025"", ""is_active"": 1, ""roster_updated_at"": null}"
942347821869,"{""player_id"": ""942347821869"", ""name"": ""Lachlan Olbrich"", ""team"": ""CHI"", ""position"": ""F"", ""status"": ""ACTIVE"", ""base_ppg"": 0.7, ""usg_pct"": 0.2, ""archetype"": null, ""updated_at"": ""2026-01-20 01:19:46"", ""season_id"": ""22025"", ""is_active"": 0, ""roster_updated_at"": null}","{""player_id"": ""942347821869"", ""name"": ""Lachlan Olbrich"", ""team"": ""CHI"", ""position"": ""F"", ""status"": ""ACTIVE"", ""base_ppg"": 0.7, ""usg_pct"": 0.2, ""archetype"": null, ""updated_at"": ""2026-01-20 01:19:46"", ""season_id"": ""22025"", ""is_active"": 1, ""roster_updated_at"": null}"
94244296527,"{""player_id"": ""94244296527"", ""name"": ""Jaylen Clark"", ""team"": ""MIN"", ""position"": ""G"", ""status"": ""ACTIVE"", ""base_ppg"": 3.1, ""usg_pct"": 0.2, ""archetype"": ""GENERALIST"", ""updated_at"": ""2026-01-20 01:19:46"", ""season_id"": ""22025"", ""is_active"": 0, ""roster_updated_at"": null}","{""player_id"": ""94244296527"", ""name"": ""Jaylen Clark"", ""team"": ""MIN"", ""position"": ""G"", ""status"": ""ACTIVE"", ""base_ppg"": 3.1, ""usg_pct"": 0.2, ""archetype"": ""GENERALIST"", ""updated_at"": ""2026-01-20 01:19:46"", ""season_id"": ""22025"", ""is_active"": 1, ""roster_updated_at"": null}"
94244482027,"{""player_id"": ""94244482027"", ""name"": ""Baylor Scheierman"", ""team"": ""BOS"", ""position"": ""G"", ""status"": ""ACTIVE"", ""base_ppg"": 3.1, ""usg_pct"": 0.2, ""archetype"": ""GENERALIST"", ""updated_at"": ""2026-01-20 01:19:45"", ""season_id"": ""22025"", ""is_active"": 0, ""roster_updated_at"": null}","{""player_id"": ""94244482027"", ""name"": ""Baylor Scheierman"", ""team"": ""BOS"", ""position"": ""G"", ""status"": ""ACTIVE"", ""base_ppg"": 3.1, ""usg_pct"": 0.2, ""archetype"": ""GENERALIST"", ""updated_at"": ""2026-01-20 01:19:45"", ""season_id"": ""22025"", ""is_active"": 1, ""roster_updated_at"": null}"
94254432027,"{""player_id"": ""94254432027"", ""name"": ""Drew Timme"", ""team"": ""LAL"", ""position"": ""F"", ""status"": ""ACTIVE"", ""base_ppg"": 5.8, ""usg_pct"": 0.2, ""archetype"": null, ""updated_at"": ""2026-01-20 01:19:46"", ""season_id"": ""22025"", ""is_active"": 0, ""roster_updated_at"": null}","{""player_id"": ""94254432027"", ""name"": ""Drew Timme"", ""team"": ""LAL"", ""position"": ""F"", ""status"": ""ACTIVE"", ""base_ppg"": 5.8, ""usg_pct"": 0.2, ""archetype"": null, ""updated_at"": ""2026-01-20 01:19:46"", ""season_id"": ""22025"", ""is_active"": 1, ""roster_updated_at"": null}"
94264282027,"{""player_id"": ""94264282027"", ""name"": ""Keshad Johnson"", ""team"": ""MIA"", ""position"": ""F"", ""status"": ""ACTIVE"", ""base_ppg"": 2.0, ""usg_pct"": 0.2, ""archetype"": null, ""updated_at"": ""2026-01-20 01:19:46"", ""season_id"": ""22025"", ""is_active"": 0, ""roster_updated_at"": null}","{""player_id"": ""94264282027"", ""name"": ""Keshad Johnson"", ""team"": ""MIA"", ""position"": ""F"", ""status"": ""ACTIVE"", ""base_ppg"": 2.0, ""usg_pct"": 0.2, ""archetype"": null, ""updated_at"": ""2026-01-20 01:19:46"", ""season_id"": ""22025"", ""is_active"": 1, ""roster_updated_at"": null}"
942647035539,"{""player_id"": ""942647035539"", ""name"": ""Jeremy Sochan"", ""team"": ""SA"", ""position"": ""UNK"", ""status"": ""ACTIVE"", ""base_ppg"": 2.0, ""usg_pct"": 0.2, ""archetype"": null, ""updated_at"": ""2026-01-19 09:03:51"", ""season_id"": ""22025"", ""is_active"": 0, ""roster_updated_at"": null}","{""player_id"": ""942647035539"", ""name"": ""Jeremy Sochan"", ""team"": ""SA"", ""position"": ""UNK"", ""status"": ""ACTIVE"", ""base_ppg"": 2.0, ""usg_pct"": 0.2, ""archetype"": null, ""updated_at"": ""2026-01-19 09:03:51"", ""season_id"": ""22025"", ""is_active"": 1, ""roster_updated_at"": null}"
94264906527,"{""player_id"": ""94264906527"", ""name"": ""Olivier-Maxence Prosper"", ""team"": ""MEM"", ""position"": ""F"", ""status"": ""ACTIVE"", ""base_ppg"": 8.0, ""usg_pct"": 0.2, ""archetype"": null, ""updated_at"": ""2026-01-20 01:19:46"", ""season_id"": ""22025"", ""is_active"": 0, ""roster_updated_at"": null}","{""player_id"": ""94264906527"", ""name"": ""Olivier-Maxence Prosper"", ""team"": ""MEM"", ""position"": ""F"", ""status"": ""ACTIVE"", ""base_ppg"": 8.0, ""usg_pct"": 0.2, ""archetype"": null, ""updated_at"": ""2026-01-20 01:19:46"", ""season_id"": ""22025"", ""is_active"": 1, ""roster_updated_at"": null}"
942740191869,"{""player_id"": ""942740191869"", ""name"": ""Jordan Walsh"", ""team"": ""BOS"", ""position"": ""F"", ""status"": ""ACTIVE"", ""base_ppg"": 3.2, ""usg_pct"": 0.2, ""archetype"": ""GENERALIST"", ""updated_at"": ""2026-01-20 01:19:45"", ""season_id"": ""22025"", ""is_active"": 0, ""roster_updated_at"": null}","{""player_id"": ""942740191869"", ""name"": ""Jordan Walsh"", ""team"": ""BOS"", ""position"": ""F"", ""status"": ""ACTIVE"", ""base_ppg"": 3.2, ""usg_pct"": 0.2, ""archetype"": ""GENERALIST"", ""updated_at"": ""2026-01-20 01:19:45"", ""season_id"": ""22025"", ""is_active"": 1, ""roster_updated_at"": null}"
942847723669,"{""player_id"": ""942847723669"", ""name"": ""Leonard Miller"", ""team"": ""MIN"", ""position"": ""F"", ""status"": ""ACTIVE"", ""base_ppg"": 3.8, ""usg_pct"": 0.2, ""archetype"": null, ""updated_at"": ""2026-01-20 01:19:46"", ""season_id"": ""22025"", ""is_active"": 0, ""roster_updated_at"": null}","{""player_id"": ""942847723669"", ""name"": ""Leonard Miller"", ""team"": ""MIN"", ""position"": ""F"", ""status"": ""ACTIVE"", ""base_ppg"": 3.8, ""usg_pct"": 0.2, ""archetype"": null, ""updated_at"": ""2026-01-20 01:19:46"", ""season_id"": ""22025"", ""is_active"": 1, ""roster_updated_at"": null}"
94294405527,"{""player_id"": ""94294405527"", ""name"": ""Craig Porter Jr."", ""team"": ""CLE"", ""position"": ""G"", ""status"": ""ACTIVE"", ""base_ppg"": 4.0, ""usg_pct"": 0.2, ""archetype"": ""GENERALIST"", ""updated_at"": ""2026-01-20 01:19:46"", ""season_id"": ""22025"", ""is_active"": 0, ""roster_updated_at"": null}","{""player_id"": ""94294405527"", ""name"": ""Craig Porter Jr."", ""team"": ""CLE"", ""position"": ""G"", ""status"": ""ACTIVE"", ""base_ppg"": 4.0, ""usg_pct"": 0.2, ""archetype"": ""GENERALIST"", ""updated_at"": ""2026-01-20 01:19:46"", ""season_id"": ""22025"", ""is_active"": 1, ""roster_updated_at"": null}"
942949535539,"{""player_id"": ""942949535539"", ""name"": ""Ajay Mitchell"", ""team"": ""OKC"", ""position"": ""G"", ""status"": ""ACTIVE"", ""base_ppg"": 14.8, ""usg_pct"": 0.2, ""archetype"": ""TWO_WAY_WING"", ""updated_at"": ""2026-01-20 01:19:46"", ""season_id"": ""22025"", ""is_active"": 0, ""roster_updated_at"": null}","{""player_id"": ""942949535539"", ""name"": ""Ajay Mitchell"", ""team"": ""OKC"", ""position"": ""G"", ""status"": ""ACTIVE"", ""base_ppg"": 14.8, ""usg_pct"": 0.2, ""archetype"": ""TWO_WAY_WING"", ""updated_at"": ""2026-01-20 01:19:46"", ""season_id"": ""22025"", ""is_active"": 1, ""roster_updated_at"": null}"
943047301869,"{""player_id"": ""943047301869"", ""name"": ""Jarace Walker"", ""team"": ""IND"", ""position"": ""F"", ""status"": ""ACTIVE"", ""base_ppg"": 9.2, ""usg_pct"": 0.2, ""archetype"": ""GENERALIST"", ""updated_at"": ""2026-01-20 01:19:46"", ""season_id"": ""22025"", ""is_active"": 0, ""roster_updated_at"": null}","{""player_id"": ""943047301869"", ""name"": ""Jarace Walker"", ""team"": ""IND"", ""position"": ""F"", ""status"": ""ACTIVE"", ""base_ppg"": 9.2, ""usg_pct"": 0.2, ""archetype"": ""GENERALIST"", ""updated_at"": ""2026-01-20 01:19:46"", ""season_id"": ""22025"", ""is_active"": 1, ""roster_updated_at"": null}"
943049265539,"{""player_id"": ""943049265539"", ""name"": ""Jordan Hawkins"", ""team"": ""NO"", ""position"": ""UNK"", ""status"": ""ACTIVE"", ""base_ppg"": 2.6, ""usg_pct"": 0.2, ""archetype"": ""GENERALIST"", ""updated_at"": ""2026-01-19 09:03:51"", ""season_id"": ""22025"", ""is_active"": 0, ""roster_updated_at"": null}","{""player_id"": ""943049265539"", ""name"": ""Jordan Hawkins"", ""team"": ""NO"", ""position"": ""UNK"", ""status"": ""ACTIVE"", ""base_ppg"": 2.6, ""usg_pct"": 0.2, ""archetype"": ""GENERALIST"", ""updated_at"": ""2026-01-19 09:03:51"", ""season_id"": ""22025"", ""is_active"": 1, ""roster_updated_at"": null}"
94324272027,"{""player_id"": ""94324272027"", ""name"": ""Jamison Battle"", ""team"": ""TOR"", ""position"": ""F"", ""status"": ""ACTIVE"", ""base_ppg"": 3.4, ""usg_pct"": 0.2, ""archetype"": null, ""updated_at"": ""2026-01-20 01:19:46"", ""season_id"": ""22025"", ""is_active"": 0, ""roster_updated_at"": null}","{""player_id"": ""94324272027"", ""name"": ""Jamison Battle"", ""team"": ""TOR"", ""position"": ""F"", ""status"": ""ACTIVE"", ""base_ppg"": 3.4, ""usg_pct"": 0.2, ""archetype"": null, ""updated_at"": ""2026-01-20 01:19:46"", ""season_id"": ""22025"", ""is_active"": 1, ""roster_updated_at"": null}"
943243251189,"{""player_id"": ""943243251189"", ""name"": ""Dylan Harper"", ""team"": ""SA"", ""position"": ""UNK"", ""status"": ""ACTIVE"", ""base_ppg"": 8.1, ""usg_pct"": 0.2, ""archetype"": ""GENERALIST"", ""updated_at"": ""2026-01-19 09:03:51"", ""season_id"": ""22025"", ""is_active"": 0, ""roster_updated_at"": null}","{""player_id"": ""943243251189"", ""name"": ""Dylan Harper"", ""team"": ""SA"", ""position"": ""UNK"", ""status"": ""ACTIVE"", ""base_ppg"": 8.1, ""usg_pct"": 0.2, ""archetype"": ""GENERALIST"", ""updated_at"": ""2026-01-19 09:03:51"", ""season_id"": ""22025"", ""is_active"": 1, ""roster_updated_at"": null}"
94334276527,"{""player_id"": ""94334276527"", ""name"": ""Jalen Johnson"", ""team"": ""ATL"", ""position"": ""F"", ""status"": ""ACTIVE"", ""base_ppg"": 18.8, ""usg_pct"": 0.2, ""archetype"": ""BALL_HOG"", ""updated_at"": ""2026-01-20 01:19:45"", ""season_id"": ""22025"", ""is_active"": 0, ""roster_updated_at"": null}","{""player_id"": ""94334276527"", ""name"": ""Jalen Johnson"", ""team"": ""ATL"", ""position"": ""F"", ""status"": ""ACTIVE"", ""base_ppg"": 18.8, ""usg_pct"": 0.2, ""archetype"": ""BALL_HOG"", ""updated_at"": ""2026-01-20 01:19:45"", ""season_id"": ""22025"", ""is_active"": 1, ""roster_updated_at"": null}"
943441227989,"{""player_id"": ""943441227989"", ""name"": ""Collin Murray-Boyles"", ""team"": ""TOR"", ""position"": ""F"", ""status"": ""ACTIVE"", ""base_ppg"": 10.5, ""usg_pct"": 0.2, ""archetype"": ""RIM_RUNNER"", ""updated_at"": ""2026-01-20 01:19:46"", ""season_id"": ""22025"", ""is_active"": 0, ""roster_updated_at"": null}","{""player_id"": ""943441227989"", ""name"": ""Collin Murray-Boyles"", ""team"": ""TOR"", ""position"": ""F"", ""status"": ""ACTIVE"", ""base_ppg"": 10.5, ""usg_pct"": 0.2, ""archetype"": ""RIM_RUNNER"", ""updated_at"": ""2026-01-20 01:19:46"", ""season_id"": ""22025"", ""is_active"": 1, ""roster_updated_at"": null}"
94354710482,"{""player_id"": ""94354710482"", ""name"": ""Justin Edwards"", ""team"": ""PHI"", ""position"": ""F"", ""status"": ""ACTIVE"", ""base_ppg"": 2.3, ""usg_pct"": 0.2, ""archetype"": null, ""updated_at"": ""2026-01-20 01:19:46"", ""season_id"": ""22025"", ""is_active"": 0, ""roster_updated_at"": null}","{""player_id"": ""94354710482"", ""name"": ""Justin Edwards"", ""team"": ""PHI"", ""position"": ""F"", ""status"": ""ACTIVE"", ""base_ppg"": 2.3, ""usg_pct"": 0.2, ""archetype"": null, ""updated_at"": ""2026-01-20 01:19:46"", ""season_id"": ""22025"", ""is_active"": 1, ""roster_updated_at"": null}"
943547485539,"{""player_id"": ""943547485539"", ""name"": ""Ryan Nembhard"", ""team"": ""DAL"", ""position"": ""G"", ""status"": ""ACTIVE"", ""base_ppg"": 7.3, ""usg_pct"": 0.2, ""archetype"": ""GENERALIST"", ""updated_at"": ""2026-01-20 01:19:46"", ""season_id"": ""22025"", ""is_active"": 0, ""roster_updated_at"": null}","{""player_id"": ""943547485539"", ""name"": ""Ryan Nembhard"", ""team"": ""DAL"", ""position"": ""G"", ""status"": ""ACTIVE"", ""base_ppg"": 7.3, ""usg_pct"": 0.2, ""archetype"": ""GENERALIST"", ""updated_at"": ""2026-01-20 01:19:46"", ""season_id"": ""22025"", ""is_active"": 1, ""roster_updated_at"": null}"
94364202027,"{""player_id"": ""94364202027"", ""name"": ""Julian Champagnie"", ""team"": ""SA"", ""position"": ""UNK"", ""status"": ""ACTIVE"", ""base_ppg"": 13.6, ""usg_pct"": 0.2, ""archetype"": ""STRETCH_BIG"", ""updated_at"": ""2026-01-19 09:03:51"", ""season_id"": ""22025"", ""is_active"": 0, ""roster_updated_at"": null}","{""player_id"": ""94364202027"", ""name"": ""Julian Champagnie"", ""team"": ""SA"", ""position"": ""UNK"", ""status"": ""ACTIVE"", ""base_ppg"": 13.6, ""usg_pct"": 0.2, ""archetype"": ""STRETCH_BIG"", ""updated_at"": ""2026-01-19 09:03:51"", ""season_id"": ""22025"", ""is_active"": 1, ""roster_updated_at"": null}"
94364229027,"{""player_id"": ""94364229027"", ""name"": ""Jake LaRavia"", ""team"": ""LAL"", ""position"": ""F"", ""status"": ""ACTIVE"", ""base_ppg"": 13.3, ""usg_pct"": 0.2, ""archetype"": ""GENERALIST"", ""updated_at"": ""2026-01-20 01:19:46"", ""season_id"": ""22025"", ""is_active"": 0, ""roster_updated_at"": null}","{""player_id"": ""94364229027"", ""name"": ""Jake LaRavia"", ""team"": ""LAL"", ""position"": ""F"", ""status"": ""ACTIVE"", ""base_ppg"": 13.3, ""usg_pct"": 0.2, ""archetype"": ""GENERALIST"", ""updated_at"": ""2026-01-20 01:19:46"", ""season_id"": ""22025"", ""is_active"": 1, ""roster_updated_at"": null}"
94364276527,"{""player_id"": ""94364276527"", ""name"": ""Tristan da Silva"", ""team"": ""ORL"", ""position"": ""F"", ""status"": ""ACTIVE"", ""base_ppg"": 10.3, ""usg_pct"": 0.2, ""archetype"": null, ""updated_at"": ""2026-01-20 01:19:46"", ""season_id"": ""22025"", ""is_active"": 0, ""roster_updated_at"": null}","{""player_id"": ""94364276527"", ""name"": ""Tristan da Silva"", ""team"": ""ORL"", ""position"": ""F"", ""status"": ""ACTIVE"", ""base_ppg"": 10.3, ""usg_pct"": 0.2, ""archetype"": null, ""updated_at"": ""2026-01-20 01:19:46"", ""season_id"": ""22025"", ""is_active"": 1, ""roster_updated_at"": null}"
943649040139,"{""player_id"": ""943649040139"", ""name"": ""Jamal Shead"", ""team"": ""TOR"", ""position"": ""G"", ""status"": ""ACTIVE"", ""base_ppg"": 9.9, ""usg_pct"": 0.2, ""archetype"": ""GENERALIST"", ""updated_at"": ""2026-01-20 01:19:46"", ""season_id"": ""22025"", ""is_active"": 0, ""roster_updated_at"": null}","{""player_id"": ""943649040139"", ""name"": ""Jamal Shead"", ""team"": ""TOR"", ""position"": ""G"", ""status"": ""ACTIVE"", ""base_ppg"": 9.9, ""usg_pct"": 0.2, ""archetype"": ""GENERALIST"", ""updated_at"": ""2026-01-20 01:19:46"", ""season_id"": ""22025"", ""is_active"": 1, ""roster_updated_at"": null}"
943649135539,"{""player_id"": ""943649135539"", ""name"": ""Mouhamed Gueye"", ""team"": ""ATL"", ""position"": ""F"", ""status"": ""ACTIVE"", ""base_ppg"": 3.9, ""usg_pct"": 0.2, ""archetype"": ""GENERALIST"", ""updated_at"": ""2026-01-20 01:19:45"", ""season_id"": ""22025"", ""is_active"": 0, ""roster_updated_at"": null}","{""player_id"": ""943649135539"", ""name"": ""Mouhamed Gueye"", ""team"": ""ATL"", ""position"": ""F"", ""status"": ""ACTIVE"", ""base_ppg"": 3.9, ""usg_pct"": 0.2, ""archetype"": ""GENERALIST"", ""updated_at"": ""2026-01-20 01:19:45"", ""season_id"": ""22025"", ""is_active"": 1, ""roster_updated_at"": null}"
943740414489,"{""player_id"": ""943740414489"", ""name"": ""Victor Wembanyama"", ""team"": ""SA"", ""position"": ""UNK"", ""status"": ""ACTIVE"", ""base_ppg"": 24.9, ""usg_pct"": 0.2, ""archetype"": null, ""updated_at"": ""2026-01-19 09:03:51"", ""season_id"": ""22025"", ""is_active"": 0, ""roster_updated_at"": null}","{""player_id"": ""943740414489"", ""name"": ""Victor Wembanyama"", ""team"": ""SA"", ""position"": ""UNK"", ""status"": ""ACTIVE"", ""base_ppg"": 24.9, ""usg_pct"": 0.2, ""archetype"": null, ""updated_at"": ""2026-01-19 09:03:51"", ""season_id"": ""22025"", ""is_active"": 1, ""roster_updated_at"": null}"
94384226527,"{""player_id"": ""94384226527"", ""name"": ""Mark Williams"", ""team"": ""PHO"", ""position"": ""UNK"", ""status"": ""ACTIVE"", ""base_ppg"": 10.8, ""usg_pct"": 0.2, ""archetype"": ""RIM_RUNNER"", ""updated_at"": ""2026-01-19 09:03:51"", ""season_id"": ""22025"", ""is_active"": 0, ""roster_updated_at"": null}","{""player_id"": ""94384226527"", ""name"": ""Mark Williams"", ""team"": ""PHO"", ""position"": ""UNK"", ""status"": ""ACTIVE"", ""base_ppg"": 10.8, ""usg_pct"": 0.2, ""archetype"": ""RIM_RUNNER"", ""updated_at"": ""2026-01-19 09:03:51"", ""season_id"": ""22025"", ""is_active"": 1, ""roster_updated_at"": null}"
94394419027,"{""player_id"": ""94394419027"", ""name"": ""Cam Spencer"", ""team"": ""MEM"", ""position"": ""G"", ""status"": ""ACTIVE"", ""base_ppg"": 10.1, ""usg_pct"": 0.2, ""archetype"": ""BALL_HOG"", ""updated_at"": ""2026-01-20 01:19:46"", ""season_id"": ""22025"", ""is_active"": 0, ""roster_updated_at"": null}","{""player_id"": ""94394419027"", ""name"": ""Cam Spencer"", ""team"": ""MEM"", ""position"": ""G"", ""status"": ""ACTIVE"", ""base_ppg"": 10.1, ""usg_pct"": 0.2, ""archetype"": ""BALL_HOG"", ""updated_at"": ""2026-01-20 01:19:46"", ""season_id"": ""22025"", ""is_active"": 1, ""roster_updated_at"": null}"
943947511869,"{""player_id"": ""943947511869"", ""name"": ""Cedric Coward"", ""team"": ""MEM"", ""position"": ""G"", ""status"": ""ACTIVE"", ""base_ppg"": 14.2, ""usg_pct"": 0.2, ""archetype"": null, ""updated_at"": ""2026-01-20 01:19:46"", ""season_id"": ""22025"", ""is_active"": 0, ""roster_updated_at"": null}","{""player_id"": ""943947511869"", ""name"": ""Cedric Coward"", ""team"": ""MEM"", ""position"": ""G"", ""status"": ""ACTIVE"", ""base_ppg"": 14.2, ""usg_pct"": 0.2, ""archetype"": null, ""updated_at"": ""2026-01-20 01:19:46"", ""season_id"": ""22025"", ""is_active"": 1, ""roster_updated_at"": null}"
943947765539,"{""player_id"": ""943947765539"", ""name"": ""Trey Alexander"", ""team"": ""NO"", ""position"": ""UNK"", ""status"": ""ACTIVE"", ""base_ppg"": 0.0, ""usg_pct"": 0.2, ""archetype"": null, ""updated_at"": ""2026-01-19 09:03:51"", ""season_id"": ""22025"", ""is_active"": 0, ""roster_updated_at"": null}","{""player_id"": ""943947765539"", ""name"": ""Trey Alexander"", ""team"": ""NO"", ""position"": ""UNK"", ""status"": ""ACTIVE"", ""base_ppg"": 0.0, ""usg_pct"": 0.2, ""archetype"": null, ""updated_at"": ""2026-01-19 09:03:51"", ""season_id"": ""22025"", ""is_active"": 1, ""roster_updated_at"": null}"
94404402047,"{""player_id"": ""94404402047"", ""name"": ""Tolu Smith"", ""team"": ""DET"", ""position"": ""F"", ""status"": ""ACTIVE"", ""base_ppg"": 3.0, ""usg_pct"": 0.2, ""archetype"": null, ""updated_at"": ""2026-01-20 01:19:46"", ""season_id"": ""22025"", ""is_active"": 0, ""roster_updated_at"": null}","{""player_id"": ""94404402047"", ""name"": ""Tolu Smith"", ""team"": ""DET"", ""position"": ""F"", ""status"": ""ACTIVE"", ""base_ppg"": 3.0, ""usg_pct"": 0.2, ""archetype"": null, ""updated_at"": ""2026-01-20 01:19:46"", ""season_id"": ""22025"", ""is_active"": 1, ""roster_updated_at"": null}"
944047111869,"{""player_id"": ""944047111869"", ""name"": ""Jett Howard"", ""team"": ""ORL"", ""position"": ""G"", ""status"": ""ACTIVE"", ""base_ppg"": 3.5, ""usg_pct"": 0.2, ""archetype"": ""GENERALIST"", ""updated_at"": ""2026-01-20 01:19:46"", ""season_id"": ""22025"", ""is_active"": 0, ""roster_updated_at"": null}","{""player_id"": ""944047111869"", ""name"": ""Jett Howard"", ""team"": ""ORL"", ""position"": ""G"", ""status"": ""ACTIVE"", ""base_ppg"": 3.5, ""usg_pct"": 0.2, ""archetype"": ""GENERALIST"", ""updated_at"": ""2026-01-20 01:19:46"", ""season_id"": ""22025"", ""is_active"": 1, ""roster_updated_at"": null}"
94424205527,"{""player_id"": ""94424205527"", ""name"": ""Jalen Suggs"", ""team"": ""ORL"", ""position"": ""G"", ""status"": ""ACTIVE"", ""base_ppg"": 11.0, ""usg_pct"": 0.2, ""archetype"": null, ""updated_at"": ""2026-01-20 01:19:46"", ""season_id"": ""22025"", ""is_active"": 0, ""roster_updated_at"": null}","{""player_id"": ""94424205527"", ""name"": ""Jalen Suggs"", ""team"": ""ORL"", ""position"": ""G"", ""status"": ""ACTIVE"", ""base_ppg"": 11.0, ""usg_pct"": 0.2, ""archetype"": null, ""updated_at"": ""2026-01-20 01:19:46"", ""season_id"": ""22025"", ""is_active"": 1, ""roster_updated_at"": null}"
94424452027,"{""player_id"": ""94424452027"", ""name"": ""E.J. Liddell"", ""team"": ""BKN"", ""position"": ""UNK"", ""status"": ""ACTIVE"", ""base_ppg"": 0.0, ""usg_pct"": 0.2, ""archetype"": null, ""updated_at"": ""2026-01-19 09:03:51"", ""season_id"": ""22025"", ""is_active"": 0, ""roster_updated_at"": null}","{""player_id"": ""94424452027"", ""name"": ""E.J. Liddell"", ""team"": ""BKN"", ""position"": ""UNK"", ""status"": ""ACTIVE"", ""base_ppg"": 0.0, ""usg_pct"": 0.2, ""archetype"": null, ""updated_at"": ""2026-01-19 09:03:51"", ""season_id"": ""22025"", ""is_active"": 1, ""roster_updated_at"": null}"
94424462047,"{""player_id"": ""94424462047"", ""name"": ""Pete Nance"", ""team"": ""MIL"", ""position"": ""F"", ""status"": ""ACTIVE"", ""base_ppg"": 3.5, ""usg_pct"": 0.2, ""archetype"": null, ""updated_at"": ""2026-01-20 01:19:46"", ""season_id"": ""22025"", ""is_active"": 0, ""roster_updated_at"": null}","{""player_id"": ""94424462047"", ""name"": ""Pete Nance"", ""team"": ""MIL"", ""position"": ""F"", ""status"": ""ACTIVE"", ""base_ppg"": 3.5, ""usg_pct"": 0.2, ""archetype"": null, ""updated_at"": ""2026-01-20 01:19:46"", ""season_id"": ""22025"", ""is_active"": 1, ""roster_updated_at"": null}"
94424472047,"{""player_id"": ""94424472047"", ""name"": ""Jalen Smith"", ""team"": ""CHI"", ""position"": ""F"", ""status"": ""ACTIVE"", ""base_ppg"": 10.9, ""usg_pct"": 0.2, ""archetype"": null, ""updated_at"": ""2026-01-20 01:19:46"", ""season_id"": ""22025"", ""is_active"": 0, ""roster_updated_at"": null}","{""player_id"": ""94424472047"", ""name"": ""Jalen Smith"", ""team"": ""CHI"", ""position"": ""F"", ""status"": ""ACTIVE"", ""base_ppg"": 10.9, ""usg_pct"": 0.2, ""archetype"": null, ""updated_at"": ""2026-01-20 01:19:46"", ""season_id"": ""22025"", ""is_active"": 1, ""roster_updated_at"": null}"
94424965527,"{""player_id"": ""94424965527"", ""name"": ""Moses Moody"", ""team"": ""GS"", ""position"": ""UNK"", ""status"": ""ACTIVE"", ""base_ppg"": 10.0, ""usg_pct"": 0.2, ""archetype"": ""GENERALIST"", ""updated_at"": ""2026-01-19 09:03:51"", ""season_id"": ""22025"", ""is_active"": 0, ""roster_updated_at"": null}","{""player_id"": ""94424965527"", ""name"": ""Moses Moody"", ""team"": ""GS"", ""position"": ""UNK"", ""status"": ""ACTIVE"", ""base_ppg"": 10.0, ""usg_pct"": 0.2, ""archetype"": ""GENERALIST"", ""updated_at"": ""2026-01-19 09:03:51"", ""season_id"": ""22025"", ""is_active"": 1, ""roster_updated_at"": null}"
944340671869,"{""player_id"": ""944340671869"", ""name"": ""Donovan Clingan"", ""team"": ""POR"", ""position"": ""C"", ""status"": ""ACTIVE"", ""base_ppg"": 12.1, ""usg_pct"": 0.2, ""archetype"": ""GENERALIST"", ""updated_at"": ""2026-01-20 01:19:46"", ""season_id"": ""22025"", ""is_active"": 0, ""roster_updated_at"": null}","{""player_id"": ""944340671869"", ""name"": ""Donovan Clingan"", ""team"": ""POR"", ""position"": ""C"", ""status"": ""ACTIVE"", ""base_ppg"": 12.1, ""usg_pct"": 0.2, ""archetype"": ""GENERALIST"", ""updated_at"": ""2026-01-20 01:19:46"", ""season_id"": ""22025"", ""is_active"": 1, ""roster_updated_at"": null}"
944347855539,"{""player_id"": ""944347855539"", ""name"": ""Maxime Raynaud"", ""team"": ""SAC"", ""position"": ""C"", ""status"": ""ACTIVE"", ""base_ppg"": 9.2, ""usg_pct"": 0.2, ""archetype"": ""GENERALIST"", ""updated_at"": ""2026-01-20 01:19:46"", ""season_id"": ""22025"", ""is_active"": 0, ""roster_updated_at"": null}","{""player_id"": ""944347855539"", ""name"": ""Maxime Raynaud"", ""team"": ""SAC"", ""position"": ""C"", ""status"": ""ACTIVE"", ""base_ppg"": 9.2, ""usg_pct"": 0.2, ""archetype"": ""GENERALIST"", ""updated_at"": ""2026-01-20 01:19:46"", ""season_id"": ""22025"", ""is_active"": 1, ""roster_updated_at"": null}"
94444269647,"{""player_id"": ""94444269647"", ""name"": ""Kevin McCullar Jr."", ""team"": ""NY"", ""position"": ""UNK"", ""status"": ""ACTIVE"", ""base_ppg"": 1.2, ""usg_pct"": 0.2, ""archetype"": ""GENERALIST"", ""updated_at"": ""2026-01-19 09:03:51"", ""season_id"": ""22025"", ""is_active"": 0, ""roster_updated_at"": null}","{""player_id"": ""94444269647"", ""name"": ""Kevin McCullar Jr."", ""team"": ""NY"", ""position"": ""UNK"", ""status"": ""ACTIVE"", ""base_ppg"": 1.2, ""usg_pct"": 0.2, ""archetype"": ""GENERALIST"", ""updated_at"": ""2026-01-19 09:03:51"", ""season_id"": ""22025"", ""is_active"": 1, ""roster_updated_at"": null}"
94454426027,"{""player_id"": ""94454426027"", ""name"": ""Christian Koloko"", ""team"": ""MEM"", ""position"": ""C"", ""status"": ""ACTIVE"", ""base_ppg"": 3.2, ""usg_pct"": 0.2, ""archetype"": ""GENERALIST"", ""updated_at"": ""2026-01-20 01:19:45"", ""season_id"": ""22025"", ""is_active"": 0, ""roster_updated_at"": null}","{""player_id"": ""94454426027"", ""name"": ""Christian Koloko"", ""team"": ""MEM"", ""position"": ""C"", ""status"": ""ACTIVE"", ""base_ppg"": 3.2, ""usg_pct"": 0.2, ""archetype"": ""GENERALIST"", ""updated_at"": ""2026-01-20 01:19:45"", ""season_id"": ""22025"", ""is_active"": 1, ""roster_updated_at"": null}"
944547401869,"{""player_id"": ""944547401869"", ""name"": ""Ryan Dunn"", ""team"": ""PHO"", ""position"": ""UNK"", ""status"": ""ACTIVE"", ""base_ppg"": 5.7, ""usg_pct"": 0.2, ""archetype"": ""GENERALIST"", ""updated_at"": ""2026-01-19 09:03:51"", ""season_id"": ""22025"", ""is_active"": 0, ""roster_updated_at"": null}","{""player_id"": ""944547401869"", ""name"": ""Ryan Dunn"", ""team"": ""PHO"", ""position"": ""UNK"", ""status"": ""ACTIVE"", ""base_ppg"": 5.7, ""usg_pct"": 0.2, ""archetype"": ""GENERALIST"", ""updated_at"": ""2026-01-19 09:03:51"", ""season_id"": ""22025"", ""is_active"": 1, ""roster_updated_at"": null}"
94464915527,"{""player_id"": ""94464915527"", ""name"": ""Amari Williams"", ""team"": ""BOS"", ""position"": ""C"", ""status"": ""ACTIVE"", ""base_ppg"": 3.0, ""usg_pct"": 0.2, ""archetype"": null, ""updated_at"": ""2026-01-20 01:19:45"", ""season_id"": ""22025"", ""is_active"": 0, ""roster_updated_at"": null}","{""player_id"": ""94464915527"", ""name"": ""Amari Williams"", ""team"": ""BOS"", ""position"": ""C"", ""status"": ""ACTIVE"", ""base_ppg"": 3.0, ""usg_pct"": 0.2, ""archetype"": null, ""updated_at"": ""2026-01-20 01:19:45"", ""season_id"": ""22025"", ""is_active"": 1, ""roster_updated_at"": null}"
944649935539,"{""player_id"": ""944649935539"", ""name"": ""Brooks Barnhizer"", ""team"": ""OKC"", ""position"": ""G"", ""status"": ""ACTIVE"", ""base_ppg"": 0.0, ""usg_pct"": 0.2, ""archetype"": null, ""updated_at"": ""2026-01-20 01:19:46"", ""season_id"": ""22025"", ""is_active"": 0, ""roster_updated_at"": null}","{""player_id"": ""944649935539"", ""name"": ""Brooks Barnhizer"", ""team"": ""OKC"", ""position"": ""G"", ""status"": ""ACTIVE"", ""base_ppg"": 0.0, ""usg_pct"": 0.2, ""archetype"": null, ""updated_at"": ""2026-01-20 01:19:46"", ""season_id"": ""22025"", ""is_active"": 1, ""roster_updated_at"": null}"
94484429027,"{""player_id"": ""94484429027"", ""name"": ""Jaden McDaniels"", ""team"": ""MIN"", ""position"": ""F"", ""status"": ""ACTIVE"", ""base_ppg"": 15.7, ""usg_pct"": 0.2, ""archetype"": ""GENERALIST"", ""updated_at"": ""2026-01-20 01:19:46"", ""season_id"": ""22025"", ""is_active"": 0, ""roster_updated_at"": null}","{""player_id"": ""94484429027"", ""name"": ""Jaden McDaniels"", ""team"": ""MIN"", ""position"": ""F"", ""status"": ""ACTIVE"", ""base_ppg"": 15.7, ""usg_pct"": 0.2, ""archetype"": ""GENERALIST"", ""updated_at"": ""2026-01-20 01:19:46"", ""season_id"": ""22025"", ""is_active"": 1, ""roster_updated_at"": null}"
94494285527,"{""player_id"": ""94494285527"", ""name"": ""Pelle Larsson"", ""team"": ""MIA"", ""position"": ""F"", ""status"": ""ACTIVE"", ""base_ppg"": 9.7, ""usg_pct"": 0.2, ""archetype"": null, ""updated_at"": ""2026-01-20 01:19:46"", ""season_id"": ""22025"", ""is_active"": 0, ""roster_updated_at"": null}","{""player_id"": ""94494285527"", ""name"": ""Pelle Larsson"", ""team"": ""MIA"", ""position"": ""F"", ""status"": ""ACTIVE"", ""base_ppg"": 9.7, ""usg_pct"": 0.2, ""archetype"": null, ""updated_at"": ""2026-01-20 01:19:46"", ""season_id"": ""22025"", ""is_active"": 1, ""roster_updated_at"": null}"
94514265527,"{""player_id"": ""94514265527"", ""name"": ""Cam Thomas"", ""team"": ""BKN"", ""position"": ""UNK"", ""status"": ""ACTIVE"", ""base_ppg"": 12.0, ""usg_pct"": 0.2, ""archetype"": ""GENERALIST"", ""updated_at"": ""2026-01-19 09:03:51"", ""season_id"": ""22025"", ""is_active"": 0, ""roster_updated_at"": null}","{""player_id"": ""94514265527"", ""name"": ""Cam Thomas"", ""team"": ""BKN"", ""position"": ""UNK"", ""status"": ""ACTIVE"", ""base_ppg"": 12.0, ""usg_pct"": 0.2, ""archetype"": ""GENERALIST"", ""updated_at"": ""2026-01-19 09:03:51"", ""season_id"": ""22025"", ""is_active"": 1, ""roster_updated_at"": null}"
945143061189,"{""player_id"": ""945143061189"", ""name"": ""Jeremiah Fears"", ""team"": ""NO"", ""position"": ""UNK"", ""status"": ""ACTIVE"", ""base_ppg"": 12.9, ""usg_pct"": 0.2, ""archetype"": ""GENERALIST"", ""updated_at"": ""2026-01-19 09:03:51"", ""season_id"": ""22025"", ""is_active"": 0, ""roster_updated_at"": null}","{""player_id"": ""945143061189"", ""name"": ""Jeremiah Fears"", ""team"": ""NO"", ""position"": ""UNK"", ""status"": ""ACTIVE"", ""base_ppg"": 12.9, ""usg_pct"": 0.2, ""archetype"": ""GENERALIST"", ""updated_at"": ""2026-01-19 09:03:51"", ""season_id"": ""22025"", ""is_active"": 1, ""roster_updated_at"": null}"
945240097989,"{""player_id"": ""945240097989"", ""name"": ""Ja'Kobe Walter"", ""team"": ""TOR"", ""position"": ""G"", ""status"": ""ACTIVE"", ""base_ppg"": 6.4, ""usg_pct"": 0.2, ""archetype"": ""GENERALIST"", ""updated_at"": ""2026-01-20 01:19:46"", ""season_id"": ""22025"", ""is_active"": 0, ""roster_updated_at"": null}","{""player_id"": ""945240097989"", ""name"": ""Ja'Kobe Walter"", ""team"": ""TOR"", ""position"": ""G"", ""status"": ""ACTIVE"", ""base_ppg"": 6.4, ""usg_pct"": 0.2, ""archetype"": ""GENERALIST"", ""updated_at"": ""2026-01-20 01:19:46"", ""season_id"": ""22025"", ""is_active"": 1, ""roster_updated_at"": null}"
94534209027,"{""player_id"": ""94534209027"", ""name"": ""Christian Braun"", ""team"": ""DEN"", ""position"": ""G"", ""status"": ""ACTIVE"", ""base_ppg"": 2.7, ""usg_pct"": 0.2, ""archetype"": null, ""updated_at"": ""2026-01-20 01:19:46"", ""season_id"": ""22025"", ""is_active"": 0, ""roster_updated_at"": null}","{""player_id"": ""94534209027"", ""name"": ""Christian Braun"", ""team"": ""DEN"", ""position"": ""G"", ""status"": ""ACTIVE"", ""base_ppg"": 2.7, ""usg_pct"": 0.2, ""archetype"": null, ""updated_at"": ""2026-01-20 01:19:46"", ""season_id"": ""22025"", ""is_active"": 1, ""roster_updated_at"": null}"
94534996527,"{""player_id"": ""94534996527"", ""name"": ""Nique Clifford"", ""team"": ""SAC"", ""position"": ""G"", ""status"": ""ACTIVE"", ""base_ppg"": 4.0, ""usg_pct"": 0.2, ""archetype"": ""GENERALIST"", ""updated_at"": ""2026-01-20 01:19:46"", ""season_id"": ""22025"", ""is_active"": 0, ""roster_updated_at"": null}","{""player_id"": ""94534996527"", ""name"": ""Nique Clifford"", ""team"": ""SAC"", ""position"": ""G"", ""status"": ""ACTIVE"", ""base_ppg"": 4.0, ""usg_pct"": 0.2, ""archetype"": ""GENERALIST"", ""updated_at"": ""2026-01-20 01:19:46"", ""season_id"": ""22025"", ""is_active"": 1, ""roster_updated_at"": null}"
94544296527,"{""player_id"": ""94544296527"", ""name"": ""Andre Jackson Jr."", ""team"": ""MIL"", ""position"": ""F"", ""status"": ""ACTIVE"", ""base_ppg"": 4.5, ""usg_pct"": 0.2, ""archetype"": null, ""updated_at"": ""2026-01-20 01:19:46"", ""season_id"": ""22025"", ""is_active"": 0, ""roster_updated_at"": null}","{""player_id"": ""94544296527"", ""name"": ""Andre Jackson Jr."", ""team"": ""MIL"", ""position"": ""F"", ""status"": ""ACTIVE"", ""base_ppg"": 4.5, ""usg_pct"": 0.2, ""archetype"": null, ""updated_at"": ""2026-01-20 01:19:46"", ""season_id"": ""22025"", ""is_active"": 1, ""roster_updated_at"": null}"
94554266027,"{""player_id"": ""94554266027"", ""name"": ""RayJ Dennis"", ""team"": ""ATL"", ""position"": ""G"", ""status"": ""ACTIVE"", ""base_ppg"": 0.0, ""usg_pct"": 0.2, ""archetype"": null, ""updated_at"": ""2026-01-20 01:19:45"", ""season_id"": ""22025"", ""is_active"": 0, ""roster_updated_at"": null}","{""player_id"": ""94554266027"", ""name"": ""RayJ Dennis"", ""team"": ""ATL"", ""position"": ""G"", ""status"": ""ACTIVE"", ""base_ppg"": 0.0, ""usg_pct"": 0.2, ""archetype"": null, ""updated_at"": ""2026-01-20 01:19:45"", ""season_id"": ""22025"", ""is_active"": 1, ""roster_updated_at"": null}"
945547765539,"{""player_id"": ""945547765539"", ""name"": ""Brandin Podziemski"", ""team"": ""GS"", ""position"": ""UNK"", ""status"": ""ACTIVE"", ""base_ppg"": 10.3, ""usg_pct"": 0.2, ""archetype"": ""GENERALIST"", ""updated_at"": ""2026-01-19 09:03:51"", ""season_id"": ""22025"", ""is_active"": 0, ""roster_updated_at"": null}","{""player_id"": ""945547765539"", ""name"": ""Brandin Podziemski"", ""team"": ""GS"", ""position"": ""UNK"", ""status"": ""ACTIVE"", ""base_ppg"": 10.3, ""usg_pct"": 0.2, ""archetype"": ""GENERALIST"", ""updated_at"": ""2026-01-19 09:03:51"", ""season_id"": ""22025"", ""is_active"": 1, ""roster_updated_at"": null}"
94564412027,"{""player_id"": ""94564412027"", ""name"": ""Jalen Wilson"", ""team"": ""BKN"", ""position"": ""UNK"", ""status"": ""ACTIVE"", ""base_ppg"": 6.2, ""usg_pct"": 0.2, ""archetype"": null, ""updated_at"": ""2026-01-19 09:03:51"", ""season_id"": ""22025"", ""is_active"": 0, ""roster_updated_at"": null}","{""player_id"": ""94564412027"", ""name"": ""Jalen Wilson"", ""team"": ""BKN"", ""position"": ""UNK"", ""status"": ""ACTIVE"", ""base_ppg"": 6.2, ""usg_pct"": 0.2, ""archetype"": null, ""updated_at"": ""2026-01-19 09:03:51"", ""season_id"": ""22025"", ""is_active"": 1, ""roster_updated_at"": null}"
94574916527,"{""player_id"": ""94574916527"", ""name"": ""Bennedict Mathurin"", ""team"": ""IND"", ""position"": ""G"", ""status"": ""ACTIVE"", ""base_ppg"": 2.0, ""usg_pct"": 0.2, ""archetype"": null, ""updated_at"": ""2026-01-20 01:19:46"", ""season_id"": ""22025"", ""is_active"": 0, ""roster_updated_at"": null}","{""player_id"": ""94574916527"", ""name"": ""Bennedict Mathurin"", ""team"": ""IND"", ""position"": ""G"", ""status"": ""ACTIVE"", ""base_ppg"": 2.0, ""usg_pct"": 0.2, ""archetype"": null, ""updated_at"": ""2026-01-20 01:19:46"", ""season_id"": ""22025"", ""is_active"": 1, ""roster_updated_at"": null}"
945843618389,"{""player_id"": ""945843618389"", ""name"": ""Joan Beringer"", ""team"": ""MIN"", ""position"": ""C"", ""status"": ""ACTIVE"", ""base_ppg"": 7.0, ""usg_pct"": 0.2, ""archetype"": null, ""updated_at"": ""2026-01-20 01:19:46"", ""season_id"": ""22025"", ""is_active"": 0, ""roster_updated_at"": null}","{""player_id"": ""945843618389"", ""name"": ""Joan Beringer"", ""team"": ""MIN"", ""position"": ""C"", ""status"": ""ACTIVE"", ""base_ppg"": 7.0, ""usg_pct"": 0.2, ""archetype"": null, ""updated_at"": ""2026-01-20 01:19:46"", ""season_id"": ""22025"", ""is_active"": 1, ""roster_updated_at"": null}"
945941497989,"{""player_id"": ""945941497989"", ""name"": ""Rob Dillingham"", ""team"": ""MIN"", ""position"": ""G"", ""status"": ""ACTIVE"", ""base_ppg"": 1.5, ""usg_pct"": 0.2, ""archetype"": null, ""updated_at"": ""2026-01-20 01:19:46"", ""season_id"": ""22025"", ""is_active"": 0, ""roster_updated_at"": null}","{""player_id"": ""945941497989"", ""name"": ""Rob Dillingham"", ""team"": ""MIN"", ""position"": ""G"", ""status"": ""ACTIVE"", ""base_ppg"": 1.5, ""usg_pct"": 0.2, ""archetype"": null, ""updated_at"": ""2026-01-20 01:19:46"", ""season_id"": ""22025"", ""is_active"": 1, ""roster_updated_at"": null}"
945947397989,"{""player_id"": ""945947397989"", ""name"": ""Kyshawn George"", ""team"": ""WAS"", ""position"": ""F"", ""status"": ""ACTIVE"", ""base_ppg"": 17.4, ""usg_pct"": 0.2, ""archetype"": null, ""updated_at"": ""2026-01-20 01:19:47"", ""season_id"": ""22025"", ""is_active"": 0, ""roster_updated_at"": null}","{""player_id"": ""945947397989"", ""name"": ""Kyshawn George"", ""team"": ""WAS"", ""position"": ""F"", ""status"": ""ACTIVE"", ""base_ppg"": 17.4, ""usg_pct"": 0.2, ""archetype"": null, ""updated_at"": ""2026-01-20 01:19:47"", ""season_id"": ""22025"", ""is_active"": 1, ""roster_updated_at"": null}"
94604249027,"{""player_id"": ""94604249027"", ""name"": ""Jaime Jaquez Jr."", ""team"": ""MIA"", ""position"": ""F"", ""status"": ""ACTIVE"", ""base_ppg"": 12.4, ""usg_pct"": 0.2, ""archetype"": null, ""updated_at"": ""2026-01-20 01:19:46"", ""season_id"": ""22025"", ""is_active"": 0, ""roster_updated_at"": null}","{""player_id"": ""94604249027"", ""name"": ""Jaime Jaquez Jr."", ""team"": ""MIA"", ""position"": ""F"", ""status"": ""ACTIVE"", ""base_ppg"": 12.4, ""usg_pct"": 0.2, ""archetype"": null, ""updated_at"": ""2026-01-20 01:19:46"", ""season_id"": ""22025"", ""is_active"": 1, ""roster_updated_at"": null}"
94614226027,"{""player_id"": ""94614226027"", ""name"": ""Zeke Nnaji"", ""team"": ""DEN"", ""position"": ""F"", ""status"": ""ACTIVE"", ""base_ppg"": 9.3, ""usg_pct"": 0.2, ""archetype"": ""TWO_WAY_WING"", ""updated_at"": ""2026-01-20 01:19:46"", ""season_id"": ""22025"", ""is_active"": 0, ""roster_updated_at"": null}","{""player_id"": ""94614226027"", ""name"": ""Zeke Nnaji"", ""team"": ""DEN"", ""position"": ""F"", ""status"": ""ACTIVE"", ""base_ppg"": 9.3, ""usg_pct"": 0.2, ""archetype"": ""TWO_WAY_WING"", ""updated_at"": ""2026-01-20 01:19:46"", ""season_id"": ""22025"", ""is_active"": 1, ""roster_updated_at"": null}"
94614279027,"{""player_id"": ""94614279027"", ""name"": ""Franz Wagner"", ""team"": ""ORL"", ""position"": ""F"", ""status"": ""ACTIVE"", ""base_ppg"": 16.0, ""usg_pct"": 0.2, ""archetype"": null, ""updated_at"": ""2026-01-20 01:19:46"", ""season_id"": ""22025"", ""is_active"": 0, ""roster_updated_at"": null}","{""player_id"": ""94614279027"", ""name"": ""Franz Wagner"", ""team"": ""ORL"", ""position"": ""F"", ""status"": ""ACTIVE"", ""base_ppg"": 16.0, ""usg_pct"": 0.2, ""archetype"": null, ""updated_at"": ""2026-01-20 01:19:46"", ""season_id"": ""22025"", ""is_active"": 1, ""roster_updated_at"": null}"
946241651189,"{""player_id"": ""946241651189"", ""name"": ""Jase Richardson"", ""team"": ""ORL"", ""position"": ""G"", ""status"": ""ACTIVE"", ""base_ppg"": 10.3, ""usg_pct"": 0.2, ""archetype"": null, ""updated_at"": ""2026-01-20 01:19:46"", ""season_id"": ""22025"", ""is_active"": 0, ""roster_updated_at"": null}","{""player_id"": ""946241651189"", ""name"": ""Jase Richardson"", ""team"": ""ORL"", ""position"": ""G"", ""status"": ""ACTIVE"", ""base_ppg"": 10.3, ""usg_pct"": 0.2, ""archetype"": null, ""updated_at"": ""2026-01-20 01:19:46"", ""season_id"": ""22025"", ""is_active"": 1, ""roster_updated_at"": null}"
94624262027,"{""player_id"": ""94624262027"", ""name"": ""Jalen Williams"", ""team"": ""OKC"", ""position"": ""F"", ""status"": ""ACTIVE"", ""base_ppg"": 16.2, ""usg_pct"": 0.2, ""archetype"": ""GENERALIST"", ""updated_at"": ""2026-01-20 01:19:46"", ""season_id"": ""22025"", ""is_active"": 0, ""roster_updated_at"": null}","{""player_id"": ""94624262027"", ""name"": ""Jalen Williams"", ""team"": ""OKC"", ""position"": ""F"", ""status"": ""ACTIVE"", ""base_ppg"": 16.2, ""usg_pct"": 0.2, ""archetype"": ""GENERALIST"", ""updated_at"": ""2026-01-20 01:19:46"", ""season_id"": ""22025"", ""is_active"": 1, ""roster_updated_at"": null}"
94624472047,"{""player_id"": ""94624472047"", ""name"": ""Ron Harper Jr."", ""team"": ""BOS"", ""position"": ""F"", ""status"": ""ACTIVE"", ""base_ppg"": 3.0, ""usg_pct"": 0.2, ""archetype"": null, ""updated_at"": ""2026-01-20 01:19:45"", ""season_id"": ""22025"", ""is_active"": 0, ""roster_updated_at"": null}","{""player_id"": ""94624472047"", ""name"": ""Ron Harper Jr."", ""team"": ""BOS"", ""position"": ""F"", ""status"": ""ACTIVE"", ""base_ppg"": 3.0, ""usg_pct"": 0.2, ""archetype"": null, ""updated_at"": ""2026-01-20 01:19:45"", ""season_id"": ""22025"", ""is_active"": 1, ""roster_updated_at"": null}"
946247671869,"{""player_id"": ""946247671869"", ""name"": ""Cason Wallace"", ""team"": ""OKC"", ""position"": ""G"", ""status"": ""ACTIVE"", ""base_ppg"": 4.6, ""usg_pct"": 0.2, ""archetype"": ""GENERALIST"", ""updated_at"": ""2026-01-20 01:19:46"", ""season_id"": ""22025"", ""is_active"": 0, ""roster_updated_at"": null}","{""player_id"": ""946247671869"", ""name"": ""Cason Wallace"", ""team"": ""OKC"", ""position"": ""G"", ""status"": ""ACTIVE"", ""base_ppg"": 4.6, ""usg_pct"": 0.2, ""archetype"": ""GENERALIST"", ""updated_at"": ""2026-01-20 01:19:46"", ""season_id"": ""22025"", ""is_active"": 1, ""roster_updated_at"": null}"
946247778639,"{""player_id"": ""946247778639"", ""name"": ""Shaedon Sharpe"", ""team"": ""POR"", ""position"": ""G"", ""status"": ""ACTIVE"", ""base_ppg"": 21.0, ""usg_pct"": 0.2, ""archetype"": ""GENERALIST"", ""updated_at"": ""2026-01-20 01:19:46"", ""season_id"": ""22025"", ""is_active"": 0, ""roster_updated_at"": null}","{""player_id"": ""946247778639"", ""name"": ""Shaedon Sharpe"", ""team"": ""POR"", ""position"": ""G"", ""status"": ""ACTIVE"", ""base_ppg"": 21.0, ""usg_pct"": 0.2, ""archetype"": ""GENERALIST"", ""updated_at"": ""2026-01-20 01:19:46"", ""season_id"": ""22025"", ""is_active"": 1, ""roster_updated_at"": null}"
946341233389,"{""player_id"": ""946341233389"", ""name"": ""Noah Penda"", ""team"": ""ORL"", ""position"": ""F"", ""status"": ""ACTIVE"", ""base_ppg"": 8.5, ""usg_pct"": 0.2, ""archetype"": null, ""updated_at"": ""2026-01-20 01:19:46"", ""season_id"": ""22025"", ""is_active"": 0, ""roster_updated_at"": null}","{""player_id"": ""946341233389"", ""name"": ""Noah Penda"", ""team"": ""ORL"", ""position"": ""F"", ""status"": ""ACTIVE"", ""base_ppg"": 8.5, ""usg_pct"": 0.2, ""archetype"": null, ""updated_at"": ""2026-01-20 01:19:46"", ""season_id"": ""22025"", ""is_active"": 1, ""roster_updated_at"": null}"
94644216527,"{""player_id"": ""94644216527"", ""name"": ""Dylan Cardwell"", ""team"": ""SAC"", ""position"": ""C"", ""status"": ""ACTIVE"", ""base_ppg"": 5.2, ""usg_pct"": 0.2, ""archetype"": null, ""updated_at"": ""2026-01-20 01:19:46"", ""season_id"": ""22025"", ""is_active"": 0, ""roster_updated_at"": null}","{""player_id"": ""94644216527"", ""name"": ""Dylan Cardwell"", ""team"": ""SAC"", ""position"": ""C"", ""status"": ""ACTIVE"", ""base_ppg"": 5.2, ""usg_pct"": 0.2, ""archetype"": null, ""updated_at"": ""2026-01-20 01:19:46"", ""season_id"": ""22025"", ""is_active"": 1, ""roster_updated_at"": null}"
94644246527,"{""player_id"": ""94644246527"", ""name"": ""Micah Peavy"", ""team"": ""NO"", ""position"": ""UNK"", ""status"": ""ACTIVE"", ""base_ppg"": 4.6, ""usg_pct"": 0.2, ""archetype"": ""GENERALIST"", ""updated_at"": ""2026-01-19 09:03:51"", ""season_id"": ""22025"", ""is_active"": 0, ""roster_updated_at"": null}","{""player_id"": ""94644246527"", ""name"": ""Micah Peavy"", ""team"": ""NO"", ""position"": ""UNK"", ""status"": ""ACTIVE"", ""base_ppg"": 4.6, ""usg_pct"": 0.2, ""archetype"": ""GENERALIST"", ""updated_at"": ""2026-01-19 09:03:51"", ""season_id"": ""22025"", ""is_active"": 1, ""roster_updated_at"": null}"
946542960139,"{""player_id"": ""946542960139"", ""name"": ""Jamir Watkins"", ""team"": ""WAS"", ""position"": ""F"", ""status"": ""ACTIVE"", ""base_ppg"": 4.5, ""usg_pct"": 0.2, ""archetype"": null, ""updated_at"": ""2026-01-20 01:19:47"", ""season_id"": ""22025"", ""is_active"": 0, ""roster_updated_at"": null}","{""player_id"": ""946542960139"", ""name"": ""Jamir Watkins"", ""team"": ""WAS"", ""position"": ""F"", ""status"": ""ACTIVE"", ""base_ppg"": 4.5, ""usg_pct"": 0.2, ""archetype"": null, ""updated_at"": ""2026-01-20 01:19:47"", ""season_id"": ""22025"", ""is_active"": 1, ""roster_updated_at"": null}"
946642835539,"{""player_id"": ""946642835539"", ""name"": ""Curtis Jones"", ""team"": ""DEN"", ""position"": ""G"", ""status"": ""ACTIVE"", ""base_ppg"": 0.0, ""usg_pct"": 0.2, ""archetype"": null, ""updated_at"": ""2026-01-20 01:19:46"", ""season_id"": ""22025"", ""is_active"": 0, ""roster_updated_at"": null}","{""player_id"": ""946642835539"", ""name"": ""Curtis Jones"", ""team"": ""DEN"", ""position"": ""G"", ""status"": ""ACTIVE"", ""base_ppg"": 0.0, ""usg_pct"": 0.2, ""archetype"": null, ""updated_at"": ""2026-01-20 01:19:46"", ""season_id"": ""22025"", ""is_active"": 1, ""roster_updated_at"": null}"
946740307989,"{""player_id"": ""946740307989"", ""name"": ""Bronny James"", ""team"": ""LAL"", ""position"": ""G"", ""status"": ""ACTIVE"", ""base_ppg"": 1.2, ""usg_pct"": 0.2, ""archetype"": null, ""updated_at"": ""2026-01-20 01:19:46"", ""season_id"": ""22025"", ""is_active"": 0, ""roster_updated_at"": null}","{""player_id"": ""946740307989"", ""name"": ""Bronny James"", ""team"": ""LAL"", ""position"": ""G"", ""status"": ""ACTIVE"", ""base_ppg"": 1.2, ""usg_pct"": 0.2, ""archetype"": null, ""updated_at"": ""2026-01-20 01:19:46"", ""season_id"": ""22025"", ""is_active"": 1, ""roster_updated_at"": null}"
946749465539,"{""player_id"": ""946749465539"", ""name"": ""JD Davison"", ""team"": ""HOU"", ""position"": ""G"", ""status"": ""ACTIVE"", ""base_ppg"": 2.8, ""usg_pct"": 0.2, ""archetype"": null, ""updated_at"": ""2026-01-20 01:19:46"", ""season_id"": ""22025"", ""is_active"": 0, ""roster_updated_at"": null}","{""player_id"": ""946749465539"", ""name"": ""JD Davison"", ""team"": ""HOU"", ""position"": ""G"", ""status"": ""ACTIVE"", ""base_ppg"": 2.8, ""usg_pct"": 0.2, ""archetype"": null, ""updated_at"": ""2026-01-20 01:19:46"", ""season_id"": ""22025"", ""is_active"": 1, ""roster_updated_at"": null}"
946840511869,"{""player_id"": ""946840511869"", ""name"": ""Danny Wolf"", ""team"": ""BKN"", ""position"": ""UNK"", ""status"": ""ACTIVE"", ""base_ppg"": 7.8, ""usg_pct"": 0.2, ""archetype"": ""GENERALIST"", ""updated_at"": ""2026-01-19 09:03:51"", ""season_id"": ""22025"", ""is_active"": 0, ""roster_updated_at"": null}","{""player_id"": ""946840511869"", ""name"": ""Danny Wolf"", ""team"": ""BKN"", ""position"": ""UNK"", ""status"": ""ACTIVE"", ""base_ppg"": 7.8, ""usg_pct"": 0.2, ""archetype"": ""GENERALIST"", ""updated_at"": ""2026-01-19 09:03:51"", ""season_id"": ""22025"", ""is_active"": 1, ""roster_updated_at"": null}"
946840901869,"{""player_id"": ""946840901869"", ""name"": ""Noah Clowney"", ""team"": ""BKN"", ""position"": ""UNK"", ""status"": ""ACTIVE"", ""base_ppg"": 12.4, ""usg_pct"": 0.2, ""archetype"": ""GENERALIST"", ""updated_at"": ""2026-01-19 09:03:51"", ""season_id"": ""22025"", ""is_active"": 0, ""roster_updated_at"": null}","{""player_id"": ""946840901869"", ""name"": ""Noah Clowney"", ""team"": ""BKN"", ""position"": ""UNK"", ""status"": ""ACTIVE"", ""base_ppg"": 12.4, ""usg_pct"": 0.2, ""archetype"": ""GENERALIST"", ""updated_at"": ""2026-01-19 09:03:51"", ""season_id"": ""22025"", ""is_active"": 1, ""roster_updated_at"": null}"
94684255527,"{""player_id"": ""94684255527"", ""name"": ""Caleb Love"", ""team"": ""POR"", ""position"": ""G"", ""status"": ""ACTIVE"", ""base_ppg"": 16.9, ""usg_pct"": 0.2, ""archetype"": ""SNIPER"", ""updated_at"": ""2026-01-20 01:19:46"", ""season_id"": ""22025"", ""is_active"": 0, ""roster_updated_at"": null}","{""player_id"": ""94684255527"", ""name"": ""Caleb Love"", ""team"": ""POR"", ""position"": ""G"", ""status"": ""ACTIVE"", ""base_ppg"": 16.9, ""usg_pct"": 0.2, ""archetype"": ""SNIPER"", ""updated_at"": ""2026-01-20 01:19:46"", ""season_id"": ""22025"", ""is_active"": 1, ""roster_updated_at"": null}"
94684462027,"{""player_id"": ""94684462027"", ""name"": ""Trendon Watford"", ""team"": ""PHI"", ""position"": ""F"", ""status"": ""ACTIVE"", ""base_ppg"": 1.4, ""usg_pct"": 0.2, ""archetype"": null, ""updated_at"": ""2026-01-20 01:19:46"", ""season_id"": ""22025"", ""is_active"": 0, ""roster_updated_at"": null}","{""player_id"": ""94684462027"", ""name"": ""Trendon Watford"", ""team"": ""PHI"", ""position"": ""F"", ""status"": ""ACTIVE"", ""base_ppg"": 1.4, ""usg_pct"": 0.2, ""archetype"": null, ""updated_at"": ""2026-01-20 01:19:46"", ""season_id"": ""22025"", ""is_active"": 1, ""roster_updated_at"": null}"
94684479047,"{""player_id"": ""94684479047"", ""name"": ""Zion Williamson"", ""team"": ""NO"", ""position"": ""UNK"", ""status"": ""ACTIVE"", ""base_ppg"": 20.9, ""usg_pct"": 0.2, ""archetype"": ""GENERALIST"", ""updated_at"": ""2026-01-19 09:03:51"", ""season_id"": ""22025"", ""is_active"": 0, ""roster_updated_at"": null}","{""player_id"": ""94684479047"", ""name"": ""Zion Williamson"", ""team"": ""NO"", ""position"": ""UNK"", ""status"": ""ACTIVE"", ""base_ppg"": 20.9, ""usg_pct"": 0.2, ""archetype"": ""GENERALIST"", ""updated_at"": ""2026-01-19 09:03:51"", ""season_id"": ""22025"", ""is_active"": 1, ""roster_updated_at"": null}"
94684499027,"{""player_id"": ""94684499027"", ""name"": ""Bones Hyland"", ""team"": ""MIN"", ""position"": ""G"", ""status"": ""ACTIVE"", ""base_ppg"": 8.1, ""usg_pct"": 0.2, ""archetype"": ""GENERALIST"", ""updated_at"": ""2026-01-20 01:19:46"", ""season_id"": ""22025"", ""is_active"": 0, ""roster_updated_at"": null}","{""player_id"": ""94684499027"", ""name"": ""Bones Hyland"", ""team"": ""MIN"", ""position"": ""G"", ""status"": ""ACTIVE"", ""base_ppg"": 8.1, ""usg_pct"": 0.2, ""archetype"": ""GENERALIST"", ""updated_at"": ""2026-01-20 01:19:46"", ""season_id"": ""22025"", ""is_active"": 1, ""roster_updated_at"": null}"
94694296527,"{""player_id"": ""94694296527"", ""name"": ""Alijah Martin"", ""team"": ""TOR"", ""position"": ""G"", ""status"": ""ACTIVE"", ""base_ppg"": 4.7, ""usg_pct"": 0.2, ""archetype"": null, ""updated_at"": ""2026-01-20 01:19:46"", ""season_id"": ""22025"", ""is_active"": 0, ""roster_updated_at"": null}","{""player_id"": ""94694296527"", ""name"": ""Alijah Martin"", ""team"": ""TOR"", ""position"": ""G"", ""status"": ""ACTIVE"", ""base_ppg"": 4.7, ""usg_pct"": 0.2, ""archetype"": null, ""updated_at"": ""2026-01-20 01:19:46"", ""season_id"": ""22025"", ""is_active"": 1, ""roster_updated_at"": null}"
947040385789,"{""player_id"": ""947040385789"", ""name"": ""AJ Johnson"", ""team"": ""WAS"", ""position"": ""G"", ""status"": ""ACTIVE"", ""base_ppg"": 2.7, ""usg_pct"": 0.2, ""archetype"": null, ""updated_at"": ""2026-01-20 01:19:47"", ""season_id"": ""22025"", ""is_active"": 0, ""roster_updated_at"": null}","{""player_id"": ""947040385789"", ""name"": ""AJ Johnson"", ""team"": ""WAS"", ""position"": ""G"", ""status"": ""ACTIVE"", ""base_ppg"": 2.7, ""usg_pct"": 0.2, ""archetype"": null, ""updated_at"": ""2026-01-20 01:19:47"", ""season_id"": ""22025"", ""is_active"": 1, ""roster_updated_at"": null}"
94704402047,"{""player_id"": ""94704402047"", ""name"": ""Coby White"", ""team"": ""CHI"", ""position"": ""G"", ""status"": ""ACTIVE"", ""base_ppg"": 13.2, ""usg_pct"": 0.2, ""archetype"": null, ""updated_at"": ""2026-01-20 01:19:46"", ""season_id"": ""22025"", ""is_active"": 0, ""roster_updated_at"": null}","{""player_id"": ""94704402047"", ""name"": ""Coby White"", ""team"": ""CHI"", ""position"": ""G"", ""status"": ""ACTIVE"", ""base_ppg"": 13.2, ""usg_pct"": 0.2, ""archetype"": null, ""updated_at"": ""2026-01-20 01:19:46"", ""season_id"": ""22025"", ""is_active"": 1, ""roster_updated_at"": null}"
947049801869,"{""player_id"": ""947049801869"", ""name"": ""Brandon Miller"", ""team"": ""CHA"", ""position"": ""G"", ""status"": ""ACTIVE"", ""base_ppg"": 18.4, ""usg_pct"": 0.2, ""archetype"": ""SNIPER"", ""updated_at"": ""2026-01-20 01:19:46"", ""season_id"": ""22025"", ""is_active"": 0, ""roster_updated_at"": null}","{""player_id"": ""947049801869"", ""name"": ""Brandon Miller"", ""team"": ""CHA"", ""position"": ""G"", ""status"": ""ACTIVE"", ""base_ppg"": 18.4, ""usg_pct"": 0.2, ""archetype"": ""SNIPER"", ""updated_at"": ""2026-01-20 01:19:46"", ""season_id"": ""22025"", ""is_active"": 1, ""roster_updated_at"": null}"
94714482027,"{""player_id"": ""94714482027"", ""name"": ""Kobe Brown"", ""team"": ""LAC"", ""position"": ""F"", ""status"": ""ACTIVE"", ""base_ppg"": 0.7, ""usg_pct"": 0.2, ""archetype"": ""GENERALIST"", ""updated_at"": ""2026-01-20 01:19:46"", ""season_id"": ""22025"", ""is_active"": 0, ""roster_updated_at"": null}","{""player_id"": ""94714482027"", ""name"": ""Kobe Brown"", ""team"": ""LAC"", ""position"": ""F"", ""status"": ""ACTIVE"", ""base_ppg"": 0.7, ""usg_pct"": 0.2, ""archetype"": ""GENERALIST"", ""updated_at"": ""2026-01-20 01:19:46"", ""season_id"": ""22025"", ""is_active"": 1, ""roster_updated_at"": null}"
947149815539,"{""player_id"": ""947149815539"", ""name"": ""Paolo Banchero"", ""team"": ""ORL"", ""position"": ""F"", ""status"": ""ACTIVE"", ""base_ppg"": 22.8, ""usg_pct"": 0.2, ""archetype"": ""SLASHER"", ""updated_at"": ""2026-01-20 01:19:46"", ""season_id"": ""22025"", ""is_active"": 0, ""roster_updated_at"": null}","{""player_id"": ""947149815539"", ""name"": ""Paolo Banchero"", ""team"": ""ORL"", ""position"": ""F"", ""status"": ""ACTIVE"", ""base_ppg"": 22.8, ""usg_pct"": 0.2, ""archetype"": ""SLASHER"", ""updated_at"": ""2026-01-20 01:19:46"", ""season_id"": ""22025"", ""is_active"": 1, ""roster_updated_at"": null}"
947241811189,"{""player_id"": ""947241811189"", ""name"": ""Carter Bryant"", ""team"": ""SA"", ""position"": ""UNK"", ""status"": ""ACTIVE"", ""base_ppg"": 1.1, ""usg_pct"": 0.2, ""archetype"": ""GENERALIST"", ""updated_at"": ""2026-01-19 09:03:51"", ""season_id"": ""22025"", ""is_active"": 0, ""roster_updated_at"": null}","{""player_id"": ""947241811189"", ""name"": ""Carter Bryant"", ""team"": ""SA"", ""position"": ""UNK"", ""status"": ""ACTIVE"", ""base_ppg"": 1.1, ""usg_pct"": 0.2, ""archetype"": ""GENERALIST"", ""updated_at"": ""2026-01-19 09:03:51"", ""season_id"": ""22025"", ""is_active"": 1, ""roster_updated_at"": null}"
94744229027,"{""player_id"": ""94744229027"", ""name"": ""Isaiah Stewart"", ""team"": ""DET"", ""position"": ""F"", ""status"": ""ACTIVE"", ""base_ppg"": 10.5, ""usg_pct"": 0.2, ""archetype"": ""GENERALIST"", ""updated_at"": ""2026-01-20 01:19:46"", ""season_id"": ""22025"", ""is_active"": 0, ""roster_updated_at"": null}","{""player_id"": ""94744229027"", ""name"": ""Isaiah Stewart"", ""team"": ""DET"", ""position"": ""F"", ""status"": ""ACTIVE"", ""base_ppg"": 10.5, ""usg_pct"": 0.2, ""archetype"": ""GENERALIST"", ""updated_at"": ""2026-01-20 01:19:46"", ""season_id"": ""22025"", ""is_active"": 1, ""roster_updated_at"": null}"
94744479027,"{""player_id"": ""94744479027"", ""name"": ""Cole Anthony"", ""team"": ""MIL"", ""position"": ""G"", ""status"": ""ACTIVE"", ""base_ppg"": 5.5, ""usg_pct"": 0.2, ""archetype"": null, ""updated_at"": ""2026-01-20 01:19:46"", ""season_id"": ""22025"", ""is_active"": 0, ""roster_updated_at"": null}","{""player_id"": ""94744479027"", ""name"": ""Cole Anthony"", ""team"": ""MIL"", ""position"": ""G"", ""status"": ""ACTIVE"", ""base_ppg"": 5.5, ""usg_pct"": 0.2, ""archetype"": null, ""updated_at"": ""2026-01-20 01:19:46"", ""season_id"": ""22025"", ""is_active"": 1, ""roster_updated_at"": null}"
947540715989,"{""player_id"": ""947540715989"", ""name"": ""Matas Buzelis"", ""team"": ""CHI"", ""position"": ""F"", ""status"": ""ACTIVE"", ""base_ppg"": 16.7, ""usg_pct"": 0.2, ""archetype"": null, ""updated_at"": ""2026-01-20 01:19:46"", ""season_id"": ""22025"", ""is_active"": 0, ""roster_updated_at"": null}","{""player_id"": ""947540715989"", ""name"": ""Matas Buzelis"", ""team"": ""CHI"", ""position"": ""F"", ""status"": ""ACTIVE"", ""base_ppg"": 16.7, ""usg_pct"": 0.2, ""archetype"": null, ""updated_at"": ""2026-01-20 01:19:46"", ""season_id"": ""22025"", ""is_active"": 1, ""roster_updated_at"": null}"
947640281189,"{""player_id"": ""947640281189"", ""name"": ""Derik Queen"", ""team"": ""NO"", ""position"": ""UNK"", ""status"": ""ACTIVE"", ""base_ppg"": 10.4, ""usg_pct"": 0.2, ""archetype"": ""RIM_RUNNER"", ""updated_at"": ""2026-01-19 09:03:51"", ""season_id"": ""22025"", ""is_active"": 0, ""roster_updated_at"": null}","{""player_id"": ""947640281189"", ""name"": ""Derik Queen"", ""team"": ""NO"", ""position"": ""UNK"", ""status"": ""ACTIVE"", ""base_ppg"": 10.4, ""usg_pct"": 0.2, ""archetype"": ""RIM_RUNNER"", ""updated_at"": ""2026-01-19 09:03:51"", ""season_id"": ""22025"", ""is_active"": 1, ""roster_updated_at"": null}"
947747521869,"{""player_id"": ""947747521869"", ""name"": ""Adem Bona"", ""team"": ""PHI"", ""position"": ""F"", ""status"": ""ACTIVE"", ""base_ppg"": 4.1, ""usg_pct"": 0.2, ""archetype"": ""GENERALIST"", ""updated_at"": ""2026-01-20 01:19:46"", ""season_id"": ""22025"", ""is_active"": 0, ""roster_updated_at"": null}","{""player_id"": ""947747521869"", ""name"": ""Adem Bona"", ""team"": ""PHI"", ""position"": ""F"", ""status"": ""ACTIVE"", ""base_ppg"": 4.1, ""usg_pct"": 0.2, ""archetype"": ""GENERALIST"", ""updated_at"": ""2026-01-20 01:19:46"", ""season_id"": ""22025"", ""is_active"": 1, ""roster_updated_at"": null}"
94784285027,"{""player_id"": ""94784285027"", ""name"": ""Isaac Okoro"", ""team"": ""CHI"", ""position"": ""F"", ""status"": ""ACTIVE"", ""base_ppg"": 6.6, ""usg_pct"": 0.2, ""archetype"": null, ""updated_at"": ""2026-01-20 01:19:46"", ""season_id"": ""22025"", ""is_active"": 0, ""roster_updated_at"": null}","{""player_id"": ""94784285027"", ""name"": ""Isaac Okoro"", ""team"": ""CHI"", ""position"": ""F"", ""status"": ""ACTIVE"", ""base_ppg"": 6.6, ""usg_pct"": 0.2, ""archetype"": null, ""updated_at"": ""2026-01-20 01:19:46"", ""season_id"": ""22025"", ""is_active"": 1, ""roster_updated_at"": null}"
94804285527,"{""player_id"": ""94804285527"", ""name"": ""Cade Cunningham"", ""team"": ""DET"", ""position"": ""G"", ""status"": ""ACTIVE"", ""base_ppg"": 22.6, ""usg_pct"": 0.2, ""archetype"": ""BALL_HOG"", ""updated_at"": ""2026-01-20 01:19:46"", ""season_id"": ""22025"", ""is_active"": 0, ""roster_updated_at"": null}","{""player_id"": ""94804285527"", ""name"": ""Cade Cunningham"", ""team"": ""DET"", ""position"": ""G"", ""status"": ""ACTIVE"", ""base_ppg"": 22.6, ""usg_pct"": 0.2, ""archetype"": ""BALL_HOG"", ""updated_at"": ""2026-01-20 01:19:46"", ""season_id"": ""22025"", ""is_active"": 1, ""roster_updated_at"": null}"
94814419047,"{""player_id"": ""94814419047"", ""name"": ""Ayo Dosunmu"", ""team"": ""CHI"", ""position"": ""G"", ""status"": ""ACTIVE"", ""base_ppg"": 16.1, ""usg_pct"": 0.2, ""archetype"": ""GENERALIST"", ""updated_at"": ""2026-01-20 01:19:46"", ""season_id"": ""22025"", ""is_active"": 0, ""roster_updated_at"": null}","{""player_id"": ""94814419047"", ""name"": ""Ayo Dosunmu"", ""team"": ""CHI"", ""position"": ""G"", ""status"": ""ACTIVE"", ""base_ppg"": 16.1, ""usg_pct"": 0.2, ""archetype"": ""GENERALIST"", ""updated_at"": ""2026-01-20 01:19:46"", ""season_id"": ""22025"", ""is_active"": 1, ""roster_updated_at"": null}"
94814916527,"{""player_id"": ""94814916527"", ""name"": ""Taelon Peter"", ""team"": ""IND"", ""position"": ""G"", ""status"": ""ACTIVE"", ""base_ppg"": 2.5, ""usg_pct"": 0.2, ""archetype"": null, ""updated_at"": ""2026-01-20 01:19:46"", ""season_id"": ""22025"", ""is_active"": 0, ""roster_updated_at"": null}","{""player_id"": ""94814916527"", ""name"": ""Taelon Peter"", ""team"": ""IND"", ""position"": ""G"", ""status"": ""ACTIVE"", ""base_ppg"": 2.5, ""usg_pct"": 0.2, ""archetype"": null, ""updated_at"": ""2026-01-20 01:19:46"", ""season_id"": ""22025"", ""is_active"": 1, ""roster_updated_at"": null}"
948240427989,"{""player_id"": ""948240427989"", ""name"": ""Isaiah Collier"", ""team"": ""UTA"", ""position"": ""G"", ""status"": ""ACTIVE"", ""base_ppg"": 9.8, ""usg_pct"": 0.2, ""archetype"": ""BALL_HOG"", ""updated_at"": ""2026-01-20 01:19:47"", ""season_id"": ""22025"", ""is_active"": 0, ""roster_updated_at"": null}","{""player_id"": ""948240427989"", ""name"": ""Isaiah Collier"", ""team"": ""UTA"", ""position"": ""G"", ""status"": ""ACTIVE"", ""base_ppg"": 9.8, ""usg_pct"": 0.2, ""archetype"": ""BALL_HOG"", ""updated_at"": ""2026-01-20 01:19:47"", ""season_id"": ""22025"", ""is_active"": 1, ""roster_updated_at"": null}"
948249145669,"{""player_id"": ""948249145669"", ""name"": ""Gui Santos"", ""team"": ""GS"", ""position"": ""UNK"", ""status"": ""ACTIVE"", ""base_ppg"": 4.4, ""usg_pct"": 0.2, ""archetype"": ""GENERALIST"", ""updated_at"": ""2026-01-19 09:03:51"", ""season_id"": ""22025"", ""is_active"": 0, ""roster_updated_at"": null}","{""player_id"": ""948249145669"", ""name"": ""Gui Santos"", ""team"": ""GS"", ""position"": ""UNK"", ""status"": ""ACTIVE"", ""base_ppg"": 4.4, ""usg_pct"": 0.2, ""archetype"": ""GENERALIST"", ""updated_at"": ""2026-01-19 09:03:51"", ""season_id"": ""22025"", ""is_active"": 1, ""roster_updated_at"": null}"
948249515539,"{""player_id"": ""948249515539"", ""name"": ""Javon Small"", ""team"": ""MEM"", ""position"": ""G"", ""status"": ""ACTIVE"", ""base_ppg"": 7.0, ""usg_pct"": 0.2, ""archetype"": ""GENERALIST"", ""updated_at"": ""2026-01-20 01:19:46"", ""season_id"": ""22025"", ""is_active"": 0, ""roster_updated_at"": null}","{""player_id"": ""948249515539"", ""name"": ""Javon Small"", ""team"": ""MEM"", ""position"": ""G"", ""status"": ""ACTIVE"", ""base_ppg"": 7.0, ""usg_pct"": 0.2, ""archetype"": ""GENERALIST"", ""updated_at"": ""2026-01-20 01:19:46"", ""season_id"": ""22025"", ""is_active"": 1, ""roster_updated_at"": null}"
948249835539,"{""player_id"": ""948249835539"", ""name"": ""Will Richard"", ""team"": ""GS"", ""position"": ""UNK"", ""status"": ""ACTIVE"", ""base_ppg"": 5.0, ""usg_pct"": 0.2, ""archetype"": ""GENERALIST"", ""updated_at"": ""2026-01-19 09:03:51"", ""season_id"": ""22025"", ""is_active"": 0, ""roster_updated_at"": null}","{""player_id"": ""948249835539"", ""name"": ""Will Richard"", ""team"": ""GS"", ""position"": ""UNK"", ""status"": ""ACTIVE"", ""base_ppg"": 5.0, ""usg_pct"": 0.2, ""archetype"": ""GENERALIST"", ""updated_at"": ""2026-01-19 09:03:51"", ""season_id"": ""22025"", ""is_active"": 1, ""roster_updated_at"": null}"
948340711869,"{""player_id"": ""948340711869"", ""name"": ""Rasheer Fleming"", ""team"": ""PHO"", ""position"": ""UNK"", ""status"": ""ACTIVE"", ""base_ppg"": 2.3, ""usg_pct"": 0.2, ""archetype"": ""GENERALIST"", ""updated_at"": ""2026-01-19 09:03:51"", ""season_id"": ""22025"", ""is_active"": 0, ""roster_updated_at"": null}","{""player_id"": ""948340711869"", ""name"": ""Rasheer Fleming"", ""team"": ""PHO"", ""position"": ""UNK"", ""status"": ""ACTIVE"", ""base_ppg"": 2.3, ""usg_pct"": 0.2, ""archetype"": ""GENERALIST"", ""updated_at"": ""2026-01-19 09:03:51"", ""season_id"": ""22025"", ""is_active"": 1, ""roster_updated_at"": null}"
948347491869,"{""player_id"": ""948347491869"", ""name"": ""Kyle Filipowski"", ""team"": ""UTA"", ""position"": ""F"", ""status"": ""ACTIVE"", ""base_ppg"": 8.2, ""usg_pct"": 0.2, ""archetype"": ""GENERALIST"", ""updated_at"": ""2026-01-20 01:19:46"", ""season_id"": ""22025"", ""is_active"": 0, ""roster_updated_at"": null}","{""player_id"": ""948347491869"", ""name"": ""Kyle Filipowski"", ""team"": ""UTA"", ""position"": ""F"", ""status"": ""ACTIVE"", ""base_ppg"": 8.2, ""usg_pct"": 0.2, ""archetype"": ""GENERALIST"", ""updated_at"": ""2026-01-20 01:19:46"", ""season_id"": ""22025"", ""is_active"": 1, ""roster_updated_at"": null}"
948349165539,"{""player_id"": ""948349165539"", ""name"": ""Devin Carter"", ""team"": ""SAC"", ""position"": ""G"", ""status"": ""ACTIVE"", ""base_ppg"": 1.0, ""usg_pct"": 0.2, ""archetype"": null, ""updated_at"": ""2026-01-20 01:19:46"", ""season_id"": ""22025"", ""is_active"": 0, ""roster_updated_at"": null}","{""player_id"": ""948349165539"", ""name"": ""Devin Carter"", ""team"": ""SAC"", ""position"": ""G"", ""status"": ""ACTIVE"", ""base_ppg"": 1.0, ""usg_pct"": 0.2, ""archetype"": null, ""updated_at"": ""2026-01-20 01:19:46"", ""season_id"": ""22025"", ""is_active"": 1, ""roster_updated_at"": null}"
94854409027,"{""player_id"": ""94854409027"", ""name"": ""Tyrese Maxey"", ""team"": ""PHI"", ""position"": ""G"", ""status"": ""ACTIVE"", ""base_ppg"": 28.4, ""usg_pct"": 0.2, ""archetype"": ""BALL_HOG"", ""updated_at"": ""2026-01-20 01:19:46"", ""season_id"": ""22025"", ""is_active"": 0, ""roster_updated_at"": null}","{""player_id"": ""94854409027"", ""name"": ""Tyrese Maxey"", ""team"": ""PHI"", ""position"": ""G"", ""status"": ""ACTIVE"", ""base_ppg"": 28.4, ""usg_pct"": 0.2, ""archetype"": ""BALL_HOG"", ""updated_at"": ""2026-01-20 01:19:46"", ""season_id"": ""22025"", ""is_active"": 1, ""roster_updated_at"": null}"
94864479047,"{""player_id"": ""94864479047"", ""name"": ""Ochai Agbaji"", ""team"": ""TOR"", ""position"": ""F"", ""status"": ""ACTIVE"", ""base_ppg"": 4.7, ""usg_pct"": 0.2, ""archetype"": ""GENERALIST"", ""updated_at"": ""2026-01-20 01:19:46"", ""season_id"": ""22025"", ""is_active"": 0, ""roster_updated_at"": null}","{""player_id"": ""94864479047"", ""name"": ""Ochai Agbaji"", ""team"": ""TOR"", ""position"": ""F"", ""status"": ""ACTIVE"", ""base_ppg"": 4.7, ""usg_pct"": 0.2, ""archetype"": ""GENERALIST"", ""updated_at"": ""2026-01-20 01:19:46"", ""season_id"": ""22025"", ""is_active"": 1, ""roster_updated_at"": null}"
94874212027,"{""player_id"": ""94874212027"", ""name"": ""Tre Mann"", ""team"": ""CHA"", ""position"": ""G"", ""status"": ""ACTIVE"", ""base_ppg"": 8.0, ""usg_pct"": 0.2, ""archetype"": null, ""updated_at"": ""2026-01-20 01:19:45"", ""season_id"": ""22025"", ""is_active"": 0, ""roster_updated_at"": null}","{""player_id"": ""94874212027"", ""name"": ""Tre Mann"", ""team"": ""CHA"", ""position"": ""G"", ""status"": ""ACTIVE"", ""base_ppg"": 8.0, ""usg_pct"": 0.2, ""archetype"": null, ""updated_at"": ""2026-01-20 01:19:45"", ""season_id"": ""22025"", ""is_active"": 1, ""roster_updated_at"": null}"
948747982639,"{""player_id"": ""948747982639"", ""name"": ""Ousmane Dieng"", ""team"": ""OKC"", ""position"": ""F"", ""status"": ""ACTIVE"", ""base_ppg"": 1.5, ""usg_pct"": 0.2, ""archetype"": null, ""updated_at"": ""2026-01-20 01:19:46"", ""season_id"": ""22025"", ""is_active"": 0, ""roster_updated_at"": null}","{""player_id"": ""948747982639"", ""name"": ""Ousmane Dieng"", ""team"": ""OKC"", ""position"": ""F"", ""status"": ""ACTIVE"", ""base_ppg"": 1.5, ""usg_pct"": 0.2, ""archetype"": null, ""updated_at"": ""2026-01-20 01:19:46"", ""season_id"": ""22025"", ""is_active"": 1, ""roster_updated_at"": null}"
948841921589,"{""player_id"": ""948841921589"", ""name"": ""Mohamed Diawara"", ""team"": ""NY"", ""position"": ""UNK"", ""status"": ""ACTIVE"", ""base_ppg"": 0.3, ""usg_pct"": 0.2, ""archetype"": ""GENERALIST"", ""updated_at"": ""2026-01-19 09:03:51"", ""season_id"": ""22025"", ""is_active"": 0, ""roster_updated_at"": null}","{""player_id"": ""948841921589"", ""name"": ""Mohamed Diawara"", ""team"": ""NY"", ""position"": ""UNK"", ""status"": ""ACTIVE"", ""base_ppg"": 0.3, ""usg_pct"": 0.2, ""archetype"": ""GENERALIST"", ""updated_at"": ""2026-01-19 09:03:51"", ""season_id"": ""22025"", ""is_active"": 1, ""roster_updated_at"": null}"
948843331189,"{""player_id"": ""948843331189"", ""name"": ""Ace Bailey"", ""team"": ""UTA"", ""position"": ""G"", ""status"": ""ACTIVE"", ""base_ppg"": 9.8, ""usg_pct"": 0.2, ""archetype"": null, ""updated_at"": ""2026-01-20 01:19:46"", ""season_id"": ""22025"", ""is_active"": 0, ""roster_updated_at"": null}","{""player_id"": ""948843331189"", ""name"": ""Ace Bailey"", ""team"": ""UTA"", ""position"": ""G"", ""status"": ""ACTIVE"", ""base_ppg"": 9.8, ""usg_pct"": 0.2, ""archetype"": null, ""updated_at"": ""2026-01-20 01:19:46"", ""season_id"": ""22025"", ""is_active"": 1, ""roster_updated_at"": null}"
94884492047,"{""player_id"": ""94884492047"", ""name"": ""Tre Jones"", ""team"": ""CHI"", ""position"": ""G"", ""status"": ""ACTIVE"", ""base_ppg"": 11.7, ""usg_pct"": 0.2, ""archetype"": null, ""updated_at"": ""2026-01-20 01:19:46"", ""season_id"": ""22025"", ""is_active"": 0, ""roster_updated_at"": null}","{""player_id"": ""94884492047"", ""name"": ""Tre Jones"", ""team"": ""CHI"", ""position"": ""G"", ""status"": ""ACTIVE"", ""base_ppg"": 11.7, ""usg_pct"": 0.2, ""archetype"": null, ""updated_at"": ""2026-01-20 01:19:46"", ""season_id"": ""22025"", ""is_active"": 1, ""roster_updated_at"": null}"
948940097989,"{""player_id"": ""948940097989"", ""name"": ""Stephon Castle"", ""team"": ""SA"", ""position"": ""UNK"", ""status"": ""ACTIVE"", ""base_ppg"": 14.7, ""usg_pct"": 0.2, ""archetype"": ""BALL_HOG"", ""updated_at"": ""2026-01-19 09:03:51"", ""season_id"": ""22025"", ""is_active"": 0, ""roster_updated_at"": null}","{""player_id"": ""948940097989"", ""name"": ""Stephon Castle"", ""team"": ""SA"", ""position"": ""UNK"", ""status"": ""ACTIVE"", ""base_ppg"": 14.7, ""usg_pct"": 0.2, ""archetype"": ""BALL_HOG"", ""updated_at"": ""2026-01-19 09:03:51"", ""season_id"": ""22025"", ""is_active"": 1, ""roster_updated_at"": null}"
948940627989,"{""player_id"": ""948940627989"", ""name"": ""Yves Missi"", ""team"": ""NO"", ""position"": ""UNK"", ""status"": ""ACTIVE"", ""base_ppg"": 6.0, ""usg_pct"": 0.2, ""archetype"": ""GENERALIST"", ""updated_at"": ""2026-01-19 09:03:51"", ""season_id"": ""22025"", ""is_active"": 0, ""roster_updated_at"": null}","{""player_id"": ""948940627989"", ""name"": ""Yves Missi"", ""team"": ""NO"", ""position"": ""UNK"", ""status"": ""ACTIVE"", ""base_ppg"": 6.0, ""usg_pct"": 0.2, ""archetype"": ""GENERALIST"", ""updated_at"": ""2026-01-19 09:03:51"", ""season_id"": ""22025"", ""is_active"": 1, ""roster_updated_at"": null}"
948942620139,"{""player_id"": ""948942620139"", ""name"": ""Tyler Kolek"", ""team"": ""NY"", ""position"": ""UNK"", ""status"": ""ACTIVE"", ""base_ppg"": 4.2, ""usg_pct"": 0.2, ""archetype"": ""GENERALIST"", ""updated_at"": ""2026-01-19 09:03:51"", ""season_id"": ""22025"", ""is_active"": 0, ""roster_updated_at"": null}","{""player_id"": ""948942620139"", ""name"": ""Tyler Kolek"", ""team"": ""NY"", ""position"": ""UNK"", ""status"": ""ACTIVE"", ""base_ppg"": 4.2, ""usg_pct"": 0.2, ""archetype"": ""GENERALIST"", ""updated_at"": ""2026-01-19 09:03:51"", ""season_id"": ""22025"", ""is_active"": 1, ""roster_updated_at"": null}"
94894432027,"{""player_id"": ""94894432027"", ""name"": ""Spencer Jones"", ""team"": ""DEN"", ""position"": ""F"", ""status"": ""ACTIVE"", ""base_ppg"": 5.8, ""usg_pct"": 0.2, ""archetype"": ""GENERALIST"", ""updated_at"": ""2026-01-20 01:19:46"", ""season_id"": ""22025"", ""is_active"": 0, ""roster_updated_at"": null}","{""player_id"": ""94894432027"", ""name"": ""Spencer Jones"", ""team"": ""DEN"", ""position"": ""F"", ""status"": ""ACTIVE"", ""base_ppg"": 5.8, ""usg_pct"": 0.2, ""archetype"": ""GENERALIST"", ""updated_at"": ""2026-01-20 01:19:46"", ""season_id"": ""22025"", ""is_active"": 1, ""roster_updated_at"": null}"
94894482027,"{""player_id"": ""94894482027"", ""name"": ""Miles McBride"", ""team"": ""NY"", ""position"": ""UNK"", ""status"": ""ACTIVE"", ""base_ppg"": 16.3, ""usg_pct"": 0.2, ""archetype"": ""SNIPER"", ""updated_at"": ""2026-01-19 09:03:51"", ""season_id"": ""22025"", ""is_active"": 0, ""roster_updated_at"": null}","{""player_id"": ""94894482027"", ""name"": ""Miles McBride"", ""team"": ""NY"", ""position"": ""UNK"", ""status"": ""ACTIVE"", ""base_ppg"": 16.3, ""usg_pct"": 0.2, ""archetype"": ""SNIPER"", ""updated_at"": ""2026-01-19 09:03:51"", ""season_id"": ""22025"", ""is_active"": 1, ""roster_updated_at"": null}"
948949135539,"{""player_id"": ""948949135539"", ""name"": ""DaRon Holmes II"", ""team"": ""DEN"", ""position"": ""F"", ""status"": ""ACTIVE"", ""base_ppg"": 3.7, ""usg_pct"": 0.2, ""archetype"": ""GENERALIST"", ""updated_at"": ""2026-01-20 01:19:46"", ""season_id"": ""22025"", ""is_active"": 0, ""roster_updated_at"": null}","{""player_id"": ""948949135539"", ""name"": ""DaRon Holmes II"", ""team"": ""DEN"", ""position"": ""F"", ""status"": ""ACTIVE"", ""base_ppg"": 3.7, ""usg_pct"": 0.2, ""archetype"": ""GENERALIST"", ""updated_at"": ""2026-01-20 01:19:46"", ""season_id"": ""22025"", ""is_active"": 1, ""roster_updated_at"": null}"
94904432027,"{""player_id"": ""94904432027"", ""name"": ""Trayce Jackson-Davis"", ""team"": ""GS"", ""position"": ""UNK"", ""status"": ""ACTIVE"", ""base_ppg"": 3.4, ""usg_pct"": 0.2, ""archetype"": ""GENERALIST"", ""updated_at"": ""2026-01-19 09:03:51"", ""season_id"": ""22025"", ""is_active"": 0, ""roster_updated_at"": null}","{""player_id"": ""94904432027"", ""name"": ""Trayce Jackson-Davis"", ""team"": ""GS"", ""position"": ""UNK"", ""status"": ""ACTIVE"", ""base_ppg"": 3.4, ""usg_pct"": 0.2, ""archetype"": ""GENERALIST"", ""updated_at"": ""2026-01-19 09:03:51"", ""season_id"": ""22025"", ""is_active"": 1, ""roster_updated_at"": null}"
94914298027,"{""player_id"": ""94914298027"", ""name"": ""LaMelo Ball"", ""team"": ""CHA"", ""position"": ""G"", ""status"": ""ACTIVE"", ""base_ppg"": 18.3, ""usg_pct"": 0.2, ""archetype"": ""BALL_HOG"", ""updated_at"": ""2026-01-20 01:19:45"", ""season_id"": ""22025"", ""is_active"": 0, ""roster_updated_at"": null}","{""player_id"": ""94914298027"", ""name"": ""LaMelo Ball"", ""team"": ""CHA"", ""position"": ""G"", ""status"": ""ACTIVE"", ""base_ppg"": 18.3, ""usg_pct"": 0.2, ""archetype"": ""BALL_HOG"", ""updated_at"": ""2026-01-20 01:19:45"", ""season_id"": ""22025"", ""is_active"": 1, ""roster_updated_at"": null}"
94914479047,"{""player_id"": ""94914479047"", ""name"": ""Tyler Herro"", ""team"": ""MIA"", ""position"": ""G"", ""status"": ""ACTIVE"", ""base_ppg"": 20.4, ""usg_pct"": 0.2, ""archetype"": null, ""updated_at"": ""2026-01-20 01:19:46"", ""season_id"": ""22025"", ""is_active"": 0, ""roster_updated_at"": null}","{""player_id"": ""94914479047"", ""name"": ""Tyler Herro"", ""team"": ""MIA"", ""position"": ""G"", ""status"": ""ACTIVE"", ""base_ppg"": 20.4, ""usg_pct"": 0.2, ""archetype"": null, ""updated_at"": ""2026-01-20 01:19:46"", ""season_id"": ""22025"", ""is_active"": 1, ""roster_updated_at"": null}"
949147271869,"{""player_id"": ""949147271869"", ""name"": ""Gradey Dick"", ""team"": ""TOR"", ""position"": ""G"", ""status"": ""ACTIVE"", ""base_ppg"": 8.6, ""usg_pct"": 0.2, ""archetype"": ""GENERALIST"", ""updated_at"": ""2026-01-20 01:19:46"", ""season_id"": ""22025"", ""is_active"": 0, ""roster_updated_at"": null}","{""player_id"": ""949147271869"", ""name"": ""Gradey Dick"", ""team"": ""TOR"", ""position"": ""G"", ""status"": ""ACTIVE"", ""base_ppg"": 8.6, ""usg_pct"": 0.2, ""archetype"": ""GENERALIST"", ""updated_at"": ""2026-01-20 01:19:46"", ""season_id"": ""22025"", ""is_active"": 1, ""roster_updated_at"": null}"
94924235527,"{""player_id"": ""94924235527"", ""name"": ""Day'Ron Sharpe"", ""team"": ""BKN"", ""position"": ""UNK"", ""status"": ""ACTIVE"", ""base_ppg"": 10.4, ""usg_pct"": 0.2, ""archetype"": ""GENERALIST"", ""updated_at"": ""2026-01-19 09:03:51"", ""season_id"": ""22025"", ""is_active"": 0, ""roster_updated_at"": null}","{""player_id"": ""94924235527"", ""name"": ""Day'Ron Sharpe"", ""team"": ""BKN"", ""position"": ""UNK"", ""status"": ""ACTIVE"", ""base_ppg"": 10.4, ""usg_pct"": 0.2, ""archetype"": ""GENERALIST"", ""updated_at"": ""2026-01-19 09:03:51"", ""season_id"": ""22025"", ""is_active"": 1, ""roster_updated_at"": null}"
94924449047,"{""player_id"": ""94924449047"", ""name"": ""Hunter Tyson"", ""team"": ""DEN"", ""position"": ""F"", ""status"": ""ACTIVE"", ""base_ppg"": 6.5, ""usg_pct"": 0.2, ""archetype"": null, ""updated_at"": ""2026-01-20 01:19:46"", ""season_id"": ""22025"", ""is_active"": 0, ""roster_updated_at"": null}","{""player_id"": ""94924449047"", ""name"": ""Hunter Tyson"", ""team"": ""DEN"", ""position"": ""F"", ""status"": ""ACTIVE"", ""base_ppg"": 6.5, ""usg_pct"": 0.2, ""archetype"": null, ""updated_at"": ""2026-01-20 01:19:46"", ""season_id"": ""22025"", ""is_active"": 1, ""roster_updated_at"": null}"
949340777989,"{""player_id"": ""949340777989"", ""name"": ""Jared McCain"", ""team"": ""PHI"", ""position"": ""G"", ""status"": ""ACTIVE"", ""base_ppg"": 3.5, ""usg_pct"": 0.2, ""archetype"": ""GENERALIST"", ""updated_at"": ""2026-01-20 01:19:46"", ""season_id"": ""22025"", ""is_active"": 0, ""roster_updated_at"": null}","{""player_id"": ""949340777989"", ""name"": ""Jared McCain"", ""team"": ""PHI"", ""position"": ""G"", ""status"": ""ACTIVE"", ""base_ppg"": 3.5, ""usg_pct"": 0.2, ""archetype"": ""GENERALIST"", ""updated_at"": ""2026-01-20 01:19:46"", ""season_id"": ""22025"", ""is_active"": 1, ""roster_updated_at"": null}"
94934219027,"{""player_id"": ""94934219027"", ""name"": ""Johnny Juzang"", ""team"": ""MIN"", ""position"": ""G"", ""status"": ""ACTIVE"", ""base_ppg"": 2.4, ""usg_pct"": 0.2, ""archetype"": null, ""updated_at"": ""2026-01-20 01:19:46"", ""season_id"": ""22025"", ""is_active"": 0, ""roster_updated_at"": null}","{""player_id"": ""94934219027"", ""name"": ""Johnny Juzang"", ""team"": ""MIN"", ""position"": ""G"", ""status"": ""ACTIVE"", ""base_ppg"": 2.4, ""usg_pct"": 0.2, ""archetype"": null, ""updated_at"": ""2026-01-20 01:19:46"", ""season_id"": ""22025"", ""is_active"": 1, ""roster_updated_at"": null}"
949443081189,"{""player_id"": ""949443081189"", ""name"": ""Tre Johnson"", ""team"": ""WAS"", ""position"": ""G"", ""status"": ""ACTIVE"", ""base_ppg"": 12.7, ""usg_pct"": 0.2, ""archetype"": null, ""updated_at"": ""2026-01-20 01:19:47"", ""season_id"": ""22025"", ""is_active"": 0, ""roster_updated_at"": null}","{""player_id"": ""949443081189"", ""name"": ""Tre Johnson"", ""team"": ""WAS"", ""position"": ""G"", ""status"": ""ACTIVE"", ""base_ppg"": 12.7, ""usg_pct"": 0.2, ""archetype"": null, ""updated_at"": ""2026-01-20 01:19:47"", ""season_id"": ""22025"", ""is_active"": 1, ""roster_updated_at"": null}"
949540311869,"{""player_id"": ""949540311869"", ""name"": ""Anthony Black"", ""team"": ""ORL"", ""position"": ""G"", ""status"": ""ACTIVE"", ""base_ppg"": 17.9, ""usg_pct"": 0.2, ""archetype"": null, ""updated_at"": ""2026-01-20 01:19:46"", ""season_id"": ""22025"", ""is_active"": 0, ""roster_updated_at"": null}","{""player_id"": ""949540311869"", ""name"": ""Anthony Black"", ""team"": ""ORL"", ""position"": ""G"", ""status"": ""ACTIVE"", ""base_ppg"": 17.9, ""usg_pct"": 0.2, ""archetype"": null, ""updated_at"": ""2026-01-20 01:19:46"", ""season_id"": ""22025"", ""is_active"": 1, ""roster_updated_at"": null}"
949541715989,"{""player_id"": ""949541715989"", ""name"": ""Alex Sarr"", ""team"": ""WAS"", ""position"": ""C"", ""status"": ""ACTIVE"", ""base_ppg"": 15.1, ""usg_pct"": 0.2, ""archetype"": null, ""updated_at"": ""2026-01-20 01:19:47"", ""season_id"": ""22025"", ""is_active"": 0, ""roster_updated_at"": null}","{""player_id"": ""949541715989"", ""name"": ""Alex Sarr"", ""team"": ""WAS"", ""position"": ""C"", ""status"": ""ACTIVE"", ""base_ppg"": 15.1, ""usg_pct"": 0.2, ""archetype"": null, ""updated_at"": ""2026-01-20 01:19:47"", ""season_id"": ""22025"", ""is_active"": 1, ""roster_updated_at"": null}"
94954916527,"{""player_id"": ""94954916527"", ""name"": ""Dalen Terry"", ""team"": ""CHI"", ""position"": ""G"", ""status"": ""ACTIVE"", ""base_ppg"": 2.7, ""usg_pct"": 0.2, ""archetype"": null, ""updated_at"": ""2026-01-20 01:19:46"", ""season_id"": ""22025"", ""is_active"": 0, ""roster_updated_at"": null}","{""player_id"": ""94954916527"", ""name"": ""Dalen Terry"", ""team"": ""CHI"", ""position"": ""G"", ""status"": ""ACTIVE"", ""base_ppg"": 2.7, ""usg_pct"": 0.2, ""archetype"": null, ""updated_at"": ""2026-01-20 01:19:46"", ""season_id"": ""22025"", ""is_active"": 1, ""roster_updated_at"": null}"
949747621869,"{""player_id"": ""949747621869"", ""name"": ""Brice Sensabaugh"", ""team"": ""UTA"", ""position"": ""G"", ""status"": ""ACTIVE"", ""base_ppg"": 19.5, ""usg_pct"": 0.2, ""archetype"": ""GENERALIST"", ""updated_at"": ""2026-01-20 01:19:46"", ""season_id"": ""22025"", ""is_active"": 0, ""roster_updated_at"": null}","{""player_id"": ""949747621869"", ""name"": ""Brice Sensabaugh"", ""team"": ""UTA"", ""position"": ""G"", ""status"": ""ACTIVE"", ""base_ppg"": 19.5, ""usg_pct"": 0.2, ""archetype"": ""GENERALIST"", ""updated_at"": ""2026-01-20 01:19:46"", ""season_id"": ""22025"", ""is_active"": 1, ""roster_updated_at"": null}"
94974955527,"{""player_id"": ""94974955527"", ""name"": ""Ryan Rollins"", ""team"": ""MIL"", ""position"": ""G"", ""status"": ""ACTIVE"", ""base_ppg"": 12.3, ""usg_pct"": 0.2, ""archetype"": ""TWO_WAY_WING"", ""updated_at"": ""2026-01-20 01:19:46"", ""season_id"": ""22025"", ""is_active"": 0, ""roster_updated_at"": null}","{""player_id"": ""94974955527"", ""name"": ""Ryan Rollins"", ""team"": ""MIL"", ""position"": ""G"", ""status"": ""ACTIVE"", ""base_ppg"": 12.3, ""usg_pct"": 0.2, ""archetype"": ""TWO_WAY_WING"", ""updated_at"": ""2026-01-20 01:19:46"", ""season_id"": ""22025"", ""is_active"": 1, ""roster_updated_at"": null}"
949842011869,"{""player_id"": ""949842011869"", ""name"": ""Jonathan Mogbo"", ""team"": ""TOR"", ""position"": ""F"", ""status"": ""ACTIVE"", ""base_ppg"": 2.7, ""usg_pct"": 0.2, ""archetype"": null, ""updated_at"": ""2026-01-20 01:19:46"", ""season_id"": ""22025"", ""is_active"": 0, ""roster_updated_at"": null}","{""player_id"": ""949842011869"", ""name"": ""Jonathan Mogbo"", ""team"": ""TOR"", ""position"": ""F"", ""status"": ""ACTIVE"", ""base_ppg"": 2.7, ""usg_pct"": 0.2, ""archetype"": null, ""updated_at"": ""2026-01-20 01:19:46"", ""season_id"": ""22025"", ""is_active"": 1, ""roster_updated_at"": null}"
949847865539,"{""player_id"": ""949847865539"", ""name"": ""Malaki Branham"", ""team"": ""WAS"", ""position"": ""G"", ""status"": ""ACTIVE"", ""base_ppg"": 5.0, ""usg_pct"": 0.2, ""archetype"": ""GENERALIST"", ""updated_at"": ""2026-01-20 01:19:47"", ""season_id"": ""22025"", ""is_active"": 0, ""roster_updated_at"": null}","{""player_id"": ""949847865539"", ""name"": ""Malaki Branham"", ""team"": ""WAS"", ""position"": ""G"", ""status"": ""ACTIVE"", ""base_ppg"": 5.0, ""usg_pct"": 0.2, ""archetype"": ""GENERALIST"", ""updated_at"": ""2026-01-20 01:19:47"", ""season_id"": ""22025"", ""is_active"": 1, ""roster_updated_at"": null}"
giannis_antetokounmpo_mil,"{""player_id"": ""giannis_antetokounmpo_mil"", ""name"": ""Giannis Antetokounmpo"", ""team"": ""MIL"", ""position"": ""F"", ""status"": ""ACTIVE"", ""base_ppg"": 30.4, ""usg_pct"": 0.33, ""archetype"": null, ""updated_at"": ""2026-01-17 15:00:00"", ""season_id"": ""22025"", ""is_active"": 0, ""roster_updated_at"": null}","{""player_id"": ""giannis_antetokounmpo_mil"", ""name"": ""Giannis Antetokounmpo"", ""team"": ""MIL"", ""position"": ""F"", ""status"": ""ACTIVE"", ""base_ppg"": 30.4, ""usg_pct"": 0.33, ""archetype"": null, ""updated_at"": ""2026-01-17 15:00:00"", ""season_id"": ""22025"", ""is_active"": 1, ""roster_updated_at"": null}"
