[LUDI-CORE] Database Firewall: ID '17896031' (Nah'Shon Hyland) is dirty and could not be resolved.
[LUDI-CORE] Database Firewall: ID '17896038' (Day'Ron Sharpe) is dirty and could not be resolved.
[LUDI-CORE] Database Firewall: ID '47738533' (Jeenathan Williams) is dirty and could not be resolved.
[LUDI-CORE] Database Firewall: ID '1057260888' (Airious Bailey) is dirty and could not be resolved.
[LUDI-CORE] Database Firewall: ID '28098676399' (Omer Yurtseven) is dirty and could not be resolved.
[LUDI-CORE] Database Firewall: ID '28098676399' (Omer Yurtseven) is dirty and could not be resolved.
[LUDI-CORE] Database Firewall: ID '28098676399' (Omer Yurtseven) is dirty and could not be resolved.
[LUDI-CORE] Database Firewall: ID '28098676399' (Omer Yurtseven) is dirty and could not be resolved.
[LUDI-CORE] Database Firewall: ID '28098676399' (Omer Yurtseven) is dirty and could not be resolved.
[LUDI-CORE] Database Firewall: ID '28098676399' (Omer Yurtseven) is dirty and could not be resolved.
[LUDI-CORE] Database Firewall: ID '28098676399' (Omer Yurtseven) is dirty and could not be resolved.
[LUDI-CORE] Database Firewall: ID '28118879047' (Jalen Slawson) is dirty and could not be resolved.
[LUDI-CORE] Database Firewall: ID '28118879047' (Jalen Slawson) is dirty and could not be resolved.
[LUDI-CORE] Database Firewall: ID '28118879047' (Jalen Slawson) is dirty and could not be resolved.
[LUDI-CORE] Database Firewall: ID '28118879047' (Jalen Slawson) is dirty and could not be resolved.
[LUDI-CORE] Database Firewall: ID '28118879047' (Jalen Slawson) is dirty and could not be resolved.
[LUDI-CORE] Database Firewall: ID '28118879047' (Jalen Slawson) is dirty and could not be resolved.
[LUDI-CORE] Database Firewall: ID '28178696399' (DeJon Jarreau) is dirty and could not be resolved.
[LUDI-CORE] Database Firewall: ID '28178696399' (DeJon Jarreau) is dirty and could not be resolved.
[LUDI-CORE] Database Firewall: ID '28178696399' (DeJon Jarreau) is dirty and could not be resolved.
[LUDI-CORE] Database Firewall: ID '28178696399' (DeJon Jarreau) is dirty and could not be resolved.
[LUDI-CORE] Database Firewall: ID '28178696399' (DeJon Jarreau) is dirty and could not be resolved.
[LUDI-CORE] Database Firewall: ID '28178696399' (DeJon Jarreau) is dirty and could not be resolved.
[LUDI-CORE] Database Firewall: ID '28178696399' (DeJon Jarreau) is dirty and could not be resolved.
[LUDI-CORE] Database Firewall: ID '28178696399' (DeJon Jarreau) is dirty and could not be resolved.
[LUDI-CORE] Database Firewall: ID '28708807869' (Olivier Sarr) is dirty and could not be resolved.
[LUDI-CORE] Database Firewall: ID '28868684047' (Cormac Ryan) is dirty and could not be resolved.
[LUDI-CORE] Database Firewall: ID '28868684047' (Cormac Ryan) is dirty and could not be resolved.
[LUDI-CORE] Database Firewall: ID '28888549027' (Alex Morales) is dirty and could not be resolved.
[LUDI-CORE] Database Firewall: ID '28908812047' (Darius Brown II) is dirty and could not be resolved.
[LUDI-CORE] Database Firewall: ID '28988809047' (Malachi Smith) is dirty and could not be resolved.
[LUDI-CORE] Database Firewall: ID '28988809047' (Malachi Smith) is dirty and could not be resolved.
[LUDI-CORE] Database Firewall: ID '28988809047' (Malachi Smith) is dirty and could not be resolved.
[LUDI-CORE] Database Firewall: ID '28988809047' (Malachi Smith) is dirty and could not be resolved.
[LUDI-CORE] Database Firewall: ID '28988809047' (Malachi Smith) is dirty and could not be resolved.
[LUDI-CORE] Database Firewall: ID '28988809047' (Malachi Smith) is dirty and could not be resolved.
[LUDI-CORE] Database Firewall: ID '28988809047' (Malachi Smith) is dirty and could not be resolved.
[LUDI-CORE] Database Firewall: ID '88788835527' (Andersson Garcia) is dirty and could not be resolved.
[LUDI-CORE] Database Firewall: ID '88788835527' (Andersson Garcia) is dirty and could not be resolved.
[LUDI-CORE] Database Firewall: ID '88788835527' (Andersson Garcia) is dirty and could not be resolved.
[LUDI-CORE] Database Firewall: ID '88788835527' (Andersson Garcia) is dirty and could not be resolved.
[LUDI-CORE] Database Firewall: ID '94054402027' (Tyler Burton) is dirty and could not be resolved.
[LUDI-CORE] Database Firewall: ID '94054402027' (Tyler Burton) is dirty and could not be resolved.
[LUDI-CORE] Database Firewall: ID '94054402027' (Tyler Burton) is dirty and could not be resolved.
[LUDI-CORE] Database Firewall: ID '94054402027' (Tyler Burton) is dirty and could not be resolved.
[LUDI-CORE] Database Firewall: ID '94054402027' (Tyler Burton) is dirty and could not be resolved.
[LUDI-CORE] Database Firewall: ID '94054402027' (Tyler Burton) is dirty and could not be resolved.
[LUDI-CORE] Database Firewall: ID '94054402027' (Tyler Burton) is dirty and could not be resolved.
[LUDI-CORE] Database Firewall: ID '94054402027' (Tyler Burton) is dirty and could not be resolved.
[LUDI-CORE] Database Firewall: ID '94054402027' (Tyler Burton) is dirty and could not be resolved.
[LUDI-CORE] Database Firewall: ID '94494906527' (Grant Nelson) is dirty and could not be resolved.
[LUDI-CORE] Database Firewall: ID '94494906527' (Grant Nelson) is dirty and could not be resolved.
[LUDI-CORE] Database Firewall: ID '94494906527' (Grant Nelson) is dirty and could not be resolved.
[LUDI-CORE] Database Firewall: ID '94494906527' (Grant Nelson) is dirty and could not be resolved.
[LUDI-CORE] Database Firewall: ID '94714965527' (CJ Huntley) is dirty and could not be resolved.
[LUDI-CORE] Database Firewall: ID '94744298027' (Zyon Pullin) is dirty and could not be resolved.
[LUDI-CORE] Database Firewall: ID '94744298027' (Zyon Pullin) is dirty and could not be resolved.
[LUDI-CORE] Database Firewall: ID '94984975527' (Jayson Kent) is dirty and could not be resolved.
[LUDI-CORE] Database Firewall: ID '94984975527' (Jayson Kent) is dirty and could not be resolved.
[LUDI-CORE] Database Firewall: ID '941647485539' (Julian Reese) is dirty and could not be resolved.
[LUDI-CORE] Database Firewall: ID '941647485539' (Julian Reese) is dirty and could not be resolved.
[LUDI-CORE] Database Firewall: ID '941647485539' (Julian Reese) is dirty and could not be resolved.
[LUDI-CORE] Database Firewall: ID '941647485539' (Julian Reese) is dirty and could not be resolved.
[LUDI-CORE] Database Firewall: ID '941647485539' (Julian Reese) is dirty and could not be resolved.
[LUDI-CORE] Database Firewall: ID '941647485539' (Julian Reese) is dirty and could not be resolved.
[LUDI-CORE] Database Firewall: ID '942547465539' (Bez Mbeng) is dirty and could not be resolved.
[LUDI-CORE] Database Firewall: ID '942547465539' (Bez Mbeng) is dirty and could not be resolved.
[LUDI-CORE] Database Firewall: ID '942547465539' (Bez Mbeng) is dirty and could not be resolved.
[LUDI-CORE] Database Firewall: ID '942547465539' (Bez Mbeng) is dirty and could not be resolved.
[LUDI-CORE] Database Firewall: ID '942547465539' (Bez Mbeng) is dirty and could not be resolved.
[LUDI-CORE] Database Firewall: ID '942547465539' (Bez Mbeng) is dirty and could not be resolved.
[LUDI-CORE] Database Firewall: ID '942547465539' (Bez Mbeng) is dirty and could not be resolved.
[LUDI-CORE] Database Firewall: ID '942547465539' (Bez Mbeng) is dirty and could not be resolved.
[LUDI-CORE] Database Firewall: ID '944849035539' (Sean Pedulla) is dirty and could not be resolved.
[LUDI-CORE] Database Firewall: ID '944849035539' (Sean Pedulla) is dirty and could not be resolved.
[LUDI-CORE] Database Firewall: ID '944849035539' (Sean Pedulla) is dirty and could not be resolved.
[LUDI-CORE] Database Firewall: ID '944849035539' (Sean Pedulla) is dirty and could not be resolved.
[LUDI-CORE] Database Firewall: ID '945349515539' (Payton Sandfort) is dirty and could not be resolved.
[LUDI-CORE] Database Firewall: ID '945349515539' (Payton Sandfort) is dirty and could not be resolved.
[LUDI-CORE] Database Firewall: ID '946047615539' (John Poulakidas) is dirty and could not be resolved.
[LUDI-CORE] Database Firewall: ID '946047615539' (John Poulakidas) is dirty and could not be resolved.
[LUDI-CORE] Database Firewall: ID '946047615539' (John Poulakidas) is dirty and could not be resolved.
[LUDI-CORE] Database Firewall: ID '946047615539' (John Poulakidas) is dirty and could not be resolved.
[LUDI-CORE] Database Firewall: ID '946047615539' (John Poulakidas) is dirty and could not be resolved.
[LUDI-CORE] Database Firewall: ID '948249955539' (Kennedy Chandler) is dirty and could not be resolved.
[LUDI-CORE] Database Firewall: ID '948249955539' (Kennedy Chandler) is dirty and could not be resolved.
[LUDI-CORE] Database Firewall: ID '948249955539' (Kennedy Chandler) is dirty and could not be resolved.
[LUDI-CORE] Database Firewall: ID '948249955539' (Kennedy Chandler) is dirty and could not be resolved.
[LUDI-CORE] Database Firewall: ID '17896031' (Nah'Shon Hyland) is dirty and could not be resolved.
[LUDI-CORE] Database Firewall: ID '17896038' (Day'Ron Sharpe) is dirty and could not be resolved.
[LUDI-CORE] Database Firewall: ID '47738533' (Jeenathan Williams) is dirty and could not be resolved.
[LUDI-CORE] Database Firewall: ID '1057260888' (Airious Bailey) is dirty and could not be resolved.
[LUDI-CORE] Database Firewall: ID '28098676399' (Omer Yurtseven) is dirty and could not be resolved.
[LUDI-CORE] Database Firewall: ID '28098676399' (Omer Yurtseven) is dirty and could not be resolved.
[LUDI-CORE] Database Firewall: ID '28098676399' (Omer Yurtseven) is dirty and could not be resolved.
[LUDI-CORE] Database Firewall: ID '28098676399' (Omer Yurtseven) is dirty and could not be resolved.
[LUDI-CORE] Database Firewall: ID '28098676399' (Omer Yurtseven) is dirty and could not be resolved.
[LUDI-CORE] Database Firewall: ID '28098676399' (Omer Yurtseven) is dirty and could not be resolved.
[LUDI-CORE] Database Firewall: ID '28098676399' (Omer Yurtseven) is dirty and could not be resolved.
[LUDI-CORE] Database Firewall: ID '28118879047' (Jalen Slawson) is dirty and could not be resolved.
[LUDI-CORE] Database Firewall: ID '28118879047' (Jalen Slawson) is dirty and could not be resolved.
[LUDI-CORE] Database Firewall: ID '28118879047' (Jalen Slawson) is dirty and could not be resolved.
[LUDI-CORE] Database Firewall: ID '28118879047' (Jalen Slawson) is dirty and could not be resolved.
[LUDI-CORE] Database Firewall: ID '28118879047' (Jalen Slawson) is dirty and could not be resolved.
[LUDI-CORE] Database Firewall: ID '28118879047' (Jalen Slawson) is dirty and could not be resolved.
[LUDI-CORE] Database Firewall: ID '28178696399' (DeJon Jarreau) is dirty and could not be resolved.
[LUDI-CORE] Database Firewall: ID '28178696399' (DeJon Jarreau) is dirty and could not be resolved.
[LUDI-CORE] Database Firewall: ID '28178696399' (DeJon Jarreau) is dirty and could not be resolved.
[LUDI-CORE] Database Firewall: ID '28178696399' (DeJon Jarreau) is dirty and could not be resolved.
[LUDI-CORE] Database Firewall: ID '28178696399' (DeJon Jarreau) is dirty and could not be resolved.
[LUDI-CORE] Database Firewall: ID '28178696399' (DeJon Jarreau) is dirty and could not be resolved.
[LUDI-CORE] Database Firewall: ID '28178696399' (DeJon Jarreau) is dirty and could not be resolved.
[LUDI-CORE] Database Firewall: ID '28178696399' (DeJon Jarreau) is dirty and could not be resolved.
[LUDI-CORE] Database Firewall: ID '28708807869' (Olivier Sarr) is dirty and could not be resolved.
[LUDI-CORE] Database Firewall: ID '28868684047' (Cormac Ryan) is dirty and could not be resolved.
[LUDI-CORE] Database Firewall: ID '28868684047' (Cormac Ryan) is dirty and could not be resolved.
[LUDI-CORE] Database Firewall: ID '28888549027' (Alex Morales) is dirty and could not be resolved.
[LUDI-CORE] Database Firewall: ID '28908812047' (Darius Brown II) is dirty and could not be resolved.
[LUDI-CORE] Database Firewall: ID '28988809047' (Malachi Smith) is dirty and could not be resolved.
[LUDI-CORE] Database Firewall: ID '28988809047' (Malachi Smith) is dirty and could not be resolved.
[LUDI-CORE] Database Firewall: ID '28988809047' (Malachi Smith) is dirty and could not be resolved.
[LUDI-CORE] Database Firewall: ID '28988809047' (Malachi Smith) is dirty and could not be resolved.
[LUDI-CORE] Database Firewall: ID '28988809047' (Malachi Smith) is dirty and could not be resolved.
[LUDI-CORE] Database Firewall: ID '28988809047' (Malachi Smith) is dirty and could not be resolved.
[LUDI-CORE] Database Firewall: ID '28988809047' (Malachi Smith) is dirty and could not be resolved.
[LUDI-CORE] Database Firewall: ID '88788835527' (Andersson Garcia) is dirty and could not be resolved.
[LUDI-CORE] Database Firewall: ID '88788835527' (Andersson Garcia) is dirty and could not be resolved.
[LUDI-CORE] Database Firewall: ID '88788835527' (Andersson Garcia) is dirty and could not be resolved.
[LUDI-CORE] Database Firewall: ID '88788835527' (Andersson Garcia) is dirty and could not be resolved.
[LUDI-CORE] Database Firewall: ID '94054402027' (Tyler Burton) is dirty and could not be resolved.
[LUDI-CORE] Database Firewall: ID '94054402027' (Tyler Burton) is dirty and could not be resolved.
[LUDI-CORE] Database Firewall: ID '94054402027' (Tyler Burton) is dirty and could not be resolved.
[LUDI-CORE] Database Firewall: ID '94054402027' (Tyler Burton) is dirty and could not be resolved.
[LUDI-CORE] Database Firewall: ID '94054402027' (Tyler Burton) is dirty and could not be resolved.
[LUDI-CORE] Database Firewall: ID '94054402027' (Tyler Burton) is dirty and could not be resolved.
[LUDI-CORE] Database Firewall: ID '94054402027' (Tyler Burton) is dirty and could not be resolved.
[LUDI-CORE] Database Firewall: ID '94054402027' (Tyler Burton) is dirty and could not be resolved.
[LUDI-CORE] Database Firewall: ID '94054402027' (Tyler Burton) is dirty and could not be resolved.
[LUDI-CORE] Database Firewall: ID '94494906527' (Grant Nelson) is dirty and could not be resolved.
[LUDI-CORE] Database Firewall: ID '94494906527' (Grant Nelson) is dirty and could not be resolved.
[LUDI-CORE] Database Firewall: ID '94494906527' (Grant Nelson) is dirty and could not be resolved.
[LUDI-CORE] Database Firewall: ID '94494906527' (Grant Nelson) is dirty and could not be resolved.
[LUDI-CORE] Database Firewall: ID '94714965527' (CJ Huntley) is dirty and could not be resolved.
[LUDI-CORE] Database Firewall: ID '94744298027' (Zyon Pullin) is dirty and could not be resolved.
[LUDI-CORE] Database Firewall: ID '94744298027' (Zyon Pullin) is dirty and could not be resolved.
[LUDI-CORE] Database Firewall: ID '94984975527' (Jayson Kent) is dirty and could not be resolved.
[LUDI-CORE] Database Firewall: ID '94984975527' (Jayson Kent) is dirty and could not be resolved.
[LUDI-CORE] Database Firewall: ID '941647485539' (Julian Reese) is dirty and could not be resolved.
[LUDI-CORE] Database Firewall: ID '941647485539' (Julian Reese) is dirty and could not be resolved.
[LUDI-CORE] Database Firewall: ID '941647485539' (Julian Reese) is dirty and could not be resolved.
[LUDI-CORE] Database Firewall: ID '941647485539' (Julian Reese) is dirty and could not be resolved.
[LUDI-CORE] Database Firewall: ID '941647485539' (Julian Reese) is dirty and could not be resolved.
[LUDI-CORE] Database Firewall: ID '941647485539' (Julian Reese) is dirty and could not be resolved.
[LUDI-CORE] Database Firewall: ID '942547465539' (Bez Mbeng) is dirty and could not be resolved.
[LUDI-CORE] Database Firewall: ID '942547465539' (Bez Mbeng) is dirty and could not be resolved.
[LUDI-CORE] Database Firewall: ID '942547465539' (Bez Mbeng) is dirty and could not be resolved.
[LUDI-CORE] Database Firewall: ID '942547465539' (Bez Mbeng) is dirty and could not be resolved.
[LUDI-CORE] Database Firewall: ID '942547465539' (Bez Mbeng) is dirty and could not be resolved.
[LUDI-CORE] Database Firewall: ID '942547465539' (Bez Mbeng) is dirty and could not be resolved.
[LUDI-CORE] Database Firewall: ID '942547465539' (Bez Mbeng) is dirty and could not be resolved.
[LUDI-CORE] Database Firewall: ID '942547465539' (Bez Mbeng) is dirty and could not be resolved.
[LUDI-CORE] Database Firewall: ID '944849035539' (Sean Pedulla) is dirty and could not be resolved.
[LUDI-CORE] Database Firewall: ID '944849035539' (Sean Pedulla) is dirty and could not be resolved.
[LUDI-CORE] Database Firewall: ID '944849035539' (Sean Pedulla) is dirty and could not be resolved.
[LUDI-CORE] Database Firewall: ID '944849035539' (Sean Pedulla) is dirty and could not be resolved.
[LUDI-CORE] Database Firewall: ID '945349515539' (Payton Sandfort) is dirty and could not be resolved.
[LUDI-CORE] Database Firewall: ID '945349515539' (Payton Sandfort) is dirty and could not be resolved.
[LUDI-CORE] Database Firewall: ID '946047615539' (John Poulakidas) is dirty and could not be resolved.
[LUDI-CORE] Database Firewall: ID '946047615539' (John Poulakidas) is dirty and could not be resolved.
[LUDI-CORE] Database Firewall: ID '946047615539' (John Poulakidas) is dirty and could not be resolved.
[LUDI-CORE] Database Firewall: ID '946047615539' (John Poulakidas) is dirty and could not be resolved.
[LUDI-CORE] Database Firewall: ID '946047615539' (John Poulakidas) is dirty and could not be resolved.
[LUDI-CORE] Database Firewall: ID '948249955539' (Kennedy Chandler) is dirty and could not be resolved.
[LUDI-CORE] Database Firewall: ID '948249955539' (Kennedy Chandler) is dirty and could not be resolved.
[LUDI-CORE] Database Firewall: ID '948249955539' (Kennedy Chandler) is dirty and could not be resolved.
[LUDI-CORE] Database Firewall: ID '948249955539' (Kennedy Chandler) is dirty and could not be resolved.
[LUDI-CORE] Database Firewall: ID '17896031' (Nah'Shon Hyland) is dirty and could not be resolved.
[LUDI-CORE] Database Firewall: ID '17896038' (Day'Ron Sharpe) is dirty and could not be resolved.
[LUDI-CORE] Database Firewall: ID '47738533' (Jeenathan Williams) is dirty and could not be resolved.
[LUDI-CORE] Database Firewall: ID '1057260888' (Airious Bailey) is dirty and could not be resolved.
[LUDI-CORE] Database Firewall: ID '28098676399' (Omer Yurtseven) is dirty and could not be resolved.
[LUDI-CORE] Database Firewall: ID '28098676399' (Omer Yurtseven) is dirty and could not be resolved.
[LUDI-CORE] Database Firewall: ID '28098676399' (Omer Yurtseven) is dirty and could not be resolved.
[LUDI-CORE] Database Firewall: ID '28098676399' (Omer Yurtseven) is dirty and could not be resolved.
[LUDI-CORE] Database Firewall: ID '28098676399' (Omer Yurtseven) is dirty and could not be resolved.
[LUDI-CORE] Database Firewall: ID '28098676399' (Omer Yurtseven) is dirty and could not be resolved.
[LUDI-CORE] Database Firewall: ID '28098676399' (Omer Yurtseven) is dirty and could not be resolved.
[LUDI-CORE] Database Firewall: ID '28118879047' (Jalen Slawson) is dirty and could not be resolved.
[LUDI-CORE] Database Firewall: ID '28118879047' (Jalen Slawson) is dirty and could not be resolved.
[LUDI-CORE] Database Firewall: ID '28118879047' (Jalen Slawson) is dirty and could not be resolved.
[LUDI-CORE] Database Firewall: ID '28118879047' (Jalen Slawson) is dirty and could not be resolved.
[LUDI-CORE] Database Firewall: ID '28118879047' (Jalen Slawson) is dirty and could not be resolved.
[LUDI-CORE] Database Firewall: ID '28118879047' (Jalen Slawson) is dirty and could not be resolved.
[LUDI-CORE] Database Firewall: ID '28178696399' (DeJon Jarreau) is dirty and could not be resolved.
[LUDI-CORE] Database Firewall: ID '28178696399' (DeJon Jarreau) is dirty and could not be resolved.
[LUDI-CORE] Database Firewall: ID '28178696399' (DeJon Jarreau) is dirty and could not be resolved.
[LUDI-CORE] Database Firewall: ID '28178696399' (DeJon Jarreau) is dirty and could not be resolved.
[LUDI-CORE] Database Firewall: ID '28178696399' (DeJon Jarreau) is dirty and could not be resolved.
[LUDI-CORE] Database Firewall: ID '28178696399' (DeJon Jarreau) is dirty and could not be resolved.
[LUDI-CORE] Database Firewall: ID '28178696399' (DeJon Jarreau) is dirty and could not be resolved.
[LUDI-CORE] Database Firewall: ID '28178696399' (DeJon Jarreau) is dirty and could not be resolved.
[LUDI-CORE] Database Firewall: ID '28708807869' (Olivier Sarr) is dirty and could not be resolved.
[LUDI-CORE] Database Firewall: ID '28868684047' (Cormac Ryan) is dirty and could not be resolved.
[LUDI-CORE] Database Firewall: ID '28868684047' (Cormac Ryan) is dirty and could not be resolved.
[LUDI-CORE] Database Firewall: ID '28888549027' (Alex Morales) is dirty and could not be resolved.
[LUDI-CORE] Database Firewall: ID '28908812047' (Darius Brown II) is dirty and could not be resolved.
[LUDI-CORE] Database Firewall: ID '28988809047' (Malachi Smith) is dirty and could not be resolved.
[LUDI-CORE] Database Firewall: ID '28988809047' (Malachi Smith) is dirty and could not be resolved.
[LUDI-CORE] Database Firewall: ID '28988809047' (Malachi Smith) is dirty and could not be resolved.
[LUDI-CORE] Database Firewall: ID '28988809047' (Malachi Smith) is dirty and could not be resolved.
[LUDI-CORE] Database Firewall: ID '28988809047' (Malachi Smith) is dirty and could not be resolved.
[LUDI-CORE] Database Firewall: ID '28988809047' (Malachi Smith) is dirty and could not be resolved.
[LUDI-CORE] Database Firewall: ID '28988809047' (Malachi Smith) is dirty and could not be resolved.
[LUDI-CORE] Database Firewall: ID '88788835527' (Andersson Garcia) is dirty and could not be resolved.
[LUDI-CORE] Database Firewall: ID '88788835527' (Andersson Garcia) is dirty and could not be resolved.
[LUDI-CORE] Database Firewall: ID '88788835527' (Andersson Garcia) is dirty and could not be resolved.
[LUDI-CORE] Database Firewall: ID '88788835527' (Andersson Garcia) is dirty and could not be resolved.
[LUDI-CORE] Database Firewall: ID '94054402027' (Tyler Burton) is dirty and could not be resolved.
[LUDI-CORE] Database Firewall: ID '94054402027' (Tyler Burton) is dirty and could not be resolved.
[LUDI-CORE] Database Firewall: ID '94054402027' (Tyler Burton) is dirty and could not be resolved.
[LUDI-CORE] Database Firewall: ID '94054402027' (Tyler Burton) is dirty and could not be resolved.
[LUDI-CORE] Database Firewall: ID '94054402027' (Tyler Burton) is dirty and could not be resolved.
[LUDI-CORE] Database Firewall: ID '94054402027' (Tyler Burton) is dirty and could not be resolved.
[LUDI-CORE] Database Firewall: ID '94054402027' (Tyler Burton) is dirty and could not be resolved.
[LUDI-CORE] Database Firewall: ID '94054402027' (Tyler Burton) is dirty and could not be resolved.
[LUDI-CORE] Database Firewall: ID '94054402027' (Tyler Burton) is dirty and could not be resolved.
[LUDI-CORE] Database Firewall: ID '94494906527' (Grant Nelson) is dirty and could not be resolved.
[LUDI-CORE] Database Firewall: ID '94494906527' (Grant Nelson) is dirty and could not be resolved.
[LUDI-CORE] Database Firewall: ID '94494906527' (Grant Nelson) is dirty and could not be resolved.
[LUDI-CORE] Database Firewall: ID '94494906527' (Grant Nelson) is dirty and could not be resolved.
[LUDI-CORE] Database Firewall: ID '94714965527' (CJ Huntley) is dirty and could not be resolved.
[LUDI-CORE] Database Firewall: ID '94744298027' (Zyon Pullin) is dirty and could not be resolved.
[LUDI-CORE] Database Firewall: ID '94744298027' (Zyon Pullin) is dirty and could not be resolved.
[LUDI-CORE] Database Firewall: ID '94984975527' (Jayson Kent) is dirty and could not be resolved.
[LUDI-CORE] Database Firewall: ID '94984975527' (Jayson Kent) is dirty and could not be resolved.
[LUDI-CORE] Database Firewall: ID '941647485539' (Julian Reese) is dirty and could not be resolved.
[LUDI-CORE] Database Firewall: ID '941647485539' (Julian Reese) is dirty and could not be resolved.
[LUDI-CORE] Database Firewall: ID '941647485539' (Julian Reese) is dirty and could not be resolved.
[LUDI-CORE] Database Firewall: ID '941647485539' (Julian Reese) is dirty and could not be resolved.
[LUDI-CORE] Database Firewall: ID '941647485539' (Julian Reese) is dirty and could not be resolved.
[LUDI-CORE] Database Firewall: ID '941647485539' (Julian Reese) is dirty and could not be resolved.
[LUDI-CORE] Database Firewall: ID '942547465539' (Bez Mbeng) is dirty and could not be resolved.
[LUDI-CORE] Database Firewall: ID '942547465539' (Bez Mbeng) is dirty and could not be resolved.
[LUDI-CORE] Database Firewall: ID '942547465539' (Bez Mbeng) is dirty and could not be resolved.
[LUDI-CORE] Database Firewall: ID '942547465539' (Bez Mbeng) is dirty and could not be resolved.
[LUDI-CORE] Database Firewall: ID '942547465539' (Bez Mbeng) is dirty and could not be resolved.
[LUDI-CORE] Database Firewall: ID '942547465539' (Bez Mbeng) is dirty and could not be resolved.
[LUDI-CORE] Database Firewall: ID '942547465539' (Bez Mbeng) is dirty and could not be resolved.
[LUDI-CORE] Database Firewall: ID '942547465539' (Bez Mbeng) is dirty and could not be resolved.
[LUDI-CORE] Database Firewall: ID '944849035539' (Sean Pedulla) is dirty and could not be resolved.
[LUDI-CORE] Database Firewall: ID '944849035539' (Sean Pedulla) is dirty and could not be resolved.
[LUDI-CORE] Database Firewall: ID '944849035539' (Sean Pedulla) is dirty and could not be resolved.
[LUDI-CORE] Database Firewall: ID '944849035539' (Sean Pedulla) is dirty and could not be resolved.
[LUDI-CORE] Database Firewall: ID '945349515539' (Payton Sandfort) is dirty and could not be resolved.
[LUDI-CORE] Database Firewall: ID '945349515539' (Payton Sandfort) is dirty and could not be resolved.
[LUDI-CORE] Database Firewall: ID '946047615539' (John Poulakidas) is dirty and could not be resolved.
[LUDI-CORE] Database Firewall: ID '946047615539' (John Poulakidas) is dirty and could not be resolved.
[LUDI-CORE] Database Firewall: ID '946047615539' (John Poulakidas) is dirty and could not be resolved.
[LUDI-CORE] Database Firewall: ID '946047615539' (John Poulakidas) is dirty and could not be resolved.
[LUDI-CORE] Database Firewall: ID '946047615539' (John Poulakidas) is dirty and could not be resolved.
[LUDI-CORE] Database Firewall: ID '948249955539' (Kennedy Chandler) is dirty and could not be resolved.
[LUDI-CORE] Database Firewall: ID '948249955539' (Kennedy Chandler) is dirty and could not be resolved.
[LUDI-CORE] Database Firewall: ID '948249955539' (Kennedy Chandler) is dirty and could not be resolved.
[LUDI-CORE] Database Firewall: ID '948249955539' (Kennedy Chandler) is dirty and could not be resolved.
[LUDI-CORE] Database Firewall: ID '17896031' (Nah'Shon Hyland) is dirty and could not be resolved.
[LUDI-CORE] Database Firewall: ID '17896038' (Day'Ron Sharpe) is dirty and could not be resolved.
[LUDI-CORE] Database Firewall: ID '47738533' (Jeenathan Williams) is dirty and could not be resolved.
[LUDI-CORE] Database Firewall: ID '1057260888' (Airious Bailey) is dirty and could not be resolved.
[LUDI-CORE] Database Firewall: ID '28098676399' (Omer Yurtseven) is dirty and could not be resolved.
[LUDI-CORE] Database Firewall: ID '28098676399' (Omer Yurtseven) is dirty and could not be resolved.
[LUDI-CORE] Database Firewall: ID '28098676399' (Omer Yurtseven) is dirty and could not be resolved.
[LUDI-CORE] Database Firewall: ID '28098676399' (Omer Yurtseven) is dirty and could not be resolved.
[LUDI-CORE] Database Firewall: ID '28098676399' (Omer Yurtseven) is dirty and could not be resolved.
[LUDI-CORE] Database Firewall: ID '28098676399' (Omer Yurtseven) is dirty and could not be resolved.
[LUDI-CORE] Database Firewall: ID '28098676399' (Omer Yurtseven) is dirty and could not be resolved.
[LUDI-CORE] Database Firewall: ID '28118879047' (Jalen Slawson) is dirty and could not be resolved.
[LUDI-CORE] Database Firewall: ID '28118879047' (Jalen Slawson) is dirty and could not be resolved.
[LUDI-CORE] Database Firewall: ID '28118879047' (Jalen Slawson) is dirty and could not be resolved.
[LUDI-CORE] Database Firewall: ID '28118879047' (Jalen Slawson) is dirty and could not be resolved.
[LUDI-CORE] Database Firewall: ID '28118879047' (Jalen Slawson) is dirty and could not be resolved.
[LUDI-CORE] Database Firewall: ID '28118879047' (Jalen Slawson) is dirty and could not be resolved.
[LUDI-CORE] Database Firewall: ID '28178696399' (DeJon Jarreau) is dirty and could not be resolved.
[LUDI-CORE] Database Firewall: ID '28178696399' (DeJon Jarreau) is dirty and could not be resolved.
[LUDI-CORE] Database Firewall: ID '28178696399' (DeJon Jarreau) is dirty and could not be resolved.
[LUDI-CORE] Database Firewall: ID '28178696399' (DeJon Jarreau) is dirty and could not be resolved.
[LUDI-CORE] Database Firewall: ID '28178696399' (DeJon Jarreau) is dirty and could not be resolved.
[LUDI-CORE] Database Firewall: ID '28178696399' (DeJon Jarreau) is dirty and could not be resolved.
[LUDI-CORE] Database Firewall: ID '28178696399' (DeJon Jarreau) is dirty and could not be resolved.
[LUDI-CORE] Database Firewall: ID '28178696399' (DeJon Jarreau) is dirty and could not be resolved.
[LUDI-CORE] Database Firewall: ID '28708807869' (Olivier Sarr) is dirty and could not be resolved.
[LUDI-CORE] Database Firewall: ID '28868684047' (Cormac Ryan) is dirty and could not be resolved.
[LUDI-CORE] Database Firewall: ID '28868684047' (Cormac Ryan) is dirty and could not be resolved.
[LUDI-CORE] Database Firewall: ID '28888549027' (Alex Morales) is dirty and could not be resolved.
[LUDI-CORE] Database Firewall: ID '28908812047' (Darius Brown II) is dirty and could not be resolved.
[LUDI-CORE] Database Firewall: ID '28988809047' (Malachi Smith) is dirty and could not be resolved.
[LUDI-CORE] Database Firewall: ID '28988809047' (Malachi Smith) is dirty and could not be resolved.
[LUDI-CORE] Database Firewall: ID '28988809047' (Malachi Smith) is dirty and could not be resolved.
[LUDI-CORE] Database Firewall: ID '28988809047' (Malachi Smith) is dirty and could not be resolved.
[LUDI-CORE] Database Firewall: ID '28988809047' (Malachi Smith) is dirty and could not be resolved.
[LUDI-CORE] Database Firewall: ID '28988809047' (Malachi Smith) is dirty and could not be resolved.
[LUDI-CORE] Database Firewall: ID '28988809047' (Malachi Smith) is dirty and could not be resolved.
[LUDI-CORE] Database Firewall: ID '88788835527' (Andersson Garcia) is dirty and could not be resolved.
[LUDI-CORE] Database Firewall: ID '88788835527' (Andersson Garcia) is dirty and could not be resolved.
[LUDI-CORE] Database Firewall: ID '88788835527' (Andersson Garcia) is dirty and could not be resolved.
[LUDI-CORE] Database Firewall: ID '88788835527' (Andersson Garcia) is dirty and could not be resolved.
[LUDI-CORE] Database Firewall: ID '94054402027' (Tyler Burton) is dirty and could not be resolved.
[LUDI-CORE] Database Firewall: ID '94054402027' (Tyler Burton) is dirty and could not be resolved.
[LUDI-CORE] Database Firewall: ID '94054402027' (Tyler Burton) is dirty and could not be resolved.
[LUDI-CORE] Database Firewall: ID '94054402027' (Tyler Burton) is dirty and could not be resolved.
[LUDI-CORE] Database Firewall: ID '94054402027' (Tyler Burton) is dirty and could not be resolved.
[LUDI-CORE] Database Firewall: ID '94054402027' (Tyler Burton) is dirty and could not be resolved.
[LUDI-CORE] Database Firewall: ID '94054402027' (Tyler Burton) is dirty and could not be resolved.
[LUDI-CORE] Database Firewall: ID '94054402027' (Tyler Burton) is dirty and could not be resolved.
[LUDI-CORE] Database Firewall: ID '94054402027' (Tyler Burton) is dirty and could not be resolved.
[LUDI-CORE] Database Firewall: ID '94494906527' (Grant Nelson) is dirty and could not be resolved.
[LUDI-CORE] Database Firewall: ID '94494906527' (Grant Nelson) is dirty and could not be resolved.
[LUDI-CORE] Database Firewall: ID '94494906527' (Grant Nelson) is dirty and could not be resolved.
[LUDI-CORE] Database Firewall: ID '94494906527' (Grant Nelson) is dirty and could not be resolved.
[LUDI-CORE] Database Firewall: ID '94714965527' (CJ Huntley) is dirty and could not be resolved.
[LUDI-CORE] Database Firewall: ID '94744298027' (Zyon Pullin) is dirty and could not be resolved.
[LUDI-CORE] Database Firewall: ID '94744298027' (Zyon Pullin) is dirty and could not be resolved.
[LUDI-CORE] Database Firewall: ID '94984975527' (Jayson Kent) is dirty and could not be resolved.
[LUDI-CORE] Database Firewall: ID '94984975527' (Jayson Kent) is dirty and could not be resolved.
[LUDI-CORE] Database Firewall: ID '941647485539' (Julian Reese) is dirty and could not be resolved.
[LUDI-CORE] Database Firewall: ID '941647485539' (Julian Reese) is dirty and could not be resolved.
[LUDI-CORE] Database Firewall: ID '941647485539' (Julian Reese) is dirty and could not be resolved.
[LUDI-CORE] Database Firewall: ID '941647485539' (Julian Reese) is dirty and could not be resolved.
[LUDI-CORE] Database Firewall: ID '941647485539' (Julian Reese) is dirty and could not be resolved.
[LUDI-CORE] Database Firewall: ID '941647485539' (Julian Reese) is dirty and could not be resolved.
[LUDI-CORE] Database Firewall: ID '942547465539' (Bez Mbeng) is dirty and could not be resolved.
[LUDI-CORE] Database Firewall: ID '942547465539' (Bez Mbeng) is dirty and could not be resolved.
[LUDI-CORE] Database Firewall: ID '942547465539' (Bez Mbeng) is dirty and could not be resolved.
[LUDI-CORE] Database Firewall: ID '942547465539' (Bez Mbeng) is dirty and could not be resolved.
[LUDI-CORE] Database Firewall: ID '942547465539' (Bez Mbeng) is dirty and could not be resolved.
[LUDI-CORE] Database Firewall: ID '942547465539' (Bez Mbeng) is dirty and could not be resolved.
[LUDI-CORE] Database Firewall: ID '942547465539' (Bez Mbeng) is dirty and could not be resolved.
[LUDI-CORE] Database Firewall: ID '942547465539' (Bez Mbeng) is dirty and could not be resolved.
[LUDI-CORE] Database Firewall: ID '944849035539' (Sean Pedulla) is dirty and could not be resolved.
[LUDI-CORE] Database Firewall: ID '944849035539' (Sean Pedulla) is dirty and could not be resolved.
[LUDI-CORE] Database Firewall: ID '944849035539' (Sean Pedulla) is dirty and could not be resolved.
[LUDI-CORE] Database Firewall: ID '944849035539' (Sean Pedulla) is dirty and could not be resolved.
[LUDI-CORE] Database Firewall: ID '945349515539' (Payton Sandfort) is dirty and could not be resolved.
[LUDI-CORE] Database Firewall: ID '945349515539' (Payton Sandfort) is dirty and could not be resolved.
[LUDI-CORE] Database Firewall: ID '946047615539' (John Poulakidas) is dirty and could not be resolved.
[LUDI-CORE] Database Firewall: ID '946047615539' (John Poulakidas) is dirty and could not be resolved.
[LUDI-CORE] Database Firewall: ID '946047615539' (John Poulakidas) is dirty and could not be resolved.
[LUDI-CORE] Database Firewall: ID '946047615539' (John Poulakidas) is dirty and could not be resolved.
[LUDI-CORE] Database Firewall: ID '946047615539' (John Poulakidas) is dirty and could not be resolved.
[LUDI-CORE] Database Firewall: ID '948249955539' (Kennedy Chandler) is dirty and could not be resolved.
[LUDI-CORE] Database Firewall: ID '948249955539' (Kennedy Chandler) is dirty and could not be resolved.
[LUDI-CORE] Database Firewall: ID '948249955539' (Kennedy Chandler) is dirty and could not be resolved.
[LUDI-CORE] Database Firewall: ID '948249955539' (Kennedy Chandler) is dirty and could not be resolved.
[LUDI-CORE] Database Firewall: ID '17896031' (Nah'Shon Hyland) is dirty and could not be resolved.
[LUDI-CORE] Database Firewall: ID '17896038' (Day'Ron Sharpe) is dirty and could not be resolved.
[LUDI-CORE] Database Firewall: ID '47738533' (Jeenathan Williams) is dirty and could not be resolved.
[LUDI-CORE] Database Firewall: ID '1057260888' (Airious Bailey) is dirty and could not be resolved.
[LUDI-CORE] Database Firewall: ID '28098676399' (Omer Yurtseven) is dirty and could not be resolved.
[LUDI-CORE] Database Firewall: ID '28098676399' (Omer Yurtseven) is dirty and could not be resolved.
[LUDI-CORE] Database Firewall: ID '28098676399' (Omer Yurtseven) is dirty and could not be resolved.
[LUDI-CORE] Database Firewall: ID '28098676399' (Omer Yurtseven) is dirty and could not be resolved.
[LUDI-CORE] Database Firewall: ID '28098676399' (Omer Yurtseven) is dirty and could not be resolved.
[LUDI-CORE] Database Firewall: ID '28098676399' (Omer Yurtseven) is dirty and could not be resolved.
[LUDI-CORE] Database Firewall: ID '28098676399' (Omer Yurtseven) is dirty and could not be resolved.
[LUDI-CORE] Database Firewall: ID '28118879047' (Jalen Slawson) is dirty and could not be resolved.
[LUDI-CORE] Database Firewall: ID '28118879047' (Jalen Slawson) is dirty and could not be resolved.
[LUDI-CORE] Database Firewall: ID '28118879047' (Jalen Slawson) is dirty and could not be resolved.
[LUDI-CORE] Database Firewall: ID '28118879047' (Jalen Slawson) is dirty and could not be resolved.
[LUDI-CORE] Database Firewall: ID '28118879047' (Jalen Slawson) is dirty and could not be resolved.
[LUDI-CORE] Database Firewall: ID '28118879047' (Jalen Slawson) is dirty and could not be resolved.
[LUDI-CORE] Database Firewall: ID '28178696399' (DeJon Jarreau) is dirty and could not be resolved.
[LUDI-CORE] Database Firewall: ID '28178696399' (DeJon Jarreau) is dirty and could not be resolved.
[LUDI-CORE] Database Firewall: ID '28178696399' (DeJon Jarreau) is dirty and could not be resolved.
[LUDI-CORE] Database Firewall: ID '28178696399' (DeJon Jarreau) is dirty and could not be resolved.
[LUDI-CORE] Database Firewall: ID '28178696399' (DeJon Jarreau) is dirty and could not be resolved.
[LUDI-CORE] Database Firewall: ID '28178696399' (DeJon Jarreau) is dirty and could not be resolved.
[LUDI-CORE] Database Firewall: ID '28178696399' (DeJon Jarreau) is dirty and could not be resolved.
[LUDI-CORE] Database Firewall: ID '28178696399' (DeJon Jarreau) is dirty and could not be resolved.
[LUDI-CORE] Database Firewall: ID '28708807869' (Olivier Sarr) is dirty and could not be resolved.
[LUDI-CORE] Database Firewall: ID '28868684047' (Cormac Ryan) is dirty and could not be resolved.
[LUDI-CORE] Database Firewall: ID '28868684047' (Cormac Ryan) is dirty and could not be resolved.
[LUDI-CORE] Database Firewall: ID '28888549027' (Alex Morales) is dirty and could not be resolved.
[LUDI-CORE] Database Firewall: ID '28908812047' (Darius Brown II) is dirty and could not be resolved.
[LUDI-CORE] Database Firewall: ID '28988809047' (Malachi Smith) is dirty and could not be resolved.
[LUDI-CORE] Database Firewall: ID '28988809047' (Malachi Smith) is dirty and could not be resolved.
[LUDI-CORE] Database Firewall: ID '28988809047' (Malachi Smith) is dirty and could not be resolved.
[LUDI-CORE] Database Firewall: ID '28988809047' (Malachi Smith) is dirty and could not be resolved.
[LUDI-CORE] Database Firewall: ID '28988809047' (Malachi Smith) is dirty and could not be resolved.
[LUDI-CORE] Database Firewall: ID '28988809047' (Malachi Smith) is dirty and could not be resolved.
[LUDI-CORE] Database Firewall: ID '28988809047' (Malachi Smith) is dirty and could not be resolved.
[LUDI-CORE] Database Firewall: ID '88788835527' (Andersson Garcia) is dirty and could not be resolved.
[LUDI-CORE] Database Firewall: ID '88788835527' (Andersson Garcia) is dirty and could not be resolved.
[LUDI-CORE] Database Firewall: ID '88788835527' (Andersson Garcia) is dirty and could not be resolved.
[LUDI-CORE] Database Firewall: ID '88788835527' (Andersson Garcia) is dirty and could not be resolved.
[LUDI-CORE] Database Firewall: ID '94054402027' (Tyler Burton) is dirty and could not be resolved.
[LUDI-CORE] Database Firewall: ID '94054402027' (Tyler Burton) is dirty and could not be resolved.
[LUDI-CORE] Database Firewall: ID '94054402027' (Tyler Burton) is dirty and could not be resolved.
[LUDI-CORE] Database Firewall: ID '94054402027' (Tyler Burton) is dirty and could not be resolved.
[LUDI-CORE] Database Firewall: ID '94054402027' (Tyler Burton) is dirty and could not be resolved.
[LUDI-CORE] Database Firewall: ID '94054402027' (Tyler Burton) is dirty and could not be resolved.
[LUDI-CORE] Database Firewall: ID '94054402027' (Tyler Burton) is dirty and could not be resolved.
[LUDI-CORE] Database Firewall: ID '94054402027' (Tyler Burton) is dirty and could not be resolved.
[LUDI-CORE] Database Firewall: ID '94054402027' (Tyler Burton) is dirty and could not be resolved.
[LUDI-CORE] Database Firewall: ID '94494906527' (Grant Nelson) is dirty and could not be resolved.
[LUDI-CORE] Database Firewall: ID '94494906527' (Grant Nelson) is dirty and could not be resolved.
[LUDI-CORE] Database Firewall: ID '94494906527' (Grant Nelson) is dirty and could not be resolved.
[LUDI-CORE] Database Firewall: ID '94494906527' (Grant Nelson) is dirty and could not be resolved.
[LUDI-CORE] Database Firewall: ID '94714965527' (CJ Huntley) is dirty and could not be resolved.
[LUDI-CORE] Database Firewall: ID '94744298027' (Zyon Pullin) is dirty and could not be resolved.
[LUDI-CORE] Database Firewall: ID '94744298027' (Zyon Pullin) is dirty and could not be resolved.
[LUDI-CORE] Database Firewall: ID '94984975527' (Jayson Kent) is dirty and could not be resolved.
[LUDI-CORE] Database Firewall: ID '94984975527' (Jayson Kent) is dirty and could not be resolved.
[LUDI-CORE] Database Firewall: ID '941647485539' (Julian Reese) is dirty and could not be resolved.
[LUDI-CORE] Database Firewall: ID '941647485539' (Julian Reese) is dirty and could not be resolved.
[LUDI-CORE] Database Firewall: ID '941647485539' (Julian Reese) is dirty and could not be resolved.
[LUDI-CORE] Database Firewall: ID '941647485539' (Julian Reese) is dirty and could not be resolved.
[LUDI-CORE] Database Firewall: ID '941647485539' (Julian Reese) is dirty and could not be resolved.
[LUDI-CORE] Database Firewall: ID '941647485539' (Julian Reese) is dirty and could not be resolved.
[LUDI-CORE] Database Firewall: ID '942547465539' (Bez Mbeng) is dirty and could not be resolved.
[LUDI-CORE] Database Firewall: ID '942547465539' (Bez Mbeng) is dirty and could not be resolved.
[LUDI-CORE] Database Firewall: ID '942547465539' (Bez Mbeng) is dirty and could not be resolved.
[LUDI-CORE] Database Firewall: ID '942547465539' (Bez Mbeng) is dirty and could not be resolved.
[LUDI-CORE] Database Firewall: ID '942547465539' (Bez Mbeng) is dirty and could not be resolved.
[LUDI-CORE] Database Firewall: ID '942547465539' (Bez Mbeng) is dirty and could not be resolved.
[LUDI-CORE] Database Firewall: ID '942547465539' (Bez Mbeng) is dirty and could not be resolved.
[LUDI-CORE] Database Firewall: ID '942547465539' (Bez Mbeng) is dirty and could not be resolved.
[LUDI-CORE] Database Firewall: ID '944849035539' (Sean Pedulla) is dirty and could not be resolved.
[LUDI-CORE] Database Firewall: ID '944849035539' (Sean Pedulla) is dirty and could not be resolved.
[LUDI-CORE] Database Firewall: ID '944849035539' (Sean Pedulla) is dirty and could not be resolved.
[LUDI-CORE] Database Firewall: ID '944849035539' (Sean Pedulla) is dirty and could not be resolved.
[LUDI-CORE] Database Firewall: ID '945349515539' (Payton Sandfort) is dirty and could not be resolved.
[LUDI-CORE] Database Firewall: ID '945349515539' (Payton Sandfort) is dirty and could not be resolved.
[LUDI-CORE] Database Firewall: ID '946047615539' (John Poulakidas) is dirty and could not be resolved.
[LUDI-CORE] Database Firewall: ID '946047615539' (John Poulakidas) is dirty and could not be resolved.
[LUDI-CORE] Database Firewall: ID '946047615539' (John Poulakidas) is dirty and could not be resolved.
[LUDI-CORE] Database Firewall: ID '946047615539' (John Poulakidas) is dirty and could not be resolved.
[LUDI-CORE] Database Firewall: ID '946047615539' (John Poulakidas) is dirty and could not be resolved.
[LUDI-CORE] Database Firewall: ID '948249955539' (Kennedy Chandler) is dirty and could not be resolved.
[LUDI-CORE] Database Firewall: ID '948249955539' (Kennedy Chandler) is dirty and could not be resolved.
[LUDI-CORE] Database Firewall: ID '948249955539' (Kennedy Chandler) is dirty and could not be resolved.
[LUDI-CORE] Database Firewall: ID '948249955539' (Kennedy Chandler) is dirty and could not be resolved.
[LUDI-CORE] Database Firewall: ID '17896031' (Nah'Shon Hyland) is dirty and could not be resolved.
[LUDI-CORE] Database Firewall: ID '17896038' (Day'Ron Sharpe) is dirty and could not be resolved.
[LUDI-CORE] Database Firewall: ID '47738533' (Jeenathan Williams) is dirty and could not be resolved.
[LUDI-CORE] Database Firewall: ID '1057260888' (Airious Bailey) is dirty and could not be resolved.
[LUDI-CORE] Database Firewall: ID '28098676399' (Omer Yurtseven) is dirty and could not be resolved.
[LUDI-CORE] Database Firewall: ID '28098676399' (Omer Yurtseven) is dirty and could not be resolved.
[LUDI-CORE] Database Firewall: ID '28098676399' (Omer Yurtseven) is dirty and could not be resolved.
[LUDI-CORE] Database Firewall: ID '28098676399' (Omer Yurtseven) is dirty and could not be resolved.
[LUDI-CORE] Database Firewall: ID '28098676399' (Omer Yurtseven) is dirty and could not be resolved.
[LUDI-CORE] Database Firewall: ID '28098676399' (Omer Yurtseven) is dirty and could not be resolved.
[LUDI-CORE] Database Firewall: ID '28098676399' (Omer Yurtseven) is dirty and could not be resolved.
[LUDI-CORE] Database Firewall: ID '28118879047' (Jalen Slawson) is dirty and could not be resolved.
[LUDI-CORE] Database Firewall: ID '28118879047' (Jalen Slawson) is dirty and could not be resolved.
[LUDI-CORE] Database Firewall: ID '28118879047' (Jalen Slawson) is dirty and could not be resolved.
[LUDI-CORE] Database Firewall: ID '28118879047' (Jalen Slawson) is dirty and could not be resolved.
[LUDI-CORE] Database Firewall: ID '28118879047' (Jalen Slawson) is dirty and could not be resolved.
[LUDI-CORE] Database Firewall: ID '28118879047' (Jalen Slawson) is dirty and could not be resolved.
[LUDI-CORE] Database Firewall: ID '28178696399' (DeJon Jarreau) is dirty and could not be resolved.
[LUDI-CORE] Database Firewall: ID '28178696399' (DeJon Jarreau) is dirty and could not be resolved.
[LUDI-CORE] Database Firewall: ID '28178696399' (DeJon Jarreau) is dirty and could not be resolved.
[LUDI-CORE] Database Firewall: ID '28178696399' (DeJon Jarreau) is dirty and could not be resolved.
[LUDI-CORE] Database Firewall: ID '28178696399' (DeJon Jarreau) is dirty and could not be resolved.
[LUDI-CORE] Database Firewall: ID '28178696399' (DeJon Jarreau) is dirty and could not be resolved.
[LUDI-CORE] Database Firewall: ID '28178696399' (DeJon Jarreau) is dirty and could not be resolved.
[LUDI-CORE] Database Firewall: ID '28178696399' (DeJon Jarreau) is dirty and could not be resolved.
[LUDI-CORE] Database Firewall: ID '28708807869' (Olivier Sarr) is dirty and could not be resolved.
[LUDI-CORE] Database Firewall: ID '28868684047' (Cormac Ryan) is dirty and could not be resolved.
[LUDI-CORE] Database Firewall: ID '28868684047' (Cormac Ryan) is dirty and could not be resolved.
[LUDI-CORE] Database Firewall: ID '28888549027' (Alex Morales) is dirty and could not be resolved.
[LUDI-CORE] Database Firewall: ID '28908812047' (Darius Brown II) is dirty and could not be resolved.
[LUDI-CORE] Database Firewall: ID '28988809047' (Malachi Smith) is dirty and could not be resolved.
[LUDI-CORE] Database Firewall: ID '28988809047' (Malachi Smith) is dirty and could not be resolved.
[LUDI-CORE] Database Firewall: ID '28988809047' (Malachi Smith) is dirty and could not be resolved.
[LUDI-CORE] Database Firewall: ID '28988809047' (Malachi Smith) is dirty and could not be resolved.
[LUDI-CORE] Database Firewall: ID '28988809047' (Malachi Smith) is dirty and could not be resolved.
[LUDI-CORE] Database Firewall: ID '28988809047' (Malachi Smith) is dirty and could not be resolved.
[LUDI-CORE] Database Firewall: ID '28988809047' (Malachi Smith) is dirty and could not be resolved.
[LUDI-CORE] Database Firewall: ID '88788835527' (Andersson Garcia) is dirty and could not be resolved.
[LUDI-CORE] Database Firewall: ID '88788835527' (Andersson Garcia) is dirty and could not be resolved.
[LUDI-CORE] Database Firewall: ID '88788835527' (Andersson Garcia) is dirty and could not be resolved.
[LUDI-CORE] Database Firewall: ID '88788835527' (Andersson Garcia) is dirty and could not be resolved.
[LUDI-CORE] Database Firewall: ID '94054402027' (Tyler Burton) is dirty and could not be resolved.
[LUDI-CORE] Database Firewall: ID '94054402027' (Tyler Burton) is dirty and could not be resolved.
[LUDI-CORE] Database Firewall: ID '94054402027' (Tyler Burton) is dirty and could not be resolved.
[LUDI-CORE] Database Firewall: ID '94054402027' (Tyler Burton) is dirty and could not be resolved.
[LUDI-CORE] Database Firewall: ID '94054402027' (Tyler Burton) is dirty and could not be resolved.
[LUDI-CORE] Database Firewall: ID '94054402027' (Tyler Burton) is dirty and could not be resolved.
[LUDI-CORE] Database Firewall: ID '94054402027' (Tyler Burton) is dirty and could not be resolved.
[LUDI-CORE] Database Firewall: ID '94054402027' (Tyler Burton) is dirty and could not be resolved.
[LUDI-CORE] Database Firewall: ID '94054402027' (Tyler Burton) is dirty and could not be resolved.
[LUDI-CORE] Database Firewall: ID '94494906527' (Grant Nelson) is dirty and could not be resolved.
[LUDI-CORE] Database Firewall: ID '94494906527' (Grant Nelson) is dirty and could not be resolved.
[LUDI-CORE] Database Firewall: ID '94494906527' (Grant Nelson) is dirty and could not be resolved.
[LUDI-CORE] Database Firewall: ID '94494906527' (Grant Nelson) is dirty and could not be resolved.
[LUDI-CORE] Database Firewall: ID '94714965527' (CJ Huntley) is dirty and could not be resolved.
[LUDI-CORE] Database Firewall: ID '94744298027' (Zyon Pullin) is dirty and could not be resolved.
[LUDI-CORE] Database Firewall: ID '94744298027' (Zyon Pullin) is dirty and could not be resolved.
[LUDI-CORE] Database Firewall: ID '94984975527' (Jayson Kent) is dirty and could not be resolved.
[LUDI-CORE] Database Firewall: ID '94984975527' (Jayson Kent) is dirty and could not be resolved.
[LUDI-CORE] Database Firewall: ID '941647485539' (Julian Reese) is dirty and could not be resolved.
[LUDI-CORE] Database Firewall: ID '941647485539' (Julian Reese) is dirty and could not be resolved.
[LUDI-CORE] Database Firewall: ID '941647485539' (Julian Reese) is dirty and could not be resolved.
[LUDI-CORE] Database Firewall: ID '941647485539' (Julian Reese) is dirty and could not be resolved.
[LUDI-CORE] Database Firewall: ID '941647485539' (Julian Reese) is dirty and could not be resolved.
[LUDI-CORE] Database Firewall: ID '941647485539' (Julian Reese) is dirty and could not be resolved.
[LUDI-CORE] Database Firewall: ID '942547465539' (Bez Mbeng) is dirty and could not be resolved.
[LUDI-CORE] Database Firewall: ID '942547465539' (Bez Mbeng) is dirty and could not be resolved.
[LUDI-CORE] Database Firewall: ID '942547465539' (Bez Mbeng) is dirty and could not be resolved.
[LUDI-CORE] Database Firewall: ID '942547465539' (Bez Mbeng) is dirty and could not be resolved.
[LUDI-CORE] Database Firewall: ID '942547465539' (Bez Mbeng) is dirty and could not be resolved.
[LUDI-CORE] Database Firewall: ID '942547465539' (Bez Mbeng) is dirty and could not be resolved.
[LUDI-CORE] Database Firewall: ID '942547465539' (Bez Mbeng) is dirty and could not be resolved.
[LUDI-CORE] Database Firewall: ID '942547465539' (Bez Mbeng) is dirty and could not be resolved.
[LUDI-CORE] Database Firewall: ID '944849035539' (Sean Pedulla) is dirty and could not be resolved.
[LUDI-CORE] Database Firewall: ID '944849035539' (Sean Pedulla) is dirty and could not be resolved.
[LUDI-CORE] Database Firewall: ID '944849035539' (Sean Pedulla) is dirty and could not be resolved.
[LUDI-CORE] Database Firewall: ID '944849035539' (Sean Pedulla) is dirty and could not be resolved.
[LUDI-CORE] Database Firewall: ID '945349515539' (Payton Sandfort) is dirty and could not be resolved.
[LUDI-CORE] Database Firewall: ID '945349515539' (Payton Sandfort) is dirty and could not be resolved.
[LUDI-CORE] Database Firewall: ID '946047615539' (John Poulakidas) is dirty and could not be resolved.
[LUDI-CORE] Database Firewall: ID '946047615539' (John Poulakidas) is dirty and could not be resolved.
[LUDI-CORE] Database Firewall: ID '946047615539' (John Poulakidas) is dirty and could not be resolved.
[LUDI-CORE] Database Firewall: ID '946047615539' (John Poulakidas) is dirty and could not be resolved.
[LUDI-CORE] Database Firewall: ID '946047615539' (John Poulakidas) is dirty and could not be resolved.
[LUDI-CORE] Database Firewall: ID '948249955539' (Kennedy Chandler) is dirty and could not be resolved.
[LUDI-CORE] Database Firewall: ID '948249955539' (Kennedy Chandler) is dirty and could not be resolved.
[LUDI-CORE] Database Firewall: ID '948249955539' (Kennedy Chandler) is dirty and could not be resolved.
[LUDI-CORE] Database Firewall: ID '948249955539' (Kennedy Chandler) is dirty and could not be resolved.
[LUDI-CORE] Database Firewall: ID '17896031' (Nah'Shon Hyland) is dirty and could not be resolved.
[LUDI-CORE] Database Firewall: ID '17896038' (Day'Ron Sharpe) is dirty and could not be resolved.
[LUDI-CORE] Database Firewall: ID '47738533' (Jeenathan Williams) is dirty and could not be resolved.
[LUDI-CORE] Database Firewall: ID '1057260888' (Airious Bailey) is dirty and could not be resolved.
[LUDI-CORE] Database Firewall: ID '28098676399' (Omer Yurtseven) is dirty and could not be resolved.
[LUDI-CORE] Database Firewall: ID '28098676399' (Omer Yurtseven) is dirty and could not be resolved.
[LUDI-CORE] Database Firewall: ID '28098676399' (Omer Yurtseven) is dirty and could not be resolved.
[LUDI-CORE] Database Firewall: ID '28098676399' (Omer Yurtseven) is dirty and could not be resolved.
[LUDI-CORE] Database Firewall: ID '28098676399' (Omer Yurtseven) is dirty and could not be resolved.
[LUDI-CORE] Database Firewall: ID '28098676399' (Omer Yurtseven) is dirty and could not be resolved.
[LUDI-CORE] Database Firewall: ID '28098676399' (Omer Yurtseven) is dirty and could not be resolved.
[LUDI-CORE] Database Firewall: ID '28118879047' (Jalen Slawson) is dirty and could not be resolved.
[LUDI-CORE] Database Firewall: ID '28118879047' (Jalen Slawson) is dirty and could not be resolved.
[LUDI-CORE] Database Firewall: ID '28118879047' (Jalen Slawson) is dirty and could not be resolved.
[LUDI-CORE] Database Firewall: ID '28118879047' (Jalen Slawson) is dirty and could not be resolved.
[LUDI-CORE] Database Firewall: ID '28118879047' (Jalen Slawson) is dirty and could not be resolved.
[LUDI-CORE] Database Firewall: ID '28118879047' (Jalen Slawson) is dirty and could not be resolved.
[LUDI-CORE] Database Firewall: ID '28178696399' (DeJon Jarreau) is dirty and could not be resolved.
[LUDI-CORE] Database Firewall: ID '28178696399' (DeJon Jarreau) is dirty and could not be resolved.
[LUDI-CORE] Database Firewall: ID '28178696399' (DeJon Jarreau) is dirty and could not be resolved.
[LUDI-CORE] Database Firewall: ID '28178696399' (DeJon Jarreau) is dirty and could not be resolved.
[LUDI-CORE] Database Firewall: ID '28178696399' (DeJon Jarreau) is dirty and could not be resolved.
[LUDI-CORE] Database Firewall: ID '28178696399' (DeJon Jarreau) is dirty and could not be resolved.
[LUDI-CORE] Database Firewall: ID '28178696399' (DeJon Jarreau) is dirty and could not be resolved.
[LUDI-CORE] Database Firewall: ID '28178696399' (DeJon Jarreau) is dirty and could not be resolved.
[LUDI-CORE] Database Firewall: ID '28708807869' (Olivier Sarr) is dirty and could not be resolved.
[LUDI-CORE] Database Firewall: ID '28868684047' (Cormac Ryan) is dirty and could not be resolved.
[LUDI-CORE] Database Firewall: ID '28868684047' (Cormac Ryan) is dirty and could not be resolved.
[LUDI-CORE] Database Firewall: ID '28888549027' (Alex Morales) is dirty and could not be resolved.
[LUDI-CORE] Database Firewall: ID '28908812047' (Darius Brown II) is dirty and could not be resolved.
[LUDI-CORE] Database Firewall: ID '28988809047' (Malachi Smith) is dirty and could not be resolved.
[LUDI-CORE] Database Firewall: ID '28988809047' (Malachi Smith) is dirty and could not be resolved.
[LUDI-CORE] Database Firewall: ID '28988809047' (Malachi Smith) is dirty and could not be resolved.
[LUDI-CORE] Database Firewall: ID '28988809047' (Malachi Smith) is dirty and could not be resolved.
[LUDI-CORE] Database Firewall: ID '28988809047' (Malachi Smith) is dirty and could not be resolved.
[LUDI-CORE] Database Firewall: ID '28988809047' (Malachi Smith) is dirty and could not be resolved.
[LUDI-CORE] Database Firewall: ID '28988809047' (Malachi Smith) is dirty and could not be resolved.
[LUDI-CORE] Database Firewall: ID '88788835527' (Andersson Garcia) is dirty and could not be resolved.
[LUDI-CORE] Database Firewall: ID '88788835527' (Andersson Garcia) is dirty and could not be resolved.
[LUDI-CORE] Database Firewall: ID '88788835527' (Andersson Garcia) is dirty and could not be resolved.
[LUDI-CORE] Database Firewall: ID '88788835527' (Andersson Garcia) is dirty and could not be resolved.
[LUDI-CORE] Database Firewall: ID '94054402027' (Tyler Burton) is dirty and could not be resolved.
[LUDI-CORE] Database Firewall: ID '94054402027' (Tyler Burton) is dirty and could not be resolved.
[LUDI-CORE] Database Firewall: ID '94054402027' (Tyler Burton) is dirty and could not be resolved.
[LUDI-CORE] Database Firewall: ID '94054402027' (Tyler Burton) is dirty and could not be resolved.
[LUDI-CORE] Database Firewall: ID '94054402027' (Tyler Burton) is dirty and could not be resolved.
[LUDI-CORE] Database Firewall: ID '94054402027' (Tyler Burton) is dirty and could not be resolved.
[LUDI-CORE] Database Firewall: ID '94054402027' (Tyler Burton) is dirty and could not be resolved.
[LUDI-CORE] Database Firewall: ID '94054402027' (Tyler Burton) is dirty and could not be resolved.
[LUDI-CORE] Database Firewall: ID '94054402027' (Tyler Burton) is dirty and could not be resolved.
[LUDI-CORE] Database Firewall: ID '94494906527' (Grant Nelson) is dirty and could not be resolved.
[LUDI-CORE] Database Firewall: ID '94494906527' (Grant Nelson) is dirty and could not be resolved.
[LUDI-CORE] Database Firewall: ID '94494906527' (Grant Nelson) is dirty and could not be resolved.
[LUDI-CORE] Database Firewall: ID '94494906527' (Grant Nelson) is dirty and could not be resolved.
[LUDI-CORE] Database Firewall: ID '94714965527' (CJ Huntley) is dirty and could not be resolved.
[LUDI-CORE] Database Firewall: ID '94744298027' (Zyon Pullin) is dirty and could not be resolved.
[LUDI-CORE] Database Firewall: ID '94744298027' (Zyon Pullin) is dirty and could not be resolved.
[LUDI-CORE] Database Firewall: ID '94984975527' (Jayson Kent) is dirty and could not be resolved.
[LUDI-CORE] Database Firewall: ID '94984975527' (Jayson Kent) is dirty and could not be resolved.
[LUDI-CORE] Database Firewall: ID '941647485539' (Julian Reese) is dirty and could not be resolved.
[LUDI-CORE] Database Firewall: ID '941647485539' (Julian Reese) is dirty and could not be resolved.
[LUDI-CORE] Database Firewall: ID '941647485539' (Julian Reese) is dirty and could not be resolved.
[LUDI-CORE] Database Firewall: ID '941647485539' (Julian Reese) is dirty and could not be resolved.
[LUDI-CORE] Database Firewall: ID '941647485539' (Julian Reese) is dirty and could not be resolved.
[LUDI-CORE] Database Firewall: ID '941647485539' (Julian Reese) is dirty and could not be resolved.
[LUDI-CORE] Database Firewall: ID '942547465539' (Bez Mbeng) is dirty and could not be resolved.
[LUDI-CORE] Database Firewall: ID '942547465539' (Bez Mbeng) is dirty and could not be resolved.
[LUDI-CORE] Database Firewall: ID '942547465539' (Bez Mbeng) is dirty and could not be resolved.
[LUDI-CORE] Database Firewall: ID '942547465539' (Bez Mbeng) is dirty and could not be resolved.
[LUDI-CORE] Database Firewall: ID '942547465539' (Bez Mbeng) is dirty and could not be resolved.
[LUDI-CORE] Database Firewall: ID '942547465539' (Bez Mbeng) is dirty and could not be resolved.
[LUDI-CORE] Database Firewall: ID '942547465539' (Bez Mbeng) is dirty and could not be resolved.
[LUDI-CORE] Database Firewall: ID '942547465539' (Bez Mbeng) is dirty and could not be resolved.
[LUDI-CORE] Database Firewall: ID '944849035539' (Sean Pedulla) is dirty and could not be resolved.
[LUDI-CORE] Database Firewall: ID '944849035539' (Sean Pedulla) is dirty and could not be resolved.
[LUDI-CORE] Database Firewall: ID '944849035539' (Sean Pedulla) is dirty and could not be resolved.
[LUDI-CORE] Database Firewall: ID '944849035539' (Sean Pedulla) is dirty and could not be resolved.
[LUDI-CORE] Database Firewall: ID '945349515539' (Payton Sandfort) is dirty and could not be resolved.
[LUDI-CORE] Database Firewall: ID '945349515539' (Payton Sandfort) is dirty and could not be resolved.
[LUDI-CORE] Database Firewall: ID '946047615539' (John Poulakidas) is dirty and could not be resolved.
[LUDI-CORE] Database Firewall: ID '946047615539' (John Poulakidas) is dirty and could not be resolved.
[LUDI-CORE] Database Firewall: ID '946047615539' (John Poulakidas) is dirty and could not be resolved.
[LUDI-CORE] Database Firewall: ID '946047615539' (John Poulakidas) is dirty and could not be resolved.
[LUDI-CORE] Database Firewall: ID '946047615539' (John Poulakidas) is dirty and could not be resolved.
[LUDI-CORE] Database Firewall: ID '948249955539' (Kennedy Chandler) is dirty and could not be resolved.
[LUDI-CORE] Database Firewall: ID '948249955539' (Kennedy Chandler) is dirty and could not be resolved.
[LUDI-CORE] Database Firewall: ID '948249955539' (Kennedy Chandler) is dirty and could not be resolved.
[LUDI-CORE] Database Firewall: ID '948249955539' (Kennedy Chandler) is dirty and could not be resolved.
[LUDI-CORE] Database Firewall: ID '28118879047' (Jalen Slawson) is dirty and could not be resolved.
[LUDI-CORE] Database Firewall: ID '28118879047' (Jalen Slawson) is dirty and could not be resolved.
[LUDI-CORE] Database Firewall: ID '28118879047' (Jalen Slawson) is dirty and could not be resolved.
[LUDI-CORE] Database Firewall: ID '28118879047' (Jalen Slawson) is dirty and could not be resolved.
[LUDI-CORE] Database Firewall: ID '28178696399' (DeJon Jarreau) is dirty and could not be resolved.
[LUDI-CORE] Database Firewall: ID '28178696399' (DeJon Jarreau) is dirty and could not be resolved.
[LUDI-CORE] Database Firewall: ID '28178696399' (DeJon Jarreau) is dirty and could not be resolved.
[LUDI-CORE] Database Firewall: ID '28178696399' (DeJon Jarreau) is dirty and could not be resolved.
[LUDI-CORE] Database Firewall: ID '28178696399' (DeJon Jarreau) is dirty and could not be resolved.
[LUDI-CORE] Database Firewall: ID '28178696399' (DeJon Jarreau) is dirty and could not be resolved.
[LUDI-CORE] Database Firewall: ID '28178696399' (DeJon Jarreau) is dirty and could not be resolved.
[LUDI-CORE] Database Firewall: ID '28708807869' (Olivier Sarr) is dirty and could not be resolved.
[LUDI-CORE] Database Firewall: ID '28888549027' (Alex Morales) is dirty and could not be resolved.
[LUDI-CORE] Database Firewall: ID '28908812047' (Darius Brown II) is dirty and could not be resolved.
[LUDI-CORE] Database Firewall: ID '28988809047' (Malachi Smith) is dirty and could not be resolved.
[LUDI-CORE] Database Firewall: ID '28988809047' (Malachi Smith) is dirty and could not be resolved.
[LUDI-CORE] Database Firewall: ID '28988809047' (Malachi Smith) is dirty and could not be resolved.
[LUDI-CORE] Database Firewall: ID '28988809047' (Malachi Smith) is dirty and could not be resolved.
[LUDI-CORE] Database Firewall: ID '88788835527' (Andersson Garcia) is dirty and could not be resolved.
[LUDI-CORE] Database Firewall: ID '88788835527' (Andersson Garcia) is dirty and could not be resolved.
[LUDI-CORE] Database Firewall: ID '94054402027' (Tyler Burton) is dirty and could not be resolved.
[LUDI-CORE] Database Firewall: ID '94054402027' (Tyler Burton) is dirty and could not be resolved.
[LUDI-CORE] Database Firewall: ID '94054402027' (Tyler Burton) is dirty and could not be resolved.
[LUDI-CORE] Database Firewall: ID '94054402027' (Tyler Burton) is dirty and could not be resolved.
[LUDI-CORE] Database Firewall: ID '94054402027' (Tyler Burton) is dirty and could not be resolved.
[LUDI-CORE] Database Firewall: ID '94054402027' (Tyler Burton) is dirty and could not be resolved.
[LUDI-CORE] Database Firewall: ID '94054402027' (Tyler Burton) is dirty and could not be resolved.
[LUDI-CORE] Database Firewall: ID '94054402027' (Tyler Burton) is dirty and could not be resolved.
[LUDI-CORE] Database Firewall: ID '94494906527' (Grant Nelson) is dirty and could not be resolved.
[LUDI-CORE] Database Firewall: ID '94494906527' (Grant Nelson) is dirty and could not be resolved.
[LUDI-CORE] Database Firewall: ID '94494906527' (Grant Nelson) is dirty and could not be resolved.
[LUDI-CORE] Database Firewall: ID '94494906527' (Grant Nelson) is dirty and could not be resolved.
[LUDI-CORE] Database Firewall: ID '94744298027' (Zyon Pullin) is dirty and could not be resolved.
[LUDI-CORE] Database Firewall: ID '94984975527' (Jayson Kent) is dirty and could not be resolved.
[LUDI-CORE] Database Firewall: ID '94984975527' (Jayson Kent) is dirty and could not be resolved.
[LUDI-CORE] Database Firewall: ID '941647485539' (Julian Reese) is dirty and could not be resolved.
[LUDI-CORE] Database Firewall: ID '941647485539' (Julian Reese) is dirty and could not be resolved.
[LUDI-CORE] Database Firewall: ID '941647485539' (Julian Reese) is dirty and could not be resolved.
[LUDI-CORE] Database Firewall: ID '942547465539' (Bez Mbeng) is dirty and could not be resolved.
[LUDI-CORE] Database Firewall: ID '942547465539' (Bez Mbeng) is dirty and could not be resolved.
[LUDI-CORE] Database Firewall: ID '942547465539' (Bez Mbeng) is dirty and could not be resolved.
[LUDI-CORE] Database Firewall: ID '942547465539' (Bez Mbeng) is dirty and could not be resolved.
[LUDI-CORE] Database Firewall: ID '942547465539' (Bez Mbeng) is dirty and could not be resolved.
[LUDI-CORE] Database Firewall: ID '942547465539' (Bez Mbeng) is dirty and could not be resolved.
[LUDI-CORE] Database Firewall: ID '944849035539' (Sean Pedulla) is dirty and could not be resolved.
[LUDI-CORE] Database Firewall: ID '944849035539' (Sean Pedulla) is dirty and could not be resolved.
[LUDI-CORE] Database Firewall: ID '944849035539' (Sean Pedulla) is dirty and could not be resolved.
[LUDI-CORE] Database Firewall: ID '945349515539' (Payton Sandfort) is dirty and could not be resolved.
[LUDI-CORE] Database Firewall: ID '945349515539' (Payton Sandfort) is dirty and could not be resolved.
[LUDI-CORE] Database Firewall: ID '946047615539' (John Poulakidas) is dirty and could not be resolved.
[LUDI-CORE] Database Firewall: ID '946047615539' (John Poulakidas) is dirty and could not be resolved.
[LUDI-CORE] Database Firewall: ID '946047615539' (John Poulakidas) is dirty and could not be resolved.
[LUDI-CORE] Database Firewall: ID '946047615539' (John Poulakidas) is dirty and could not be resolved.
[LUDI-CORE] Database Firewall: ID '946047615539' (John Poulakidas) is dirty and could not be resolved.
[LUDI-CORE] Database Firewall: ID '948249955539' (Kennedy Chandler) is dirty and could not be resolved.
[LUDI-CORE] Database Firewall: ID '948249955539' (Kennedy Chandler) is dirty and could not be resolved.
[LUDI-CORE] Database Firewall: ID '948249955539' (Kennedy Chandler) is dirty and could not be resolved.
[LUDI-CORE] Database Firewall: ID '948249955539' (Kennedy Chandler) is dirty and could not be resolved.
[LUDI-CORE] Database Firewall: ID '28118879047' (Jalen Slawson) is dirty and could not be resolved.
[LUDI-CORE] Database Firewall: ID '28118879047' (Jalen Slawson) is dirty and could not be resolved.
[LUDI-CORE] Database Firewall: ID '28118879047' (Jalen Slawson) is dirty and could not be resolved.
[LUDI-CORE] Database Firewall: ID '28118879047' (Jalen Slawson) is dirty and could not be resolved.
[LUDI-CORE] Database Firewall: ID '28178696399' (DeJon Jarreau) is dirty and could not be resolved.
[LUDI-CORE] Database Firewall: ID '28178696399' (DeJon Jarreau) is dirty and could not be resolved.
[LUDI-CORE] Database Firewall: ID '28178696399' (DeJon Jarreau) is dirty and could not be resolved.
[LUDI-CORE] Database Firewall: ID '28178696399' (DeJon Jarreau) is dirty and could not be resolved.
[LUDI-CORE] Database Firewall: ID '28178696399' (DeJon Jarreau) is dirty and could not be resolved.
[LUDI-CORE] Database Firewall: ID '28178696399' (DeJon Jarreau) is dirty and could not be resolved.
[LUDI-CORE] Database Firewall: ID '28178696399' (DeJon Jarreau) is dirty and could not be resolved.
[LUDI-CORE] Database Firewall: ID '28708807869' (Olivier Sarr) is dirty and could not be resolved.
[LUDI-CORE] Database Firewall: ID '28888549027' (Alex Morales) is dirty and could not be resolved.
[LUDI-CORE] Database Firewall: ID '28908812047' (Darius Brown II) is dirty and could not be resolved.
[LUDI-CORE] Database Firewall: ID '28988809047' (Malachi Smith) is dirty and could not be resolved.
[LUDI-CORE] Database Firewall: ID '28988809047' (Malachi Smith) is dirty and could not be resolved.
[LUDI-CORE] Database Firewall: ID '28988809047' (Malachi Smith) is dirty and could not be resolved.
[LUDI-CORE] Database Firewall: ID '28988809047' (Malachi Smith) is dirty and could not be resolved.
[LUDI-CORE] Database Firewall: ID '88788835527' (Andersson Garcia) is dirty and could not be resolved.
[LUDI-CORE] Database Firewall: ID '88788835527' (Andersson Garcia) is dirty and could not be resolved.
[LUDI-CORE] Database Firewall: ID '94054402027' (Tyler Burton) is dirty and could not be resolved.
[LUDI-CORE] Database Firewall: ID '94054402027' (Tyler Burton) is dirty and could not be resolved.
[LUDI-CORE] Database Firewall: ID '94054402027' (Tyler Burton) is dirty and could not be resolved.
[LUDI-CORE] Database Firewall: ID '94054402027' (Tyler Burton) is dirty and could not be resolved.
[LUDI-CORE] Database Firewall: ID '94054402027' (Tyler Burton) is dirty and could not be resolved.
[LUDI-CORE] Database Firewall: ID '94054402027' (Tyler Burton) is dirty and could not be resolved.
[LUDI-CORE] Database Firewall: ID '94054402027' (Tyler Burton) is dirty and could not be resolved.
[LUDI-CORE] Database Firewall: ID '94054402027' (Tyler Burton) is dirty and could not be resolved.
[LUDI-CORE] Database Firewall: ID '94494906527' (Grant Nelson) is dirty and could not be resolved.
[LUDI-CORE] Database Firewall: ID '94494906527' (Grant Nelson) is dirty and could not be resolved.
[LUDI-CORE] Database Firewall: ID '94494906527' (Grant Nelson) is dirty and could not be resolved.
[LUDI-CORE] Database Firewall: ID '94494906527' (Grant Nelson) is dirty and could not be resolved.
[LUDI-CORE] Database Firewall: ID '94744298027' (Zyon Pullin) is dirty and could not be resolved.
[LUDI-CORE] Database Firewall: ID '94984975527' (Jayson Kent) is dirty and could not be resolved.
[LUDI-CORE] Database Firewall: ID '94984975527' (Jayson Kent) is dirty and could not be resolved.
[LUDI-CORE] Database Firewall: ID '941647485539' (Julian Reese) is dirty and could not be resolved.
[LUDI-CORE] Database Firewall: ID '941647485539' (Julian Reese) is dirty and could not be resolved.
[LUDI-CORE] Database Firewall: ID '941647485539' (Julian Reese) is dirty and could not be resolved.
[LUDI-CORE] Database Firewall: ID '942547465539' (Bez Mbeng) is dirty and could not be resolved.
[LUDI-CORE] Database Firewall: ID '942547465539' (Bez Mbeng) is dirty and could not be resolved.
[LUDI-CORE] Database Firewall: ID '942547465539' (Bez Mbeng) is dirty and could not be resolved.
[LUDI-CORE] Database Firewall: ID '942547465539' (Bez Mbeng) is dirty and could not be resolved.
[LUDI-CORE] Database Firewall: ID '942547465539' (Bez Mbeng) is dirty and could not be resolved.
[LUDI-CORE] Database Firewall: ID '942547465539' (Bez Mbeng) is dirty and could not be resolved.
[LUDI-CORE] Database Firewall: ID '944849035539' (Sean Pedulla) is dirty and could not be resolved.
[LUDI-CORE] Database Firewall: ID '944849035539' (Sean Pedulla) is dirty and could not be resolved.
[LUDI-CORE] Database Firewall: ID '944849035539' (Sean Pedulla) is dirty and could not be resolved.
[LUDI-CORE] Database Firewall: ID '945349515539' (Payton Sandfort) is dirty and could not be resolved.
[LUDI-CORE] Database Firewall: ID '945349515539' (Payton Sandfort) is dirty and could not be resolved.
[LUDI-CORE] Database Firewall: ID '946047615539' (John Poulakidas) is dirty and could not be resolved.
[LUDI-CORE] Database Firewall: ID '946047615539' (John Poulakidas) is dirty and could not be resolved.
[LUDI-CORE] Database Firewall: ID '946047615539' (John Poulakidas) is dirty and could not be resolved.
[LUDI-CORE] Database Firewall: ID '946047615539' (John Poulakidas) is dirty and could not be resolved.
[LUDI-CORE] Database Firewall: ID '946047615539' (John Poulakidas) is dirty and could not be resolved.
[LUDI-CORE] Database Firewall: ID '948249955539' (Kennedy Chandler) is dirty and could not be resolved.
[LUDI-CORE] Database Firewall: ID '948249955539' (Kennedy Chandler) is dirty and could not be resolved.
[LUDI-CORE] Database Firewall: ID '948249955539' (Kennedy Chandler) is dirty and could not be resolved.
[LUDI-CORE] Database Firewall: ID '948249955539' (Kennedy Chandler) is dirty and could not be resolved.
[LUDI-CORE] Database Firewall: ID '28118879047' (Jalen Slawson) is dirty and could not be resolved.
[LUDI-CORE] Database Firewall: ID '28118879047' (Jalen Slawson) is dirty and could not be resolved.
[LUDI-CORE] Database Firewall: ID '28118879047' (Jalen Slawson) is dirty and could not be resolved.
[LUDI-CORE] Database Firewall: ID '28118879047' (Jalen Slawson) is dirty and could not be resolved.
[LUDI-CORE] Database Firewall: ID '28178696399' (DeJon Jarreau) is dirty and could not be resolved.
[LUDI-CORE] Database Firewall: ID '28178696399' (DeJon Jarreau) is dirty and could not be resolved.
[LUDI-CORE] Database Firewall: ID '28178696399' (DeJon Jarreau) is dirty and could not be resolved.
[LUDI-CORE] Database Firewall: ID '28178696399' (DeJon Jarreau) is dirty and could not be resolved.
[LUDI-CORE] Database Firewall: ID '28178696399' (DeJon Jarreau) is dirty and could not be resolved.
[LUDI-CORE] Database Firewall: ID '28178696399' (DeJon Jarreau) is dirty and could not be resolved.
[LUDI-CORE] Database Firewall: ID '28178696399' (DeJon Jarreau) is dirty and could not be resolved.
[LUDI-CORE] Database Firewall: ID '28708807869' (Olivier Sarr) is dirty and could not be resolved.
[LUDI-CORE] Database Firewall: ID '28888549027' (Alex Morales) is dirty and could not be resolved.
[LUDI-CORE] Database Firewall: ID '28908812047' (Darius Brown II) is dirty and could not be resolved.
[LUDI-CORE] Database Firewall: ID '28988809047' (Malachi Smith) is dirty and could not be resolved.
[LUDI-CORE] Database Firewall: ID '28988809047' (Malachi Smith) is dirty and could not be resolved.
[LUDI-CORE] Database Firewall: ID '28988809047' (Malachi Smith) is dirty and could not be resolved.
[LUDI-CORE] Database Firewall: ID '28988809047' (Malachi Smith) is dirty and could not be resolved.
[LUDI-CORE] Database Firewall: ID '88788835527' (Andersson Garcia) is dirty and could not be resolved.
[LUDI-CORE] Database Firewall: ID '88788835527' (Andersson Garcia) is dirty and could not be resolved.
[LUDI-CORE] Database Firewall: ID '94054402027' (Tyler Burton) is dirty and could not be resolved.
[LUDI-CORE] Database Firewall: ID '94054402027' (Tyler Burton) is dirty and could not be resolved.
[LUDI-CORE] Database Firewall: ID '94054402027' (Tyler Burton) is dirty and could not be resolved.
[LUDI-CORE] Database Firewall: ID '94054402027' (Tyler Burton) is dirty and could not be resolved.
[LUDI-CORE] Database Firewall: ID '94054402027' (Tyler Burton) is dirty and could not be resolved.
[LUDI-CORE] Database Firewall: ID '94054402027' (Tyler Burton) is dirty and could not be resolved.
[LUDI-CORE] Database Firewall: ID '94054402027' (Tyler Burton) is dirty and could not be resolved.
[LUDI-CORE] Database Firewall: ID '94054402027' (Tyler Burton) is dirty and could not be resolved.
[LUDI-CORE] Database Firewall: ID '94494906527' (Grant Nelson) is dirty and could not be resolved.
[LUDI-CORE] Database Firewall: ID '94494906527' (Grant Nelson) is dirty and could not be resolved.
[LUDI-CORE] Database Firewall: ID '94494906527' (Grant Nelson) is dirty and could not be resolved.
[LUDI-CORE] Database Firewall: ID '94494906527' (Grant Nelson) is dirty and could not be resolved.
[LUDI-CORE] Database Firewall: ID '94744298027' (Zyon Pullin) is dirty and could not be resolved.
[LUDI-CORE] Database Firewall: ID '94984975527' (Jayson Kent) is dirty and could not be resolved.
[LUDI-CORE] Database Firewall: ID '94984975527' (Jayson Kent) is dirty and could not be resolved.
[LUDI-CORE] Database Firewall: ID '941647485539' (Julian Reese) is dirty and could not be resolved.
[LUDI-CORE] Database Firewall: ID '941647485539' (Julian Reese) is dirty and could not be resolved.
[LUDI-CORE] Database Firewall: ID '941647485539' (Julian Reese) is dirty and could not be resolved.
[LUDI-CORE] Database Firewall: ID '942547465539' (Bez Mbeng) is dirty and could not be resolved.
[LUDI-CORE] Database Firewall: ID '942547465539' (Bez Mbeng) is dirty and could not be resolved.
[LUDI-CORE] Database Firewall: ID '942547465539' (Bez Mbeng) is dirty and could not be resolved.
[LUDI-CORE] Database Firewall: ID '942547465539' (Bez Mbeng) is dirty and could not be resolved.
[LUDI-CORE] Database Firewall: ID '942547465539' (Bez Mbeng) is dirty and could not be resolved.
[LUDI-CORE] Database Firewall: ID '942547465539' (Bez Mbeng) is dirty and could not be resolved.
[LUDI-CORE] Database Firewall: ID '944849035539' (Sean Pedulla) is dirty and could not be resolved.
[LUDI-CORE] Database Firewall: ID '944849035539' (Sean Pedulla) is dirty and could not be resolved.
[LUDI-CORE] Database Firewall: ID '944849035539' (Sean Pedulla) is dirty and could not be resolved.
[LUDI-CORE] Database Firewall: ID '945349515539' (Payton Sandfort) is dirty and could not be resolved.
[LUDI-CORE] Database Firewall: ID '945349515539' (Payton Sandfort) is dirty and could not be resolved.
[LUDI-CORE] Database Firewall: ID '946047615539' (John Poulakidas) is dirty and could not be resolved.
[LUDI-CORE] Database Firewall: ID '946047615539' (John Poulakidas) is dirty and could not be resolved.
[LUDI-CORE] Database Firewall: ID '946047615539' (John Poulakidas) is dirty and could not be resolved.
[LUDI-CORE] Database Firewall: ID '946047615539' (John Poulakidas) is dirty and could not be resolved.
[LUDI-CORE] Database Firewall: ID '946047615539' (John Poulakidas) is dirty and could not be resolved.
[LUDI-CORE] Database Firewall: ID '948249955539' (Kennedy Chandler) is dirty and could not be resolved.
[LUDI-CORE] Database Firewall: ID '948249955539' (Kennedy Chandler) is dirty and could not be resolved.
[LUDI-CORE] Database Firewall: ID '948249955539' (Kennedy Chandler) is dirty and could not be resolved.
[LUDI-CORE] Database Firewall: ID '948249955539' (Kennedy Chandler) is dirty and could not be resolved.
[LUDI-CORE] Database Firewall: ID '28118879047' (Jalen Slawson) is dirty and could not be resolved.
[LUDI-CORE] Database Firewall: ID '28118879047' (Jalen Slawson) is dirty and could not be resolved.
[LUDI-CORE] Database Firewall: ID '28118879047' (Jalen Slawson) is dirty and could not be resolved.
[LUDI-CORE] Database Firewall: ID '28118879047' (Jalen Slawson) is dirty and could not be resolved.
[LUDI-CORE] Database Firewall: ID '28178696399' (DeJon Jarreau) is dirty and could not be resolved.
[LUDI-CORE] Database Firewall: ID '28178696399' (DeJon Jarreau) is dirty and could not be resolved.
[LUDI-CORE] Database Firewall: ID '28178696399' (DeJon Jarreau) is dirty and could not be resolved.
[LUDI-CORE] Database Firewall: ID '28178696399' (DeJon Jarreau) is dirty and could not be resolved.
[LUDI-CORE] Database Firewall: ID '28178696399' (DeJon Jarreau) is dirty and could not be resolved.
[LUDI-CORE] Database Firewall: ID '28178696399' (DeJon Jarreau) is dirty and could not be resolved.
[LUDI-CORE] Database Firewall: ID '28178696399' (DeJon Jarreau) is dirty and could not be resolved.
[LUDI-CORE] Database Firewall: ID '28708807869' (Olivier Sarr) is dirty and could not be resolved.
[LUDI-CORE] Database Firewall: ID '28888549027' (Alex Morales) is dirty and could not be resolved.
[LUDI-CORE] Database Firewall: ID '28908812047' (Darius Brown II) is dirty and could not be resolved.
[LUDI-CORE] Database Firewall: ID '28988809047' (Malachi Smith) is dirty and could not be resolved.
[LUDI-CORE] Database Firewall: ID '28988809047' (Malachi Smith) is dirty and could not be resolved.
[LUDI-CORE] Database Firewall: ID '28988809047' (Malachi Smith) is dirty and could not be resolved.
[LUDI-CORE] Database Firewall: ID '28988809047' (Malachi Smith) is dirty and could not be resolved.
[LUDI-CORE] Database Firewall: ID '88788835527' (Andersson Garcia) is dirty and could not be resolved.
[LUDI-CORE] Database Firewall: ID '88788835527' (Andersson Garcia) is dirty and could not be resolved.
[LUDI-CORE] Database Firewall: ID '94054402027' (Tyler Burton) is dirty and could not be resolved.
[LUDI-CORE] Database Firewall: ID '94054402027' (Tyler Burton) is dirty and could not be resolved.
[LUDI-CORE] Database Firewall: ID '94054402027' (Tyler Burton) is dirty and could not be resolved.
[LUDI-CORE] Database Firewall: ID '94054402027' (Tyler Burton) is dirty and could not be resolved.
[LUDI-CORE] Database Firewall: ID '94054402027' (Tyler Burton) is dirty and could not be resolved.
[LUDI-CORE] Database Firewall: ID '94054402027' (Tyler Burton) is dirty and could not be resolved.
[LUDI-CORE] Database Firewall: ID '94054402027' (Tyler Burton) is dirty and could not be resolved.
[LUDI-CORE] Database Firewall: ID '94054402027' (Tyler Burton) is dirty and could not be resolved.
[LUDI-CORE] Database Firewall: ID '94494906527' (Grant Nelson) is dirty and could not be resolved.
[LUDI-CORE] Database Firewall: ID '94494906527' (Grant Nelson) is dirty and could not be resolved.
[LUDI-CORE] Database Firewall: ID '94494906527' (Grant Nelson) is dirty and could not be resolved.
[LUDI-CORE] Database Firewall: ID '94494906527' (Grant Nelson) is dirty and could not be resolved.
[LUDI-CORE] Database Firewall: ID '94744298027' (Zyon Pullin) is dirty and could not be resolved.
[LUDI-CORE] Database Firewall: ID '94984975527' (Jayson Kent) is dirty and could not be resolved.
[LUDI-CORE] Database Firewall: ID '94984975527' (Jayson Kent) is dirty and could not be resolved.
[LUDI-CORE] Database Firewall: ID '941647485539' (Julian Reese) is dirty and could not be resolved.
[LUDI-CORE] Database Firewall: ID '941647485539' (Julian Reese) is dirty and could not be resolved.
[LUDI-CORE] Database Firewall: ID '941647485539' (Julian Reese) is dirty and could not be resolved.
[LUDI-CORE] Database Firewall: ID '942547465539' (Bez Mbeng) is dirty and could not be resolved.
[LUDI-CORE] Database Firewall: ID '942547465539' (Bez Mbeng) is dirty and could not be resolved.
[LUDI-CORE] Database Firewall: ID '942547465539' (Bez Mbeng) is dirty and could not be resolved.
[LUDI-CORE] Database Firewall: ID '942547465539' (Bez Mbeng) is dirty and could not be resolved.
[LUDI-CORE] Database Firewall: ID '942547465539' (Bez Mbeng) is dirty and could not be resolved.
[LUDI-CORE] Database Firewall: ID '942547465539' (Bez Mbeng) is dirty and could not be resolved.
[LUDI-CORE] Database Firewall: ID '944849035539' (Sean Pedulla) is dirty and could not be resolved.
[LUDI-CORE] Database Firewall: ID '944849035539' (Sean Pedulla) is dirty and could not be resolved.
[LUDI-CORE] Database Firewall: ID '944849035539' (Sean Pedulla) is dirty and could not be resolved.
[LUDI-CORE] Database Firewall: ID '945349515539' (Payton Sandfort) is dirty and could not be resolved.
[LUDI-CORE] Database Firewall: ID '945349515539' (Payton Sandfort) is dirty and could not be resolved.
[LUDI-CORE] Database Firewall: ID '946047615539' (John Poulakidas) is dirty and could not be resolved.
[LUDI-CORE] Database Firewall: ID '946047615539' (John Poulakidas) is dirty and could not be resolved.
[LUDI-CORE] Database Firewall: ID '946047615539' (John Poulakidas) is dirty and could not be resolved.
[LUDI-CORE] Database Firewall: ID '946047615539' (John Poulakidas) is dirty and could not be resolved.
[LUDI-CORE] Database Firewall: ID '946047615539' (John Poulakidas) is dirty and could not be resolved.
[LUDI-CORE] Database Firewall: ID '948249955539' (Kennedy Chandler) is dirty and could not be resolved.
[LUDI-CORE] Database Firewall: ID '948249955539' (Kennedy Chandler) is dirty and could not be resolved.
[LUDI-CORE] Database Firewall: ID '948249955539' (Kennedy Chandler) is dirty and could not be resolved.
[LUDI-CORE] Database Firewall: ID '948249955539' (Kennedy Chandler) is dirty and could not be resolved.
[LUDI-CORE] Database Firewall: ID '28118879047' (Jalen Slawson) is dirty and could not be resolved.
[LUDI-CORE] Database Firewall: ID '28118879047' (Jalen Slawson) is dirty and could not be resolved.
[LUDI-CORE] Database Firewall: ID '28118879047' (Jalen Slawson) is dirty and could not be resolved.
[LUDI-CORE] Database Firewall: ID '28118879047' (Jalen Slawson) is dirty and could not be resolved.
[LUDI-CORE] Database Firewall: ID '28178696399' (DeJon Jarreau) is dirty and could not be resolved.
[LUDI-CORE] Database Firewall: ID '28178696399' (DeJon Jarreau) is dirty and could not be resolved.
[LUDI-CORE] Database Firewall: ID '28178696399' (DeJon Jarreau) is dirty and could not be resolved.
[LUDI-CORE] Database Firewall: ID '28178696399' (DeJon Jarreau) is dirty and could not be resolved.
[LUDI-CORE] Database Firewall: ID '28178696399' (DeJon Jarreau) is dirty and could not be resolved.
[LUDI-CORE] Database Firewall: ID '28178696399' (DeJon Jarreau) is dirty and could not be resolved.
[LUDI-CORE] Database Firewall: ID '28178696399' (DeJon Jarreau) is dirty and could not be resolved.
[LUDI-CORE] Database Firewall: ID '28708807869' (Olivier Sarr) is dirty and could not be resolved.
[LUDI-CORE] Database Firewall: ID '28888549027' (Alex Morales) is dirty and could not be resolved.
[LUDI-CORE] Database Firewall: ID '28908812047' (Darius Brown II) is dirty and could not be resolved.
[LUDI-CORE] Database Firewall: ID '28988809047' (Malachi Smith) is dirty and could not be resolved.
[LUDI-CORE] Database Firewall: ID '28988809047' (Malachi Smith) is dirty and could not be resolved.
[LUDI-CORE] Database Firewall: ID '28988809047' (Malachi Smith) is dirty and could not be resolved.
[LUDI-CORE] Database Firewall: ID '28988809047' (Malachi Smith) is dirty and could not be resolved.
[LUDI-CORE] Database Firewall: ID '88788835527' (Andersson Garcia) is dirty and could not be resolved.
[LUDI-CORE] Database Firewall: ID '88788835527' (Andersson Garcia) is dirty and could not be resolved.
[LUDI-CORE] Database Firewall: ID '94054402027' (Tyler Burton) is dirty and could not be resolved.
[LUDI-CORE] Database Firewall: ID '94054402027' (Tyler Burton) is dirty and could not be resolved.
[LUDI-CORE] Database Firewall: ID '94054402027' (Tyler Burton) is dirty and could not be resolved.
[LUDI-CORE] Database Firewall: ID '94054402027' (Tyler Burton) is dirty and could not be resolved.
[LUDI-CORE] Database Firewall: ID '94054402027' (Tyler Burton) is dirty and could not be resolved.
[LUDI-CORE] Database Firewall: ID '94054402027' (Tyler Burton) is dirty and could not be resolved.
[LUDI-CORE] Database Firewall: ID '94054402027' (Tyler Burton) is dirty and could not be resolved.
[LUDI-CORE] Database Firewall: ID '94054402027' (Tyler Burton) is dirty and could not be resolved.
[LUDI-CORE] Database Firewall: ID '94494906527' (Grant Nelson) is dirty and could not be resolved.
[LUDI-CORE] Database Firewall: ID '94494906527' (Grant Nelson) is dirty and could not be resolved.
[LUDI-CORE] Database Firewall: ID '94494906527' (Grant Nelson) is dirty and could not be resolved.
[LUDI-CORE] Database Firewall: ID '94494906527' (Grant Nelson) is dirty and could not be resolved.
[LUDI-CORE] Database Firewall: ID '94744298027' (Zyon Pullin) is dirty and could not be resolved.
[LUDI-CORE] Database Firewall: ID '94984975527' (Jayson Kent) is dirty and could not be resolved.
[LUDI-CORE] Database Firewall: ID '94984975527' (Jayson Kent) is dirty and could not be resolved.
[LUDI-CORE] Database Firewall: ID '941647485539' (Julian Reese) is dirty and could not be resolved.
[LUDI-CORE] Database Firewall: ID '941647485539' (Julian Reese) is dirty and could not be resolved.
[LUDI-CORE] Database Firewall: ID '941647485539' (Julian Reese) is dirty and could not be resolved.
[LUDI-CORE] Database Firewall: ID '942547465539' (Bez Mbeng) is dirty and could not be resolved.
[LUDI-CORE] Database Firewall: ID '942547465539' (Bez Mbeng) is dirty and could not be resolved.
[LUDI-CORE] Database Firewall: ID '942547465539' (Bez Mbeng) is dirty and could not be resolved.
[LUDI-CORE] Database Firewall: ID '942547465539' (Bez Mbeng) is dirty and could not be resolved.
[LUDI-CORE] Database Firewall: ID '942547465539' (Bez Mbeng) is dirty and could not be resolved.
[LUDI-CORE] Database Firewall: ID '942547465539' (Bez Mbeng) is dirty and could not be resolved.
[LUDI-CORE] Database Firewall: ID '944849035539' (Sean Pedulla) is dirty and could not be resolved.
[LUDI-CORE] Database Firewall: ID '944849035539' (Sean Pedulla) is dirty and could not be resolved.
[LUDI-CORE] Database Firewall: ID '944849035539' (Sean Pedulla) is dirty and could not be resolved.
[LUDI-CORE] Database Firewall: ID '945349515539' (Payton Sandfort) is dirty and could not be resolved.
[LUDI-CORE] Database Firewall: ID '945349515539' (Payton Sandfort) is dirty and could not be resolved.
[LUDI-CORE] Database Firewall: ID '946047615539' (John Poulakidas) is dirty and could not be resolved.
[LUDI-CORE] Database Firewall: ID '946047615539' (John Poulakidas) is dirty and could not be resolved.
[LUDI-CORE] Database Firewall: ID '946047615539' (John Poulakidas) is dirty and could not be resolved.
[LUDI-CORE] Database Firewall: ID '946047615539' (John Poulakidas) is dirty and could not be resolved.
[LUDI-CORE] Database Firewall: ID '946047615539' (John Poulakidas) is dirty and could not be resolved.
[LUDI-CORE] Database Firewall: ID '948249955539' (Kennedy Chandler) is dirty and could not be resolved.
[LUDI-CORE] Database Firewall: ID '948249955539' (Kennedy Chandler) is dirty and could not be resolved.
[LUDI-CORE] Database Firewall: ID '948249955539' (Kennedy Chandler) is dirty and could not be resolved.
[LUDI-CORE] Database Firewall: ID '948249955539' (Kennedy Chandler) is dirty and could not be resolved.
[LUDI-CORE] Database Firewall: ID '28118879047' (Jalen Slawson) is dirty and could not be resolved.
[LUDI-CORE] Database Firewall: ID '28118879047' (Jalen Slawson) is dirty and could not be resolved.
[LUDI-CORE] Database Firewall: ID '28118879047' (Jalen Slawson) is dirty and could not be resolved.
[LUDI-CORE] Database Firewall: ID '28118879047' (Jalen Slawson) is dirty and could not be resolved.
[LUDI-CORE] Database Firewall: ID '28178696399' (DeJon Jarreau) is dirty and could not be resolved.
[LUDI-CORE] Database Firewall: ID '28178696399' (DeJon Jarreau) is dirty and could not be resolved.
[LUDI-CORE] Database Firewall: ID '28178696399' (DeJon Jarreau) is dirty and could not be resolved.
[LUDI-CORE] Database Firewall: ID '28178696399' (DeJon Jarreau) is dirty and could not be resolved.
[LUDI-CORE] Database Firewall: ID '28178696399' (DeJon Jarreau) is dirty and could not be resolved.
[LUDI-CORE] Database Firewall: ID '28178696399' (DeJon Jarreau) is dirty and could not be resolved.
[LUDI-CORE] Database Firewall: ID '28178696399' (DeJon Jarreau) is dirty and could not be resolved.
[LUDI-CORE] Database Firewall: ID '28708807869' (Olivier Sarr) is dirty and could not be resolved.
[LUDI-CORE] Database Firewall: ID '28888549027' (Alex Morales) is dirty and could not be resolved.
[LUDI-CORE] Database Firewall: ID '28908812047' (Darius Brown II) is dirty and could not be resolved.
[LUDI-CORE] Database Firewall: ID '28988809047' (Malachi Smith) is dirty and could not be resolved.
[LUDI-CORE] Database Firewall: ID '28988809047' (Malachi Smith) is dirty and could not be resolved.
[LUDI-CORE] Database Firewall: ID '28988809047' (Malachi Smith) is dirty and could not be resolved.
[LUDI-CORE] Database Firewall: ID '28988809047' (Malachi Smith) is dirty and could not be resolved.
[LUDI-CORE] Database Firewall: ID '88788835527' (Andersson Garcia) is dirty and could not be resolved.
[LUDI-CORE] Database Firewall: ID '88788835527' (Andersson Garcia) is dirty and could not be resolved.
[LUDI-CORE] Database Firewall: ID '94054402027' (Tyler Burton) is dirty and could not be resolved.
[LUDI-CORE] Database Firewall: ID '94054402027' (Tyler Burton) is dirty and could not be resolved.
[LUDI-CORE] Database Firewall: ID '94054402027' (Tyler Burton) is dirty and could not be resolved.
[LUDI-CORE] Database Firewall: ID '94054402027' (Tyler Burton) is dirty and could not be resolved.
[LUDI-CORE] Database Firewall: ID '94054402027' (Tyler Burton) is dirty and could not be resolved.
[LUDI-CORE] Database Firewall: ID '94054402027' (Tyler Burton) is dirty and could not be resolved.
[LUDI-CORE] Database Firewall: ID '94054402027' (Tyler Burton) is dirty and could not be resolved.
[LUDI-CORE] Database Firewall: ID '94054402027' (Tyler Burton) is dirty and could not be resolved.
[LUDI-CORE] Database Firewall: ID '94494906527' (Grant Nelson) is dirty and could not be resolved.
[LUDI-CORE] Database Firewall: ID '94494906527' (Grant Nelson) is dirty and could not be resolved.
[LUDI-CORE] Database Firewall: ID '94494906527' (Grant Nelson) is dirty and could not be resolved.
[LUDI-CORE] Database Firewall: ID '94494906527' (Grant Nelson) is dirty and could not be resolved.
[LUDI-CORE] Database Firewall: ID '94744298027' (Zyon Pullin) is dirty and could not be resolved.
[LUDI-CORE] Database Firewall: ID '94984975527' (Jayson Kent) is dirty and could not be resolved.
[LUDI-CORE] Database Firewall: ID '94984975527' (Jayson Kent) is dirty and could not be resolved.
[LUDI-CORE] Database Firewall: ID '941647485539' (Julian Reese) is dirty and could not be resolved.
[LUDI-CORE] Database Firewall: ID '941647485539' (Julian Reese) is dirty and could not be resolved.
[LUDI-CORE] Database Firewall: ID '941647485539' (Julian Reese) is dirty and could not be resolved.
[LUDI-CORE] Database Firewall: ID '942547465539' (Bez Mbeng) is dirty and could not be resolved.
[LUDI-CORE] Database Firewall: ID '942547465539' (Bez Mbeng) is dirty and could not be resolved.
[LUDI-CORE] Database Firewall: ID '942547465539' (Bez Mbeng) is dirty and could not be resolved.
[LUDI-CORE] Database Firewall: ID '942547465539' (Bez Mbeng) is dirty and could not be resolved.
[LUDI-CORE] Database Firewall: ID '942547465539' (Bez Mbeng) is dirty and could not be resolved.
[LUDI-CORE] Database Firewall: ID '942547465539' (Bez Mbeng) is dirty and could not be resolved.
[LUDI-CORE] Database Firewall: ID '944849035539' (Sean Pedulla) is dirty and could not be resolved.
[LUDI-CORE] Database Firewall: ID '944849035539' (Sean Pedulla) is dirty and could not be resolved.
[LUDI-CORE] Database Firewall: ID '944849035539' (Sean Pedulla) is dirty and could not be resolved.
[LUDI-CORE] Database Firewall: ID '945349515539' (Payton Sandfort) is dirty and could not be resolved.
[LUDI-CORE] Database Firewall: ID '945349515539' (Payton Sandfort) is dirty and could not be resolved.
[LUDI-CORE] Database Firewall: ID '946047615539' (John Poulakidas) is dirty and could not be resolved.
[LUDI-CORE] Database Firewall: ID '946047615539' (John Poulakidas) is dirty and could not be resolved.
[LUDI-CORE] Database Firewall: ID '946047615539' (John Poulakidas) is dirty and could not be resolved.
[LUDI-CORE] Database Firewall: ID '946047615539' (John Poulakidas) is dirty and could not be resolved.
[LUDI-CORE] Database Firewall: ID '946047615539' (John Poulakidas) is dirty and could not be resolved.
[LUDI-CORE] Database Firewall: ID '948249955539' (Kennedy Chandler) is dirty and could not be resolved.
[LUDI-CORE] Database Firewall: ID '948249955539' (Kennedy Chandler) is dirty and could not be resolved.
[LUDI-CORE] Database Firewall: ID '948249955539' (Kennedy Chandler) is dirty and could not be resolved.
[LUDI-CORE] Database Firewall: ID '948249955539' (Kennedy Chandler) is dirty and could not be resolved.
[LUDI-CORE] Database Firewall: ID '28118879047' (Jalen Slawson) is dirty and could not be resolved.
[LUDI-CORE] Database Firewall: ID '28118879047' (Jalen Slawson) is dirty and could not be resolved.
[LUDI-CORE] Database Firewall: ID '28118879047' (Jalen Slawson) is dirty and could not be resolved.
[LUDI-CORE] Database Firewall: ID '28118879047' (Jalen Slawson) is dirty and could not be resolved.
[LUDI-CORE] Database Firewall: ID '28178696399' (DeJon Jarreau) is dirty and could not be resolved.
[LUDI-CORE] Database Firewall: ID '28178696399' (DeJon Jarreau) is dirty and could not be resolved.
[LUDI-CORE] Database Firewall: ID '28178696399' (DeJon Jarreau) is dirty and could not be resolved.
[LUDI-CORE] Database Firewall: ID '28178696399' (DeJon Jarreau) is dirty and could not be resolved.
[LUDI-CORE] Database Firewall: ID '28178696399' (DeJon Jarreau) is dirty and could not be resolved.
[LUDI-CORE] Database Firewall: ID '28178696399' (DeJon Jarreau) is dirty and could not be resolved.
[LUDI-CORE] Database Firewall: ID '28178696399' (DeJon Jarreau) is dirty and could not be resolved.
[LUDI-CORE] Database Firewall: ID '28708807869' (Olivier Sarr) is dirty and could not be resolved.
[LUDI-CORE] Database Firewall: ID '28888549027' (Alex Morales) is dirty and could not be resolved.
[LUDI-CORE] Database Firewall: ID '28908812047' (Darius Brown II) is dirty and could not be resolved.
[LUDI-CORE] Database Firewall: ID '28988809047' (Malachi Smith) is dirty and could not be resolved.
[LUDI-CORE] Database Firewall: ID '28988809047' (Malachi Smith) is dirty and could not be resolved.
[LUDI-CORE] Database Firewall: ID '28988809047' (Malachi Smith) is dirty and could not be resolved.
[LUDI-CORE] Database Firewall: ID '28988809047' (Malachi Smith) is dirty and could not be resolved.
[LUDI-CORE] Database Firewall: ID '88788835527' (Andersson Garcia) is dirty and could not be resolved.
[LUDI-CORE] Database Firewall: ID '88788835527' (Andersson Garcia) is dirty and could not be resolved.
[LUDI-CORE] Database Firewall: ID '94054402027' (Tyler Burton) is dirty and could not be resolved.
[LUDI-CORE] Database Firewall: ID '94054402027' (Tyler Burton) is dirty and could not be resolved.
[LUDI-CORE] Database Firewall: ID '94054402027' (Tyler Burton) is dirty and could not be resolved.
[LUDI-CORE] Database Firewall: ID '94054402027' (Tyler Burton) is dirty and could not be resolved.
[LUDI-CORE] Database Firewall: ID '94054402027' (Tyler Burton) is dirty and could not be resolved.
[LUDI-CORE] Database Firewall: ID '94054402027' (Tyler Burton) is dirty and could not be resolved.
[LUDI-CORE] Database Firewall: ID '94054402027' (Tyler Burton) is dirty and could not be resolved.
[LUDI-CORE] Database Firewall: ID '94054402027' (Tyler Burton) is dirty and could not be resolved.
[LUDI-CORE] Database Firewall: ID '94494906527' (Grant Nelson) is dirty and could not be resolved.
[LUDI-CORE] Database Firewall: ID '94494906527' (Grant Nelson) is dirty and could not be resolved.
[LUDI-CORE] Database Firewall: ID '94494906527' (Grant Nelson) is dirty and could not be resolved.
[LUDI-CORE] Database Firewall: ID '94494906527' (Grant Nelson) is dirty and could not be resolved.
[LUDI-CORE] Database Firewall: ID '94744298027' (Zyon Pullin) is dirty and could not be resolved.
[LUDI-CORE] Database Firewall: ID '94984975527' (Jayson Kent) is dirty and could not be resolved.
[LUDI-CORE] Database Firewall: ID '94984975527' (Jayson Kent) is dirty and could not be resolved.
[LUDI-CORE] Database Firewall: ID '941647485539' (Julian Reese) is dirty and could not be resolved.
[LUDI-CORE] Database Firewall: ID '941647485539' (Julian Reese) is dirty and could not be resolved.
[LUDI-CORE] Database Firewall: ID '941647485539' (Julian Reese) is dirty and could not be resolved.
[LUDI-CORE] Database Firewall: ID '942547465539' (Bez Mbeng) is dirty and could not be resolved.
[LUDI-CORE] Database Firewall: ID '942547465539' (Bez Mbeng) is dirty and could not be resolved.
[LUDI-CORE] Database Firewall: ID '942547465539' (Bez Mbeng) is dirty and could not be resolved.
[LUDI-CORE] Database Firewall: ID '942547465539' (Bez Mbeng) is dirty and could not be resolved.
[LUDI-CORE] Database Firewall: ID '942547465539' (Bez Mbeng) is dirty and could not be resolved.
[LUDI-CORE] Database Firewall: ID '942547465539' (Bez Mbeng) is dirty and could not be resolved.
[LUDI-CORE] Database Firewall: ID '944849035539' (Sean Pedulla) is dirty and could not be resolved.
[LUDI-CORE] Database Firewall: ID '944849035539' (Sean Pedulla) is dirty and could not be resolved.
[LUDI-CORE] Database Firewall: ID '944849035539' (Sean Pedulla) is dirty and could not be resolved.
[LUDI-CORE] Database Firewall: ID '945349515539' (Payton Sandfort) is dirty and could not be resolved.
[LUDI-CORE] Database Firewall: ID '945349515539' (Payton Sandfort) is dirty and could not be resolved.
[LUDI-CORE] Database Firewall: ID '946047615539' (John Poulakidas) is dirty and could not be resolved.
[LUDI-CORE] Database Firewall: ID '946047615539' (John Poulakidas) is dirty and could not be resolved.
[LUDI-CORE] Database Firewall: ID '946047615539' (John Poulakidas) is dirty and could not be resolved.
[LUDI-CORE] Database Firewall: ID '946047615539' (John Poulakidas) is dirty and could not be resolved.
[LUDI-CORE] Database Firewall: ID '946047615539' (John Poulakidas) is dirty and could not be resolved.
[LUDI-CORE] Database Firewall: ID '948249955539' (Kennedy Chandler) is dirty and could not be resolved.
[LUDI-CORE] Database Firewall: ID '948249955539' (Kennedy Chandler) is dirty and could not be resolved.
[LUDI-CORE] Database Firewall: ID '948249955539' (Kennedy Chandler) is dirty and could not be resolved.
[LUDI-CORE] Database Firewall: ID '948249955539' (Kennedy Chandler) is dirty and could not be resolved.
[LUDI-CORE] Database Firewall: ID '28908812047' (Darius Brown II) is dirty and could not be resolved.
[LUDI-CORE] Database Firewall: ID '94494906527' (Grant Nelson) is dirty and could not be resolved.
[LUDI-CORE] Database Firewall: ID '941647485539' (Julian Reese) is dirty and could not be resolved.
[LUDI-CORE] Database Firewall: ID '946047615539' (John Poulakidas) is dirty and could not be resolved.
[LUDI-CORE] Database Firewall: ID '17896031' (Nah'Shon Hyland) is dirty and could not be resolved.
[LUDI-CORE] Database Firewall: ID '1028112004' (Zyon Pullin) is dirty and could not be resolved.
[LUDI-CORE] Database Firewall: ID '1028271147' (Alex Morales) is dirty and could not be resolved.
[LUDI-CORE] Database Firewall: ID '17896038' (Day'Ron Sharpe) is dirty and could not be resolved.
[LUDI-CORE] Database Firewall: ID '1059875475' (Grant Nelson) is dirty and could not be resolved.
[LUDI-CORE] Database Firewall: ID '1058921044' (Sean Pedulla) is dirty and could not be resolved.
[LUDI-CORE] Database Firewall: ID '1028266882' (Cormac Ryan) is dirty and could not be resolved.
[LUDI-CORE] Database Firewall: ID '1057260888' (Airious Bailey) is dirty and could not be resolved.
[LUDI-CORE] Database Firewall: ID '1059635020' (Payton Sandfort) is dirty and could not be resolved.
[LUDI-CORE] Database Firewall: ID '313' (De'Anthony Melton) is dirty and could not be resolved.
[LUDI-CORE] Database Firewall: ID '47738533' (Jeenathan Williams) is dirty and could not be resolved.
[LUDI-CORE] Database Firewall: ID '28118879047' (Jalen Slawson) is dirty and could not be resolved.
[LUDI-CORE] Database Firewall: ID '944849035539' (Sean Pedulla) is dirty and could not be resolved.
[LUDI-CORE] Database Firewall: ID '94054402027' (Tyler Burton) is dirty and could not be resolved.
[LUDI-CORE] Database Firewall: ID '942547465539' (Bez Mbeng) is dirty and could not be resolved.
[LUDI-CORE] Database Firewall: ID '88788835527' (Andersson Garcia) is dirty and could not be resolved.
[LUDI-CORE] Database Firewall: ID '28178696399' (DeJon Jarreau) is dirty and could not be resolved.
[LUDI-CORE] Database Firewall: ID '28988809047' (Malachi Smith) is dirty and could not be resolved.
[LUDI-CORE] Database Firewall: ID '28098676399' (Omer Yurtseven) is dirty and could not be resolved.
[LUDI-CORE] Database Firewall: ID '94984975527' (Jayson Kent) is dirty and could not be resolved.
[LUDI-CORE] Database Firewall: ID '94744298027' (Zyon Pullin) is dirty and could not be resolved.
[LUDI-CORE] Database Firewall: ID '945349515539' (Payton Sandfort) is dirty and could not be resolved.
[LUDI-CORE] Database Firewall: ID '28888549027' (Alex Morales) is dirty and could not be resolved.
[LUDI-CORE] Database Firewall: ID '28868684047' (Cormac Ryan) is dirty and could not be resolved.
[LUDI-CORE] Database Firewall: ID '948249955539' (Kennedy Chandler) is dirty and could not be resolved.
[LUDI-CORE] Database Firewall: ID '94714965527' (CJ Huntley) is dirty and could not be resolved.
[LUDI-CORE] Database Firewall: ID '28708807869' (Olivier Sarr) is dirty and could not be resolved.
[LUDI-CORE] [Oracle] Loaded empirical modifiers for 492 players

==================================================
   LUDI INFORMATIO | SYSTEM INITIALIZATION
   Architecture: Modules A-H (Production v2.0)
==================================================
========================================
LUDI INFORMATIO: MODULE A (GATEKEEPER) ONLINE
   >>> PIPELINE: V9.4 (4-TIER LINE SHOPPING)
   >>> TIERS: NC_LEGAL | SHARP | DFS | SOCIAL
========================================

========================================
LUDI INFORMATIO: MODULE G (ZEBRAS) V3.0 ONLINE
========================================
   [ZEBRAS] 🔍 Checking today's games in database...
   [ZEBRAS] ✅ Today's games already exist
   [ZEBRAS] 📊 Database: 138 referees loaded

========================================
LUDI INFORMATIO: MODULE H (HISTORIAN) ONLINE
========================================
   🛡️ API Budget: 200 requests
[TAG] Context: duplicate column name: pull_up_fga
[TAG] Context: duplicate column name: pull_up_fgm
[TAG] Context: duplicate column name: pull_up_fg_pct
[TAG] Context: duplicate column name: pull_up_3pa
[TAG] Context: duplicate column name: pull_up_3pm
[TAG] Context: duplicate column name: pull_up_3p_pct
[TAG] Context: duplicate column name: pull_up_efg_pct
[TAG] Context: duplicate column name: dist_miles_off
[TAG] Context: duplicate column name: dist_miles_def
[TAG] Context: duplicate column name: avg_speed_off
[TAG] Context: duplicate column name: avg_speed_def
[TAG] Context: duplicate column name: catch_shoot_3pa
[TAG] Context: duplicate column name: catch_shoot_3pm
[TAG] Context: duplicate column name: catch_shoot_3p_pct
[TAG] Context: duplicate column name: catch_shoot_efg_pct
[TAG] Context: duplicate column name: season_id
[TAG] Context: duplicate column name: is_active
[TAG] Context: duplicate column name: roster_updated_at
[TAG] Context: duplicate column name: current_injury_status
[TAG] Context: duplicate column name: injury_updated_at
[TAG] Context: duplicate column name: injury_return_date
[TAG] Context: duplicate column name: days_out_current
[TAG] Context: duplicate column name: games_on_current_team
[MIGRATION] player_game_logs.started: duplicate column name: started
[MIGRATION] player_game_logs.fantasy_pts_dk: duplicate column name: fantasy_pts_dk
[MIGRATION] player_game_logs.fantasy_pts_fd: duplicate column name: fantasy_pts_fd
[MIGRATION] player_game_logs.home_or_away: duplicate column name: home_or_away
[MIGRATION] player_game_logs.double_doubles: duplicate column name: double_doubles
[MIGRATION] player_game_logs.triple_doubles: duplicate column name: triple_doubles
[MIGRATION] player_game_advanced.points_paint: duplicate column name: points_paint
[MIGRATION] player_game_advanced.points_fast_break: duplicate column name: points_fast_break
[MIGRATION] player_game_advanced.points_second_chance: duplicate column name: points_second_chance
[MIGRATION] player_game_advanced.points_off_turnovers: duplicate column name: points_off_turnovers
[MIGRATION] player_game_advanced.estimated_off_rating: duplicate column name: estimated_off_rating
[MIGRATION] player_game_advanced.estimated_def_rating: duplicate column name: estimated_def_rating
[MIGRATION] player_game_advanced.estimated_net_rating: duplicate column name: estimated_net_rating
[MIGRATION] player_game_advanced.pct_pts_paint: duplicate column name: pct_pts_paint
[MIGRATION] player_game_advanced.pct_pts_fast_break: duplicate column name: pct_pts_fast_break
[MIGRATION] player_game_advanced.pct_pts_free_throw: duplicate column name: pct_pts_free_throw
[MIGRATION] player_game_advanced.pct_pts_midrange_2pt: duplicate column name: pct_pts_midrange_2pt
[MIGRATION] player_game_advanced.bdl_source: duplicate column name: bdl_source
[MIGRATION] player_game_tracking.speed: duplicate column name: speed
[MIGRATION] player_game_tracking.distance: duplicate column name: distance
[MIGRATION] player_game_tracking.touches: duplicate column name: touches
[MIGRATION] player_game_tracking.passes: duplicate column name: passes
[MIGRATION] player_game_tracking.bdl_source: duplicate column name: bdl_source
[MIGRATION] player_game_hustle.bdl_source: duplicate column name: bdl_source
[TAG] Context: duplicate column name: pull_up_fga
[TAG] Context: duplicate column name: pull_up_fgm
[TAG] Context: duplicate column name: pull_up_fg_pct
[TAG] Context: duplicate column name: pull_up_3pa
[TAG] Context: duplicate column name: pull_up_3pm
[TAG] Context: duplicate column name: pull_up_3p_pct
[TAG] Context: duplicate column name: pull_up_efg_pct
[TAG] Context: duplicate column name: dist_miles_off
[TAG] Context: duplicate column name: dist_miles_def
[TAG] Context: duplicate column name: avg_speed_off
[TAG] Context: duplicate column name: avg_speed_def
[TAG] Context: duplicate column name: catch_shoot_3pa
[TAG] Context: duplicate column name: catch_shoot_3pm
[TAG] Context: duplicate column name: catch_shoot_3p_pct
[TAG] Context: duplicate column name: catch_shoot_efg_pct
[TAG] Context: duplicate column name: season_id
[TAG] Context: duplicate column name: is_active
[TAG] Context: duplicate column name: roster_updated_at
[TAG] Context: duplicate column name: current_injury_status
[TAG] Context: duplicate column name: injury_updated_at
[TAG] Context: duplicate column name: injury_return_date
[TAG] Context: duplicate column name: days_out_current
[TAG] Context: duplicate column name: games_on_current_team
[MIGRATION] player_game_logs.started: duplicate column name: started
[MIGRATION] player_game_logs.fantasy_pts_dk: duplicate column name: fantasy_pts_dk
[MIGRATION] player_game_logs.fantasy_pts_fd: duplicate column name: fantasy_pts_fd
[MIGRATION] player_game_logs.home_or_away: duplicate column name: home_or_away
[MIGRATION] player_game_logs.double_doubles: duplicate column name: double_doubles
[MIGRATION] player_game_logs.triple_doubles: duplicate column name: triple_doubles
[MIGRATION] player_game_advanced.points_paint: duplicate column name: points_paint
[MIGRATION] player_game_advanced.points_fast_break: duplicate column name: points_fast_break
[MIGRATION] player_game_advanced.points_second_chance: duplicate column name: points_second_chance
[MIGRATION] player_game_advanced.points_off_turnovers: duplicate column name: points_off_turnovers
[MIGRATION] player_game_advanced.estimated_off_rating: duplicate column name: estimated_off_rating
[MIGRATION] player_game_advanced.estimated_def_rating: duplicate column name: estimated_def_rating
[MIGRATION] player_game_advanced.estimated_net_rating: duplicate column name: estimated_net_rating
[MIGRATION] player_game_advanced.pct_pts_paint: duplicate column name: pct_pts_paint
[MIGRATION] player_game_advanced.pct_pts_fast_break: duplicate column name: pct_pts_fast_break
[MIGRATION] player_game_advanced.pct_pts_free_throw: duplicate column name: pct_pts_free_throw
[MIGRATION] player_game_advanced.pct_pts_midrange_2pt: duplicate column name: pct_pts_midrange_2pt
[MIGRATION] player_game_advanced.bdl_source: duplicate column name: bdl_source
[MIGRATION] player_game_tracking.speed: duplicate column name: speed
[MIGRATION] player_game_tracking.distance: duplicate column name: distance
[MIGRATION] player_game_tracking.touches: duplicate column name: touches
[MIGRATION] player_game_tracking.passes: duplicate column name: passes
[MIGRATION] player_game_tracking.bdl_source: duplicate column name: bdl_source
[MIGRATION] player_game_hustle.bdl_source: duplicate column name: bdl_source
   >>> Trends cache loaded: 5568 rows
   >>> Game values cache loaded: 4004 stat-player combinations
   >>> Vs-scheme cache loaded: 11025 scheme-player-stat combinations
   >>> Name map loaded: 549 players

========================================
LUDI INFORMATIO: MODULE C (ORACLE V4.0) LIVE
   >>> Hybrid Engine: Normal (High-Vol) + Poisson (Rare)
   >>> Sim Count: 10000
   >>> Season: 2025-26
========================================
   >>> Shot quality data loaded: 500 players
   >>> Rolling TS% data loaded: 611 players
   >>> Drives context data loaded: 540 players
   >>> Team defense data loaded: 30 teams
   >>> Foul splits loaded: 510 players
   >>> Rotation profiles loaded: 526 players
   >>> Season baselines loaded: 570 players
   >>> Injury return detection: 121 players recently returned

========================================
LUDI INFORMATIO: MODULE D (YAK V3.5) ONLINE
   >>> 15-MIN SYNC | PROBABLE & AVAILABLE ACTIVE
========================================

========================================
LUDI INFORMATIO: MODULE E (CALIBRATOR V7.0) ONLINE
   >>> SECONDARY PLAYTYPE SYSTEM ACTIVE
========================================
[Module E] DB clutch fallback loaded: 30 teams
[Module E] Speed/fatigue data loaded: 399 players
[Module E] Touches data loaded: 593 players
[Module E] Leverage profiles loaded: 30 teams
[Module E] Player leverage usage loaded: 453 players
   [CAL] Synergy cache: 423 players loaded
   [CAL] Tracking cache: 517 players loaded (last 15 games)
   [CAL] TypeProfiles cache: 551 players loaded
   [CAL] DVP by archetype: 240 team-archetype combos loaded
   [CAL] ArchVsDef matrix: 72 matchup combos loaded
   [CAL] B2B splits: 291 players with actual data
   [CAL] Shot quality bulk load: 500 players
[Module E] Offensive styles loaded from cache: 22 teams

========================================
LUDI INFORMATIO: MODULE F (V5.3) ONLINE
   >>> DETERMINISTIC REPORTING | NO SPECULATION
   >>> BET LOGGING ENABLED
========================================
✅ BetLogger initialized (DB: ludi.db, Logs: logs/bets)
✅ Bet logger connected
✅ TagClassifier initialized with synced defensive schemes
✅ Tag classifier connected
✅ Stat confidence cache: 21 entries (20 with live calibration)

========================================
LUDI INFORMATIO: MODULE G (ZEBRAS) V3.0 ONLINE
========================================
   [ZEBRAS] 🔍 Checking today's games in database...
   [ZEBRAS] ✅ Today's games already exist
   [ZEBRAS] 📊 Database: 138 referees loaded

========================================
LUDI INFORMATIO: MODULE X (SCENARIO V3.9) ONLINE
   >>> DYNAMIC ROSTERS | LIVE SCHEMA ACTIVE
========================================
   [ZEBRAS] ✅ Loaded 6 ref crew(s) from crosswalk (skip scrape)

==================================================
   >>> STARTING DAILY SIMULATION CYCLE <<<
   Mode: Production v2.0
==================================================
[DAILY_LOCK] No config file found, running in LIVE mode (all games)
[1] 📡 Fetching Slate & Live Odds...
   [ZEBRAS] ✅ Loaded 6 ref crew(s) from crosswalk (skip scrape)
      📊 ODDS_API: 0 credits remaining

⚠️ WARNING: ODDS_API quota at 100.0% (0 remaining)

❌ Failed to send Solomon Telegram message: 400 Client Error: Bad Request for url: https://api.telegram.org/bot8705920660:AAHfQADXvR9QNqCJE9y9BO-Xhm6AWl-JgN0/sendMessage
   ⚠️  The-Odds-API Failed: 401 Client Error: Unauthorized for url: https://api.the-odds-api.com/v4/sports/basketball_nba/odds?api_key=4282c25bc46eb71789753e8b773beec8&regions=us%2Cus2%2Ceu&markets=h2h%2Cspreads%2Ctotals&oddsFormat=american
   📡 Falling back to BallDontLie for game lines...
   📡 [BDL] Fetching game lines from BallDontLie...
   ✅ [BDL] Found 6 games across 1 date(s)
   ----------------------------------------
   === 2026-03-28 (TONIGHT) ===
   🏀 San Antonio Spurs @ Milwaukee Bucks
      > Time: 03:00 PM ET | Line: 17.5 | Total: 226.5 | Pace: 1.066x | Whistle: 0.979x (100% conf)
   🏀 Detroit Pistons @ Minnesota Timberwolves
      > Time: 05:30 PM ET | Line: 1.5 | Total: 222.5 | Pace: 1.048x | Whistle: 0.956x (100% conf)
   🏀 Philadelphia 76ers @ Charlotte Hornets
      > Time: 06:00 PM ET | Line: -5.5 | Total: 232.5 | Pace: 1.073x | Whistle: 0.998x (100% conf)
   🏀 Sacramento Kings @ Atlanta Hawks
      > Time: 07:30 PM ET | Line: -14.5 | Total: 235.5 | Pace: 1.064x | Whistle: 1.021x (100% conf)
   🏀 Chicago Bulls @ Memphis Grizzlies
      > Time: 08:00 PM ET | Line: 3.5 | Total: 245.5 | Pace: 1.064x | Whistle: 0.979x (100% conf)
   🏀 Utah Jazz @ Phoenix Suns
      > Time: 10:00 PM ET | Line: -16.5 | Total: 230.5 | Pace: 1.063x | Whistle: 0.986x (100% conf)
   ----------------------------------------
   ✅ [BDL] Loaded 6 games with lines
   📡 [BDL] Using BallDontLie for props (fallback mode)...
      > [BDL] Cross-referencing with BallDontLie...
      📊 TANK01: 828 credits remaining
[Module A] Tank01 props loaded: 75 players (6 games), 0 name cross-walk entries
      ✅ [BDL] Retrieved 1176 props
   [BDL] Building player ID cache (one-time)...
   [BDL] Player cache built: 538 players
      [BDL] Accepting single-vendor line for Myles Turner blocks: 0.5 (Tank01 validated or no T01 data)
      [BDL] Accepting single-vendor line for Ryan Rollins blocks: 0.5 (Tank01 validated or no T01 data)
      [BDL] Accepting single-vendor line for Ousmane Dieng blocks: 0.5 (Tank01 validated or no T01 data)
      [BDL] Accepting single-vendor line for De'Aaron Fox blocks: 0.5 (Tank01 validated or no T01 data)
      [BDL] Accepting single-vendor line for Stephon Castle blocks: 0.5 (Tank01 validated or no T01 data)
      [BDL] Accepting single-vendor line for Julian Champagnie blocks: 0.5 (Tank01 validated or no T01 data)
      [BDL] Accepting single-vendor line for Kyle Kuzma blocks: 0.5 (Tank01 validated or no T01 data)
      [BDL] Accepting single-vendor line for Devin Vassell blocks: 0.5 (Tank01 validated or no T01 data)
      [BDL] Accepting single-vendor line for Myles Turner pa: 10.5 (Tank01 validated or no T01 data)
      [BDL] Accepting single-vendor line for Victor Wembanyama pa: 27.5 (Tank01 validated or no T01 data)
      [BDL] Accepting single-vendor line for De'Aaron Fox pa: 20.5 (Tank01 validated or no T01 data)
      [BDL] Accepting single-vendor line for Stephon Castle pa: 22.5 (Tank01 validated or no T01 data)
      [BDL] Accepting single-vendor line for Devin Vassell pa: 14.5 (Tank01 validated or no T01 data)
      [BDL] Accepting single-vendor line for Julian Champagnie pa: 11.5 (Tank01 validated or no T01 data)
      [BDL] Accepting single-vendor line for De'Aaron Fox pr: 18.5 (Tank01 validated or no T01 data)
      [BDL] Accepting single-vendor line for Devin Vassell pr: 15.5 (Tank01 validated or no T01 data)
      [BDL] Accepting single-vendor line for Kyle Kuzma pr: 16.5 (Tank01 validated or no T01 data)
      [BDL] Accepting single-vendor line for Victor Wembanyama pr: 35.5 (Tank01 validated or no T01 data)
      [BDL] Accepting single-vendor line for Myles Turner pra: 15.5 (Tank01 validated or no T01 data)
      [BDL] Accepting single-vendor line for Julian Champagnie pra: 16.5 (Tank01 validated or no T01 data)
      [BDL] Accepting single-vendor line for Keldon Johnson pra: 17.5 (Tank01 validated or no T01 data)
      [BDL] Accepting single-vendor line for Luke Kornet pra: 11.5 (Tank01 validated or no T01 data)
      [BDL] Accepting single-vendor line for Harrison Barnes pra: 11.5 (Tank01 validated or no T01 data)
      [BDL] Accepting single-vendor line for Myles Turner ra: 5.5 (Tank01 validated or no T01 data)
      [BDL] Accepting single-vendor line for Stephon Castle ra: 11.5 (Tank01 validated or no T01 data)
      [BDL] Accepting single-vendor line for Julian Champagnie ra: 6.5 (Tank01 validated or no T01 data)
      [BDL] Accepting single-vendor line for Kyle Kuzma assists: 2.5 (Tank01 validated or no T01 data)
      [BDL] Accepting single-vendor line for Victor Wembanyama steals: 1.5 (Tank01 validated or no T01 data)
      [BDL] Accepting single-vendor line for Ryan Rollins steals: 1.5 (Tank01 validated or no T01 data)
      [BDL] Accepting single-vendor line for Stephon Castle steals: 1.5 (Tank01 validated or no T01 data)
      [BDL] Accepting single-vendor line for De'Aaron Fox steals: 1.5 (Tank01 validated or no T01 data)
      [BDL] Accepting single-vendor line for Keldon Johnson pr: 17.5 (Tank01 validated or no T01 data)
      [BDL] Accepting single-vendor line for Dylan Harper pa: 16.5 (Tank01 validated or no T01 data)
      [BDL] Accepting single-vendor line for Dylan Harper ra: 7.5 (Tank01 validated or no T01 data)
      [BDL] Accepting single-vendor line for Dylan Harper pr: 15.5 (Tank01 validated or no T01 data)
      > [BDL] Cross-referencing with BallDontLie...
      ✅ [BDL] Retrieved 1366 props
      [BDL] Accepting single-vendor line for Joel Embiid blocks: 0.5 (Tank01 validated or no T01 data)
      [BDL] Accepting single-vendor line for Tyrese Maxey blocks: 0.5 (Tank01 validated or no T01 data)
      [BDL] Accepting single-vendor line for Kelly Oubre Jr. blocks: 0.5 (Tank01 validated or no T01 data)
      [BDL] Accepting single-vendor line for Moussa Diabate blocks: 1.5 (Tank01 validated or no T01 data)
      [BDL] Accepting single-vendor line for LaMelo Ball blocks: 0.5 (Tank01 validated or no T01 data)
      [BDL] Accepting single-vendor line for Paul George blocks: 0.5 (Tank01 validated or no T01 data)
      [BDL] Accepting single-vendor line for Brandon Miller blocks: 0.5 (Tank01 validated or no T01 data)
      [BDL] Accepting single-vendor line for Miles Bridges blocks: 0.5 (Tank01 validated or no T01 data)
      [BDL] Accepting single-vendor line for Kon Knueppel blocks: 0.5 (Tank01 validated or no T01 data)
      [BDL] Accepting single-vendor line for VJ Edgecombe blocks: 0.5 (Tank01 validated or no T01 data)
      [BDL] Accepting single-vendor line for Joel Embiid pa: 31.5 (Tank01 validated or no T01 data)
      [BDL] Accepting single-vendor line for Kelly Oubre Jr. pa: 12.5 (Tank01 validated or no T01 data)
      [BDL] Accepting single-vendor line for Moussa Diabate pa: 9.5 (Tank01 validated or no T01 data)
      [BDL] Accepting single-vendor line for LaMelo Ball pa: 28.5 (Tank01 validated or no T01 data)
      [BDL] Accepting single-vendor line for Joel Embiid pr: 34.5 (Tank01 validated or no T01 data)
      [BDL] Accepting single-vendor line for Moussa Diabate pr: 17.5 (Tank01 validated or no T01 data)
      [BDL] Accepting single-vendor line for LaMelo Ball pr: 25.5 (Tank01 validated or no T01 data)
      [BDL] Accepting single-vendor line for Miles Bridges pr: 20.5 (Tank01 validated or no T01 data)
      [BDL] Accepting single-vendor line for VJ Edgecombe pr: 21.5 (Tank01 validated or no T01 data)
      [BDL] Accepting single-vendor line for Kelly Oubre Jr. pra: 17.5 (Tank01 validated or no T01 data)
      [BDL] Accepting single-vendor line for Sion James pra: 9.5 (Tank01 validated or no T01 data)
      [BDL] Accepting single-vendor line for Ryan Kalkbrenner pra: 10.5 (Tank01 validated or no T01 data)
      [BDL] Accepting single-vendor line for Kelly Oubre Jr. ra: 6.5 (Tank01 validated or no T01 data)
      [BDL] Accepting single-vendor line for Moussa Diabate ra: 11.5 (Tank01 validated or no T01 data)
      [BDL] Accepting single-vendor line for LaMelo Ball ra: 12.5 (Tank01 validated or no T01 data)
      [BDL] Accepting single-vendor line for Brandon Miller ra: 9.5 (Tank01 validated or no T01 data)
      [BDL] Accepting single-vendor line for VJ Edgecombe ra: 9.5 (Tank01 validated or no T01 data)
      [BDL] Accepting single-vendor line for Moussa Diabate assists: 2.5 (Tank01 validated or no T01 data)
      [BDL] Accepting single-vendor line for Kelly Oubre Jr. assists: 1.5 (Tank01 validated or no T01 data)
      [BDL] Accepting single-vendor line for Ryan Kalkbrenner blocks: 1.5 (Tank01 validated or no T01 data)
      [BDL] Accepting single-vendor line for Tyrese Maxey steals: 1.5 (Tank01 validated or no T01 data)
      [BDL] Accepting single-vendor line for LaMelo Ball steals: 1.5 (Tank01 validated or no T01 data)
      [BDL] Accepting single-vendor line for Kelly Oubre Jr. steals: 1.5 (Tank01 validated or no T01 data)
      [BDL] Accepting single-vendor line for Coby White pr: 17.5 (Tank01 validated or no T01 data)
      [BDL] Accepting single-vendor line for Coby White ra: 6.5 (Tank01 validated or no T01 data)
      [BDL] Accepting single-vendor line for Coby White pa: 18.5 (Tank01 validated or no T01 data)
      [BDL] Accepting single-vendor line for Dominick Barlow pr: 11.5 (Tank01 validated or no T01 data)
      [BDL] Accepting single-vendor line for Ryan Kalkbrenner pr: 9.5 (Tank01 validated or no T01 data)
      > [BDL] Cross-referencing with BallDontLie...
      ✅ [BDL] Retrieved 954 props
      [BDL] Accepting single-vendor line for Jalen Johnson blocks: 0.5 (Tank01 validated or no T01 data)
      [BDL] Accepting single-vendor line for Dyson Daniels blocks: 0.5 (Tank01 validated or no T01 data)
      [BDL] Accepting single-vendor line for Nique Clifford blocks: 0.5 (Tank01 validated or no T01 data)
      [BDL] Accepting single-vendor line for DeMar DeRozan blocks: 0.5 (Tank01 validated or no T01 data)
      [BDL] Accepting single-vendor line for CJ McCollum blocks: 0.5 (Tank01 validated or no T01 data)
      [BDL] Accepting single-vendor line for Nickeil Alexander-Walker blocks: 0.5 (Tank01 validated or no T01 data)
      [BDL] Accepting single-vendor line for Maxime Raynaud blocks: 0.5 (Tank01 validated or no T01 data)
      [BDL] Accepting single-vendor line for Precious Achiuwa blocks: 0.5 (Tank01 validated or no T01 data)
      [BDL] Accepting single-vendor line for Devin Carter blocks: 0.5 (Tank01 validated or no T01 data)
      [BDL] Accepting single-vendor line for Maxime Raynaud pa: 17.5 (Tank01 validated or no T01 data)
      [BDL] Accepting single-vendor line for Nique Clifford pa: 14.5 (Tank01 validated or no T01 data)
      [BDL] Accepting single-vendor line for Precious Achiuwa pa: 14.5 (Tank01 validated or no T01 data)
      [BDL] Accepting single-vendor line for Nickeil Alexander-Walker pa: 25.5 (Tank01 validated or no T01 data)
      [BDL] Accepting single-vendor line for Jalen Johnson pa: 34.5 (Tank01 validated or no T01 data)
      [BDL] Accepting single-vendor line for CJ McCollum pa: 24.5 (Tank01 validated or no T01 data)
      [BDL] Accepting single-vendor line for Precious Achiuwa pr: 20.5 (Tank01 validated or no T01 data)
      [BDL] Accepting single-vendor line for DeMar DeRozan pr: 19.5 (Tank01 validated or no T01 data)
      [BDL] Accepting single-vendor line for Devin Carter pr: 17.5 (Tank01 validated or no T01 data)
      [BDL] Accepting single-vendor line for Nickeil Alexander-Walker pr: 25.5 (Tank01 validated or no T01 data)
      [BDL] Accepting single-vendor line for CJ McCollum pr: 23.5 (Tank01 validated or no T01 data)
      [BDL] Accepting single-vendor line for Jalen Johnson pr: 36.5 (Tank01 validated or no T01 data)
      [BDL] Accepting single-vendor line for Dylan Cardwell pra: 13.5 (Tank01 validated or no T01 data)
      [BDL] Accepting single-vendor line for Precious Achiuwa pra: 22.5 (Tank01 validated or no T01 data)
      [BDL] Accepting single-vendor line for Nickeil Alexander-Walker pra: 29.5 (Tank01 validated or no T01 data)
      [BDL] Accepting single-vendor line for Maxime Raynaud pra: 27.5 (Tank01 validated or no T01 data)
      [BDL] Accepting single-vendor line for CJ McCollum pra: 28.5 (Tank01 validated or no T01 data)
      [BDL] Accepting single-vendor line for Jalen Johnson pra: 45.5 (Tank01 validated or no T01 data)
      [BDL] Accepting single-vendor line for Maxime Raynaud ra: 11.5 (Tank01 validated or no T01 data)
      [BDL] Accepting single-vendor line for Precious Achiuwa ra: 9.5 (Tank01 validated or no T01 data)
      [BDL] Accepting single-vendor line for Devin Carter ra: 8.5 (Tank01 validated or no T01 data)
      [BDL] Accepting single-vendor line for Jalen Johnson ra: 19.5 (Tank01 validated or no T01 data)
      [BDL] Accepting single-vendor line for Jalen Johnson points: 24.5 (Tank01 validated or no T01 data)
      [BDL] Accepting single-vendor line for Nickeil Alexander-Walker steals: 1.5 (Tank01 validated or no T01 data)
      [BDL] Accepting single-vendor line for Devin Carter steals: 1.5 (Tank01 validated or no T01 data)
      [BDL] Accepting single-vendor line for Dylan Cardwell pr: 11.5 (Tank01 validated or no T01 data)
      [BDL] Accepting single-vendor line for Malik Monk ra: 7.5 (Tank01 validated or no T01 data)
      [BDL] Accepting single-vendor line for Malik Monk pa: 20.5 (Tank01 validated or no T01 data)
      [BDL] Accepting single-vendor line for Malik Monk pr: 18.5 (Tank01 validated or no T01 data)
      > [BDL] Cross-referencing with BallDontLie...
      ✅ [BDL] Retrieved 985 props
      [BDL] Accepting single-vendor line for Ty Jerome blocks: 0.5 (Tank01 validated or no T01 data)
      [BDL] Accepting single-vendor line for Josh Giddey blocks: 0.5 (Tank01 validated or no T01 data)
      [BDL] Accepting single-vendor line for Taylor Hendricks blocks: 0.5 (Tank01 validated or no T01 data)
      [BDL] Accepting single-vendor line for Cedric Coward blocks: 0.5 (Tank01 validated or no T01 data)
      [BDL] Accepting single-vendor line for Olivier-Maxence Prosper blocks: 0.5 (Tank01 validated or no T01 data)
      [BDL] Accepting single-vendor line for Tre Jones blocks: 0.5 (Tank01 validated or no T01 data)
      [BDL] Accepting single-vendor line for GG Jackson blocks: 0.5 (Tank01 validated or no T01 data)
      [BDL] Accepting single-vendor line for Matas Buzelis blocks: 1.5 (Tank01 validated or no T01 data)
      [BDL] Accepting single-vendor line for Isaac Okoro blocks: 0.5 (Tank01 validated or no T01 data)
      [BDL] Accepting single-vendor line for Guerschon Yabusele blocks: 0.5 (Tank01 validated or no T01 data)
      [BDL] Accepting single-vendor line for Taylor Hendricks pa: 12.5 (Tank01 validated or no T01 data)
      [BDL] Accepting single-vendor line for Cedric Coward pa: 14.5 (Tank01 validated or no T01 data)
      [BDL] Accepting single-vendor line for Olivier-Maxence Prosper pa: 15.5 (Tank01 validated or no T01 data)
      [BDL] Accepting single-vendor line for GG Jackson pa: 19.5 (Tank01 validated or no T01 data)
      [BDL] Accepting single-vendor line for Isaac Okoro pa: 12.5 (Tank01 validated or no T01 data)
      [BDL] Accepting single-vendor line for Guerschon Yabusele pa: 10.5 (Tank01 validated or no T01 data)
      [BDL] Accepting single-vendor line for Ty Jerome pa: 25.5 (Tank01 validated or no T01 data)
      [BDL] Accepting single-vendor line for Ty Jerome pr: 23.5 (Tank01 validated or no T01 data)
      [BDL] Accepting single-vendor line for Taylor Hendricks pr: 17.5 (Tank01 validated or no T01 data)
      [BDL] Accepting single-vendor line for Cedric Coward pr: 17.5 (Tank01 validated or no T01 data)
      [BDL] Accepting single-vendor line for Olivier-Maxence Prosper pr: 19.5 (Tank01 validated or no T01 data)
      [BDL] Accepting single-vendor line for GG Jackson pr: 23.5 (Tank01 validated or no T01 data)
      [BDL] Accepting single-vendor line for Isaac Okoro pr: 14.5 (Tank01 validated or no T01 data)
      [BDL] Accepting single-vendor line for Matas Buzelis pr: 27.5 (Tank01 validated or no T01 data)
      [BDL] Accepting single-vendor line for Taylor Hendricks pra: 18.5 (Tank01 validated or no T01 data)
      [BDL] Accepting single-vendor line for Olivier-Maxence Prosper pra: 20.5 (Tank01 validated or no T01 data)
      [BDL] Accepting single-vendor line for GG Jackson pra: 25.5 (Tank01 validated or no T01 data)
      [BDL] Accepting single-vendor line for Cedric Coward pra: 19.5 (Tank01 validated or no T01 data)
      [BDL] Accepting single-vendor line for Guerschon Yabusele pra: 16.5 (Tank01 validated or no T01 data)
      [BDL] Accepting single-vendor line for Isaac Okoro pra: 15.5 (Tank01 validated or no T01 data)
      [BDL] Accepting single-vendor line for Ty Jerome ra: 8.5 (Tank01 validated or no T01 data)
      [BDL] Accepting single-vendor line for Josh Giddey ra: 20.5 (Tank01 validated or no T01 data)
      [BDL] Accepting single-vendor line for Taylor Hendricks ra: 6.5 (Tank01 validated or no T01 data)
      [BDL] Accepting single-vendor line for Cedric Coward ra: 7.5 (Tank01 validated or no T01 data)
      [BDL] Accepting single-vendor line for Olivier-Maxence Prosper ra: 6.5 (Tank01 validated or no T01 data)
      [BDL] Accepting single-vendor line for Tre Jones ra: 9.5 (Tank01 validated or no T01 data)
      [BDL] Accepting single-vendor line for GG Jackson ra: 7.5 (Tank01 validated or no T01 data)
      [BDL] Accepting single-vendor line for Isaac Okoro ra: 4.5 (Tank01 validated or no T01 data)
      [BDL] Accepting single-vendor line for Guerschon Yabusele ra: 7.5 (Tank01 validated or no T01 data)
      [BDL] Accepting single-vendor line for Josh Giddey steals: 1.5 (Tank01 validated or no T01 data)
      > [BDL] Cross-referencing with BallDontLie...
      ✅ [BDL] Retrieved 1058 props
      [BDL] Accepting single-vendor line for Ausar Thompson blocks: 0.5 (Tank01 validated or no T01 data)
      [BDL] Accepting single-vendor line for Jalen Duren blocks: 0.5 (Tank01 validated or no T01 data)
      [BDL] Accepting single-vendor line for Julius Randle blocks: 0.5 (Tank01 validated or no T01 data)
      [BDL] Accepting single-vendor line for Tobias Harris blocks: 0.5 (Tank01 validated or no T01 data)
      [BDL] Accepting single-vendor line for Daniss Jenkins blocks: 0.5 (Tank01 validated or no T01 data)
      [BDL] Accepting single-vendor line for Donte DiVincenzo blocks: 0.5 (Tank01 validated or no T01 data)
      [BDL] Accepting single-vendor line for Duncan Robinson blocks: 0.5 (Tank01 validated or no T01 data)
      [BDL] Accepting single-vendor line for Jalen Duren pa: 24.5 (Tank01 validated or no T01 data)
      [BDL] Accepting single-vendor line for Rudy Gobert pa: 14.5 (Tank01 validated or no T01 data)
      [BDL] Accepting single-vendor line for Tobias Harris pa: 16.5 (Tank01 validated or no T01 data)
      [BDL] Accepting single-vendor line for Daniss Jenkins pa: 22.5 (Tank01 validated or no T01 data)
      [BDL] Accepting single-vendor line for Duncan Robinson pr: 13.5 (Tank01 validated or no T01 data)
      [BDL] Accepting single-vendor line for Daniss Jenkins pr: 18.5 (Tank01 validated or no T01 data)
      [BDL] Accepting single-vendor line for Tobias Harris pr: 18.5 (Tank01 validated or no T01 data)
      [BDL] Accepting single-vendor line for Jalen Duren pr: 32.5 (Tank01 validated or no T01 data)
      [BDL] Accepting single-vendor line for Jalen Duren pra: 35.5 (Tank01 validated or no T01 data)
      [BDL] Accepting single-vendor line for Rudy Gobert pra: 26.5 (Tank01 validated or no T01 data)
      [BDL] Accepting single-vendor line for Naz Reid pra: 24.5 (Tank01 validated or no T01 data)
      [BDL] Accepting single-vendor line for Nah'Shon Hyland pra: 22.5 (Tank01 validated or no T01 data)
      [BDL] Accepting single-vendor line for Ausar Thompson ra: 7.5 (Tank01 validated or no T01 data)
      [BDL] Accepting single-vendor line for Jalen Duren ra: 12.5 (Tank01 validated or no T01 data)
      [BDL] Accepting single-vendor line for Duncan Robinson ra: 5.5 (Tank01 validated or no T01 data)
      [BDL] Accepting single-vendor line for Rudy Gobert ra: 13.5 (Tank01 validated or no T01 data)
      [BDL] Accepting single-vendor line for Daniss Jenkins ra: 9.5 (Tank01 validated or no T01 data)
      [BDL] Accepting single-vendor line for Tobias Harris ra: 7.5 (Tank01 validated or no T01 data)
      [BDL] Accepting single-vendor line for Duncan Robinson assists: 2.5 (Tank01 validated or no T01 data)
      [BDL] Accepting single-vendor line for Ausar Thompson steals: 1.5 (Tank01 validated or no T01 data)
      [BDL] Accepting single-vendor line for Daniss Jenkins steals: 1.5 (Tank01 validated or no T01 data)
      [BDL] Accepting single-vendor line for Donte DiVincenzo steals: 1.5 (Tank01 validated or no T01 data)
      [BDL] Accepting single-vendor line for Julius Randle steals: 1.5 (Tank01 validated or no T01 data)
      [BDL] Accepting single-vendor line for Nah'Shon Hyland pa: 19.5 (Tank01 validated or no T01 data)
      [BDL] Accepting single-vendor line for Kyle Anderson pr: 11.5 (Tank01 validated or no T01 data)
      [BDL] Accepting single-vendor line for Naz Reid pr: 22.5 (Tank01 validated or no T01 data)
      > [BDL] Cross-referencing with BallDontLie...
      ✅ [BDL] Retrieved 1109 props
      [BDL] Accepting single-vendor line for Kyle Filipowski blocks: 0.5 (Tank01 validated or no T01 data)
      [BDL] Accepting single-vendor line for Cody Williams blocks: 0.5 (Tank01 validated or no T01 data)
      [BDL] Accepting single-vendor line for Oso Ighodaro blocks: 0.5 (Tank01 validated or no T01 data)
      [BDL] Accepting single-vendor line for Royce O'Neale blocks: 0.5 (Tank01 validated or no T01 data)
      [BDL] Accepting single-vendor line for Collin Gillespie blocks: 0.5 (Tank01 validated or no T01 data)
      [BDL] Accepting single-vendor line for Brice Sensabaugh blocks: 0.5 (Tank01 validated or no T01 data)
      [BDL] Accepting single-vendor line for Airious Bailey blocks: 0.5 (Tank01 validated or no T01 data)
      [BDL] Accepting single-vendor line for Devin Booker blocks: 0.5 (Tank01 validated or no T01 data)
      [BDL] Accepting single-vendor line for Jalen Green blocks: 0.5 (Tank01 validated or no T01 data)
      [BDL] Accepting single-vendor line for Royce O'Neale pa: 11.5 (Tank01 validated or no T01 data)
      [BDL] Accepting single-vendor line for Brice Sensabaugh pa: 22.5 (Tank01 validated or no T01 data)
      [BDL] Accepting single-vendor line for Jalen Green pa: 24.5 (Tank01 validated or no T01 data)
      [BDL] Accepting single-vendor line for Airious Bailey pa: 20.5 (Tank01 validated or no T01 data)
      [BDL] Accepting single-vendor line for Cody Williams pa: 17.5 (Tank01 validated or no T01 data)
      [BDL] Accepting single-vendor line for Devin Booker pr: 30.5 (Tank01 validated or no T01 data)
      [BDL] Accepting single-vendor line for Jalen Green pr: 25.5 (Tank01 validated or no T01 data)
      [BDL] Accepting single-vendor line for Airious Bailey pr: 23.5 (Tank01 validated or no T01 data)
      [BDL] Accepting single-vendor line for Cody Williams pr: 18.5 (Tank01 validated or no T01 data)
      [BDL] Accepting single-vendor line for Royce O'Neale pra: 16.5 (Tank01 validated or no T01 data)
      [BDL] Accepting single-vendor line for Brice Sensabaugh pra: 26.5 (Tank01 validated or no T01 data)
      [BDL] Accepting single-vendor line for Airious Bailey pra: 25.5 (Tank01 validated or no T01 data)
      [BDL] Accepting single-vendor line for Royce O'Neale ra: 7.5 (Tank01 validated or no T01 data)
      [BDL] Accepting single-vendor line for Airious Bailey ra: 6.5 (Tank01 validated or no T01 data)
      [BDL] Accepting single-vendor line for Jalen Green ra: 8.5 (Tank01 validated or no T01 data)
      [BDL] Accepting single-vendor line for Brice Sensabaugh ra: 5.5 (Tank01 validated or no T01 data)
      [BDL] Accepting single-vendor line for Oso Ighodaro steals: 1.5 (Tank01 validated or no T01 data)
      [BDL] Accepting single-vendor line for Jalen Green steals: 1.5 (Tank01 validated or no T01 data)
      [BDL] Accepting single-vendor line for Jordan Goodwin pa: 10.5 (Tank01 validated or no T01 data)
      [BDL] Accepting single-vendor line for Grayson Allen pr: 17.5 (Tank01 validated or no T01 data)
      [BDL] Accepting single-vendor line for Grayson Allen ra: 5.5 (Tank01 validated or no T01 data)
      [BDL] Accepting single-vendor line for Grayson Allen pa: 18.5 (Tank01 validated or no T01 data)
      [BDL] Accepting single-vendor line for Oso Ighodaro pr: 15.5 (Tank01 validated or no T01 data)
      [BDL] Accepting single-vendor line for Jordan Goodwin ra: 7.5 (Tank01 validated or no T01 data)
      [BDL] Accepting single-vendor line for Jordan Goodwin pr: 13.5 (Tank01 validated or no T01 data)
✅ Props loaded.
   💾 Games cache written: daily_games_2026-03-28.json (6 games)
   >>> Opening lines snapshotted: 9 rows
[step 3] Building Scenarios & Rosters...
   > Processing San Antonio Spurs @ Milwaukee Bucks...
[ROSTER] Tier 1.5 (freshly traded): Alex Antetokounmpo → MIL (pre-trade stats from UNK)
[ROSTER] Tier 2 (recently returned): Myles Turner (MIL)
[ROSTER] Tier 2 (recently returned): Bobby Portis (MIL)
[INJURY-TIER3] Domantas Sabonis (SAC) — 187d out, skipped
[INJURY-TIER3] Fred VanVleet (HOU) — 65d out, skipped
[INJURY-TIER3] Zach Collins (CHI) — 187d out, skipped
[INJURY-TIER3] Ja Morant (MEM) — 187d out, skipped
[INJURY-TIER3] Brandon Clarke (MEM) — 187d out, skipped
[INJURY-TIER3] Tyrese Haliburton (IND) — 187d out, skipped
[INJURY-TIER3] Walker Kessler (UTA) — 187d out, skipped
[INJURY-TIER3] Cam Whitmore (WAS) — 187d out, skipped
[INJURY-TIER3] Dereck Lively II (DAL) — 187d out, skipped
[INJURY-TIER3] Zach Edey (MEM) — 187d out, skipped
[INJURY-TIER3] Noa Essengue (CHI) — 187d out, skipped
[INJURY-TIER3] Chris Youngblood (OKC) — 354d out, skipped
[INJURY-TIER3] Jimmy Butler III (GSW) — 248d out, skipped
[INJURY-TIER3] Bradley Beal (LAC) — 187d out, skipped
[INJURY-TIER3] Steven Adams (HOU) — 187d out, skipped
[INJURY-TIER3] Kyrie Irving (DAL) — 187d out, skipped
[INJURY-TIER3] Damian Lillard (POR) — 187d out, skipped
[ROSTER] Tier 1.5 (freshly traded): Bismack Biyombo → SAS (pre-trade stats from SA)
[ROSTER] Tier 2 (recently returned): De'Aaron Fox (SA)
[ROSTER] Tier 2 (recently returned): Luke Kornet (SA)
[ROSTER] Tier 2 (recently returned): Devin Vassell (SA)
[ROSTER] Tier 2 (recently returned): Victor Wembanyama (SA)
[ROSTER] Tier 2 (recently returned): Stephon Castle (SA)
[INJURY-TIER3] Domantas Sabonis (SAC) — 187d out, skipped
[INJURY-TIER3] Fred VanVleet (HOU) — 65d out, skipped
[INJURY-TIER3] Zach Collins (CHI) — 187d out, skipped
[INJURY-TIER3] Ja Morant (MEM) — 187d out, skipped
[INJURY-TIER3] Brandon Clarke (MEM) — 187d out, skipped
[INJURY-TIER3] Tyrese Haliburton (IND) — 187d out, skipped
[INJURY-TIER3] Walker Kessler (UTA) — 187d out, skipped
[INJURY-TIER3] Cam Whitmore (WAS) — 187d out, skipped
[INJURY-TIER3] Dereck Lively II (DAL) — 187d out, skipped
[INJURY-TIER3] Zach Edey (MEM) — 187d out, skipped
[INJURY-TIER3] Noa Essengue (CHI) — 187d out, skipped
[INJURY-TIER3] Chris Youngblood (OKC) — 354d out, skipped
[INJURY-TIER3] Jimmy Butler III (GSW) — 248d out, skipped
[INJURY-TIER3] Bradley Beal (LAC) — 187d out, skipped
[INJURY-TIER3] Steven Adams (HOU) — 187d out, skipped
[INJURY-TIER3] Kyrie Irving (DAL) — 187d out, skipped
[INJURY-TIER3] Damian Lillard (POR) — 187d out, skipped
      📊 TANK01: 827 credits remaining
   [YAK] 📋 Heartbeat: NBA Official Feed Synced (Tank01).
      ↳ Generated 1 scenarios
   > Processing Philadelphia 76ers @ Charlotte Hornets...
[ROSTER] Tier 2 (recently returned): Pat Connaughton (CHA)
[ROSTER] Tier 2 (recently returned): Kon Knueppel (CHA)
[INJURY-TIER3] Domantas Sabonis (SAC) — 187d out, skipped
[INJURY-TIER3] Fred VanVleet (HOU) — 65d out, skipped
[INJURY-TIER3] Zach Collins (CHI) — 187d out, skipped
[INJURY-TIER3] Ja Morant (MEM) — 187d out, skipped
[INJURY-TIER3] Brandon Clarke (MEM) — 187d out, skipped
[INJURY-TIER3] Tyrese Haliburton (IND) — 187d out, skipped
[INJURY-TIER3] Walker Kessler (UTA) — 187d out, skipped
[INJURY-TIER3] Cam Whitmore (WAS) — 187d out, skipped
[INJURY-TIER3] Dereck Lively II (DAL) — 187d out, skipped
[INJURY-TIER3] Zach Edey (MEM) — 187d out, skipped
[INJURY-TIER3] Noa Essengue (CHI) — 187d out, skipped
[INJURY-TIER3] Chris Youngblood (OKC) — 354d out, skipped
[INJURY-TIER3] Jimmy Butler III (GSW) — 248d out, skipped
[INJURY-TIER3] Bradley Beal (LAC) — 187d out, skipped
[INJURY-TIER3] Steven Adams (HOU) — 187d out, skipped
[INJURY-TIER3] Kyrie Irving (DAL) — 187d out, skipped
[INJURY-TIER3] Damian Lillard (POR) — 187d out, skipped
[ROSTER] Tier 1.5 (freshly traded): Johni Broome → PHI (pre-trade stats from UNK)
[ROSTER] Tier 1.5 (freshly traded): Charles Bassey → PHI (pre-trade stats from BOS)
[ROSTER] Tier 2 (recently returned): Quentin Grimes (PHI)
[ROSTER] Tier 2 (recently returned): Dom Barlow (PHI)
[ROSTER] Tier 2 (recently returned): Paul George (PHI)
[ROSTER] Tier 2 (recently returned): Joel Embiid (PHI)
[INJURY-TIER3] Domantas Sabonis (SAC) — 187d out, skipped
[INJURY-TIER3] Fred VanVleet (HOU) — 65d out, skipped
[INJURY-TIER3] Zach Collins (CHI) — 187d out, skipped
[INJURY-TIER3] Ja Morant (MEM) — 187d out, skipped
[INJURY-TIER3] Brandon Clarke (MEM) — 187d out, skipped
[INJURY-TIER3] Tyrese Haliburton (IND) — 187d out, skipped
[INJURY-TIER3] Walker Kessler (UTA) — 187d out, skipped
[INJURY-TIER3] Cam Whitmore (WAS) — 187d out, skipped
[INJURY-TIER3] Dereck Lively II (DAL) — 187d out, skipped
[INJURY-TIER3] Zach Edey (MEM) — 187d out, skipped
[INJURY-TIER3] Noa Essengue (CHI) — 187d out, skipped
[INJURY-TIER3] Chris Youngblood (OKC) — 354d out, skipped
[INJURY-TIER3] Jimmy Butler III (GSW) — 248d out, skipped
[INJURY-TIER3] Bradley Beal (LAC) — 187d out, skipped
[INJURY-TIER3] Steven Adams (HOU) — 187d out, skipped
[INJURY-TIER3] Kyrie Irving (DAL) — 187d out, skipped
[INJURY-TIER3] Damian Lillard (POR) — 187d out, skipped
      ↳ Generated 1 scenarios
   > Processing Sacramento Kings @ Atlanta Hawks...
[ROSTER] Tier 2 (recently returned): Jock Landale (ATL)
[ROSTER] Tier 2 (recently returned): Jonathan Kuminga (ATL)
[ROSTER] Tier 2 (recently returned): Jalen Johnson (ATL)[LUDI-CORE] ProjectionLogger initialized (DB: /Users/flyprice/actions-runner/_work/Ludi-Bot/Ludi-Bot/ludi.db)
[LUDI-CORE] [ProjectionLogger] Inserted 104 projection rows
[LUDI-CORE] [ProjectionLogger] Inserted 96 projection rows
[LUDI-CORE] [ProjectionLogger] Inserted 80 projection rows
[LUDI-CORE] [ProjectionLogger] Inserted 72 projection rows
[LUDI-CORE] [ProjectionLogger] Inserted 80 projection rows
[LUDI-CORE] [ProjectionLogger] Inserted 80 projection rows

[INJURY-TIER3] Domantas Sabonis (SAC) — 187d out, skipped
[INJURY-TIER3] Fred VanVleet (HOU) — 65d out, skipped
[INJURY-TIER3] Zach Collins (CHI) — 187d out, skipped
[INJURY-TIER3] Ja Morant (MEM) — 187d out, skipped
[INJURY-TIER3] Brandon Clarke (MEM) — 187d out, skipped
[INJURY-TIER3] Tyrese Haliburton (IND) — 187d out, skipped
[INJURY-TIER3] Walker Kessler (UTA) — 187d out, skipped
[INJURY-TIER3] Cam Whitmore (WAS) — 187d out, skipped
[INJURY-TIER3] Dereck Lively II (DAL) — 187d out, skipped
[INJURY-TIER3] Zach Edey (MEM) — 187d out, skipped
[INJURY-TIER3] Noa Essengue (CHI) — 187d out, skipped
[INJURY-TIER3] Chris Youngblood (OKC) — 354d out, skipped
[INJURY-TIER3] Jimmy Butler III (GSW) — 248d out, skipped
[INJURY-TIER3] Bradley Beal (LAC) — 187d out, skipped
[INJURY-TIER3] Steven Adams (HOU) — 187d out, skipped
[INJURY-TIER3] Kyrie Irving (DAL) — 187d out, skipped
[INJURY-TIER3] Damian Lillard (POR) — 187d out, skipped
[ROSTER] Tier 2 (recently returned): Malik Monk (SAC)
[ROSTER] Tier 2 (recently returned): Precious Achiuwa (SAC)
[ROSTER] Tier 2 (recently returned): Daeqwon Plowden (SAC)
[ROSTER] Tier 2 (recently returned): Devin Carter (SAC)
[INJURY-TIER3] Domantas Sabonis (SAC) — 187d out, skipped
[INJURY-TIER3] Fred VanVleet (HOU) — 65d out, skipped
[INJURY-TIER3] Zach Collins (CHI) — 187d out, skipped
[INJURY-TIER3] Ja Morant (MEM) — 187d out, skipped
[INJURY-TIER3] Brandon Clarke (MEM) — 187d out, skipped
[INJURY-TIER3] Tyrese Haliburton (IND) — 187d out, skipped
[INJURY-TIER3] Walker Kessler (UTA) — 187d out, skipped
[INJURY-TIER3] Cam Whitmore (WAS) — 187d out, skipped
[INJURY-TIER3] Dereck Lively II (DAL) — 187d out, skipped
[INJURY-TIER3] Zach Edey (MEM) — 187d out, skipped
[INJURY-TIER3] Noa Essengue (CHI) — 187d out, skipped
[INJURY-TIER3] Chris Youngblood (OKC) — 354d out, skipped
[INJURY-TIER3] Jimmy Butler III (GSW) — 248d out, skipped
[INJURY-TIER3] Bradley Beal (LAC) — 187d out, skipped
[INJURY-TIER3] Steven Adams (HOU) — 187d out, skipped
[INJURY-TIER3] Kyrie Irving (DAL) — 187d out, skipped
[INJURY-TIER3] Damian Lillard (POR) — 187d out, skipped
      ↳ Generated 1 scenarios
   > Processing Chicago Bulls @ Memphis Grizzlies...
[ROSTER] Tier 1.5 (freshly traded): Santi Aldama → MEM (pre-trade stats from UNK)
[ROSTER] Tier 1.5 (freshly traded): Ja Morant → MEM (pre-trade stats from UNK)
[ROSTER] Tier 1.5 (freshly traded): Kentavious Caldwell-Pope → MEM (pre-trade stats from UNK)
[ROSTER] Tier 1.5 (freshly traded): Kyle Anderson → MEM (pre-trade stats from MIN)
[ROSTER] Tier 1.5 (freshly traded): Zach Edey → MEM (pre-trade stats from UNK)
[ROSTER] Tier 1.5 (freshly traded): Brandon Clarke → MEM (pre-trade stats from UNK)
[ROSTER] Tier 2 (recently returned): Ty Jerome (MEM)
[ROSTER] Tier 2 (recently returned): Rayan Rupert (MEM)
[ROSTER] Tier 2 (recently returned): GG Jackson (UNK)
[ROSTER] Tier 2 (recently returned): Cam Spencer (MEM)
[ROSTER] Tier 2 (recently returned): Cedric Coward (MEM)
[ROSTER] Tier 2 (recently returned): Javon Small (MEM)
[INJURY-TIER3] Domantas Sabonis (SAC) — 187d out, skipped
[INJURY-TIER3] Fred VanVleet (HOU) — 65d out, skipped
[INJURY-TIER3] Zach Collins (CHI) — 187d out, skipped
[INJURY-TIER3] Ja Morant (MEM) — 187d out, skipped
[INJURY-TIER3] Brandon Clarke (MEM) — 187d out, skipped
[INJURY-TIER3] Tyrese Haliburton (IND) — 187d out, skipped
[INJURY-TIER3] Walker Kessler (UTA) — 187d out, skipped
[INJURY-TIER3] Cam Whitmore (WAS) — 187d out, skipped
[INJURY-TIER3] Dereck Lively II (DAL) — 187d out, skipped
[INJURY-TIER3] Zach Edey (MEM) — 187d out, skipped
[INJURY-TIER3] Noa Essengue (CHI) — 187d out, skipped
[INJURY-TIER3] Chris Youngblood (OKC) — 354d out, skipped
[INJURY-TIER3] Jimmy Butler III (GSW) — 248d out, skipped
[INJURY-TIER3] Bradley Beal (LAC) — 187d out, skipped
[INJURY-TIER3] Steven Adams (HOU) — 187d out, skipped
[INJURY-TIER3] Kyrie Irving (DAL) — 187d out, skipped
[INJURY-TIER3] Damian Lillard (POR) — 187d out, skipped
[ROSTER] Tier 2 (recently returned): Guerschon Yabusele (CHI)
[ROSTER] Tier 2 (recently returned): Isaac Okoro (CHI)
[ROSTER] Tier 2 (recently returned): Nick Richards (CHI)
[ROSTER] Tier 2 (recently returned): Rob Dillingham (CHI)
[INJURY-TIER3] Domantas Sabonis (SAC) — 187d out, skipped
[INJURY-TIER3] Fred VanVleet (HOU) — 65d out, skipped
[INJURY-TIER3] Zach Collins (CHI) — 187d out, skipped
[INJURY-TIER3] Ja Morant (MEM) — 187d out, skipped
[INJURY-TIER3] Brandon Clarke (MEM) — 187d out, skipped
[INJURY-TIER3] Tyrese Haliburton (IND) — 187d out, skipped
[INJURY-TIER3] Walker Kessler (UTA) — 187d out, skipped
[INJURY-TIER3] Cam Whitmore (WAS) — 187d out, skipped
[INJURY-TIER3] Dereck Lively II (DAL) — 187d out, skipped
[INJURY-TIER3] Zach Edey (MEM) — 187d out, skipped
[INJURY-TIER3] Noa Essengue (CHI) — 187d out, skipped
[INJURY-TIER3] Chris Youngblood (OKC) — 354d out, skipped
[INJURY-TIER3] Jimmy Butler III (GSW) — 248d out, skipped
[INJURY-TIER3] Bradley Beal (LAC) — 187d out, skipped
[INJURY-TIER3] Steven Adams (HOU) — 187d out, skipped
[INJURY-TIER3] Kyrie Irving (DAL) — 187d out, skipped
[INJURY-TIER3] Damian Lillard (POR) — 187d out, skipped
      ↳ Generated 1 scenarios
   > Processing Detroit Pistons @ Minnesota Timberwolves...
[ROSTER] Tier 1.5 (freshly traded): Enrique Freeman → MIN (pre-trade stats from UNK)
[ROSTER] Tier 2 (recently returned): Naz Reid (MIN)
[ROSTER] Tier 2 (recently returned): Jaden McDaniels (MIN)
[INJURY-TIER3] Domantas Sabonis (SAC) — 187d out, skipped
[INJURY-TIER3] Fred VanVleet (HOU) — 65d out, skipped
[INJURY-TIER3] Zach Collins (CHI) — 187d out, skipped
[INJURY-TIER3] Ja Morant (MEM) — 187d out, skipped
[INJURY-TIER3] Brandon Clarke (MEM) — 187d out, skipped
[INJURY-TIER3] Tyrese Haliburton (IND) — 187d out, skipped
[INJURY-TIER3] Walker Kessler (UTA) — 187d out, skipped
[INJURY-TIER3] Cam Whitmore (WAS) — 187d out, skipped
[INJURY-TIER3] Dereck Lively II (DAL) — 187d out, skipped
[INJURY-TIER3] Zach Edey (MEM) — 187d out, skipped
[INJURY-TIER3] Noa Essengue (CHI) — 187d out, skipped
[INJURY-TIER3] Chris Youngblood (OKC) — 354d out, skipped
[INJURY-TIER3] Jimmy Butler III (GSW) — 248d out, skipped
[INJURY-TIER3] Bradley Beal (LAC) — 187d out, skipped
[INJURY-TIER3] Steven Adams (HOU) — 187d out, skipped
[INJURY-TIER3] Kyrie Irving (DAL) — 187d out, skipped
[INJURY-TIER3] Damian Lillard (POR) — 187d out, skipped
[ROSTER] Tier 1.5 (freshly traded): Wendell Moore Jr. → DET (pre-trade stats from UNK)
[ROSTER] Tier 2 (recently returned): Caris LeVert (DET)
[ROSTER] Tier 2 (recently returned): Kevin Huerter (DET)
[ROSTER] Tier 2 (recently returned): Duncan Robinson (DET)
[ROSTER] Tier 2 (recently returned): Javonte Green (DET)
[ROSTER] Tier 2 (recently returned): Jalen Duren (DET)
[ROSTER] Tier 2 (recently returned): Marcus Sasser (DET)
[ROSTER] Tier 2 (recently returned): Ausar Thompson (DET)
[ROSTER] Tier 2 (recently returned): Bobi Klintman (DET)
[ROSTER] Tier 2 (recently returned): Tobias Harris (DET)
[INJURY-TIER3] Domantas Sabonis (SAC) — 187d out, skipped
[INJURY-TIER3] Fred VanVleet (HOU) — 65d out, skipped
[INJURY-TIER3] Zach Collins (CHI) — 187d out, skipped
[INJURY-TIER3] Ja Morant (MEM) — 187d out, skipped
[INJURY-TIER3] Brandon Clarke (MEM) — 187d out, skipped
[INJURY-TIER3] Tyrese Haliburton (IND) — 187d out, skipped
[INJURY-TIER3] Walker Kessler (UTA) — 187d out, skipped
[INJURY-TIER3] Cam Whitmore (WAS) — 187d out, skipped
[INJURY-TIER3] Dereck Lively II (DAL) — 187d out, skipped
[INJURY-TIER3] Zach Edey (MEM) — 187d out, skipped
[INJURY-TIER3] Noa Essengue (CHI) — 187d out, skipped
[INJURY-TIER3] Chris Youngblood (OKC) — 354d out, skipped
[INJURY-TIER3] Jimmy Butler III (GSW) — 248d out, skipped
[INJURY-TIER3] Bradley Beal (LAC) — 187d out, skipped
[INJURY-TIER3] Steven Adams (HOU) — 187d out, skipped
[INJURY-TIER3] Kyrie Irving (DAL) — 187d out, skipped
[INJURY-TIER3] Damian Lillard (POR) — 187d out, skipped
      ↳ Generated 1 scenarios
   > Processing Utah Jazz @ Phoenix Suns...
[ROSTER] Tier 1.5 (freshly traded): Devin Booker → PHX (pre-trade stats from PHO)
[ROSTER] Tier 1.5 (freshly traded): Jordan Goodwin → PHX (pre-trade stats from PHO)
[ROSTER] Tier 1.5 (freshly traded): Khaman Maluach → PHX (pre-trade stats from PHO)
[ROSTER] Tier 1.5 (freshly traded): Isaiah Livers → PHX (pre-trade stats from PHO)
[ROSTER] Tier 1.5 (freshly traded): Koby Brea → PHX (pre-trade stats from PHO)
[ROSTER] Tier 2 (recently returned): Royce O'Neale (PHO)
[ROSTER] Tier 2 (recently returned): Grayson Allen (PHO)
[ROSTER] Tier 2 (recently returned): Ryan Dunn (PHO)
[INJURY-TIER3] Domantas Sabonis (SAC) — 187d out, skipped
[INJURY-TIER3] Fred VanVleet (HOU) — 65d out, skipped
[INJURY-TIER3] Zach Collins (CHI) — 187d out, skipped
[INJURY-TIER3] Ja Morant (MEM) — 187d out, skipped
[INJURY-TIER3] Brandon Clarke (MEM) — 187d out, skipped
[INJURY-TIER3] Tyrese Haliburton (IND) — 187d out, skipped
[INJURY-TIER3] Walker Kessler (UTA) — 187d out, skipped
[INJURY-TIER3] Cam Whitmore (WAS) — 187d out, skipped
[INJURY-TIER3] Dereck Lively II (DAL) — 187d out, skipped
[INJURY-TIER3] Zach Edey (MEM) — 187d out, skipped
[INJURY-TIER3] Noa Essengue (CHI) — 187d out, skipped
[INJURY-TIER3] Chris Youngblood (OKC) — 354d out, skipped
[INJURY-TIER3] Jimmy Butler III (GSW) — 248d out, skipped
[INJURY-TIER3] Bradley Beal (LAC) — 187d out, skipped
[INJURY-TIER3] Steven Adams (HOU) — 187d out, skipped
[INJURY-TIER3] Kyrie Irving (DAL) — 187d out, skipped
[INJURY-TIER3] Damian Lillard (POR) — 187d out, skipped
[ROSTER] Tier 1.5 (freshly traded): Jaren Jackson Jr. → UTA (pre-trade stats from UNK)
[ROSTER] Tier 1.5 (freshly traded): Walker Kessler → UTA (pre-trade stats from UNK)
[ROSTER] Tier 1.5 (freshly traded): Lauri Markkanen → UTA (pre-trade stats from UNK)
[ROSTER] Tier 1.5 (freshly traded): Jusuf Nurkić → UTA (pre-trade stats from UNK)
[ROSTER] Tier 1.5 (freshly traded): Vince Williams Jr. → UTA (pre-trade stats from UNK)
[ROSTER] Tier 2 (recently returned): John Konchar (UNK)
[ROSTER] Tier 2 (recently returned): Brice Sensabaugh (UNK)
[ROSTER] Tier 2 (recently returned): Cody Williams (UNK)
[ROSTER] Tier 2 (recently returned): Kyle Filipowski (UNK)
[INJURY-TIER3] Domantas Sabonis (SAC) — 187d out, skipped
[INJURY-TIER3] Fred VanVleet (HOU) — 65d out, skipped
[INJURY-TIER3] Zach Collins (CHI) — 187d out, skipped
[INJURY-TIER3] Ja Morant (MEM) — 187d out, skipped
[INJURY-TIER3] Brandon Clarke (MEM) — 187d out, skipped
[INJURY-TIER3] Tyrese Haliburton (IND) — 187d out, skipped
[INJURY-TIER3] Walker Kessler (UTA) — 187d out, skipped
[INJURY-TIER3] Cam Whitmore (WAS) — 187d out, skipped
[INJURY-TIER3] Dereck Lively II (DAL) — 187d out, skipped
[INJURY-TIER3] Zach Edey (MEM) — 187d out, skipped
[INJURY-TIER3] Noa Essengue (CHI) — 187d out, skipped
[INJURY-TIER3] Chris Youngblood (OKC) — 354d out, skipped
[INJURY-TIER3] Jimmy Butler III (GSW) — 248d out, skipped
[INJURY-TIER3] Bradley Beal (LAC) — 187d out, skipped
[INJURY-TIER3] Steven Adams (HOU) — 187d out, skipped
[INJURY-TIER3] Kyrie Irving (DAL) — 187d out, skipped
[INJURY-TIER3] Damian Lillard (POR) — 187d out, skipped
      ↳ Generated 1 scenarios
[step 4] Running Monte Carlo Simulations (6 scenarios)...
   >>> [Ramp-Up] Joel Embiid: Game 1 back — all stats dampened to 70%
   >>> [Ramp-Up] Paul George: Game 1 back — all stats dampened to 70%
   >>> [Ramp-Up] Paul George: Game 1 back — all stats dampened to 70%
   >>> [Ramp-Up] Joel Embiid: Game 1 back — all stats dampened to 70%
   >>> [Ramp-Up] Malik Monk: Game 4 back — all stats dampened to 95%
   >>> [Ramp-Up] Malik Monk: Game 4 back — all stats dampened to 95%
   >>> [Ramp-Up] Devin Carter: Game 3 back — all stats dampened to 90%
   >>> [Ramp-Up] Isaac Okoro: Game 2 back — all stats dampened to 80%
   >>> [Ramp-Up] Isaac Okoro: Game 2 back — all stats dampened to 80%
   [NEW TO TEAM] Kyle Anderson: 4 games on current team — LOW confidence, 5% dampener
   [NEW TO TEAM] Devin Booker: 4 games on current team — LOW confidence, 5% dampener
   >>> [Ramp-Up] Grayson Allen: Game 1 back — all stats dampened to 70%
   [NEW TO TEAM] Devin Booker: 4 games on current team — LOW confidence, 5% dampener
   >>> [Ramp-Up] Grayson Allen: Game 1 back — all stats dampened to 70%
[step 5] Generating Daily Briefing (Module F)...
📊 Daily summary logged: 223 bets, 133.4 units
[FONTS] ✅ Using bundled Liberation fonts
✅ Visual briefing generated: /Users/flyprice/actions-runner/_work/Ludi-Bot/Ludi-Bot/assets/generated/ludi_generated_briefing.png

==================================================
DAILY BRIEFING GENERATED
==================================================

📰 LUDI GAME BRIEF (Mar 28, 2026)
================================
⚠️  ODDS SOURCE: BDL Fallback (Odds-API quota exhausted)
   Lines estimated — verify at your book before betting.
   Full accuracy resumes March 1.
================================
💎 TOP TARGETS BY GAME

🏀 Chicago Bulls @ Memphis Grizzlies
   💎 TRE JONES — OVER 5.5 AST
   📊 Chicago Bulls @ Memphis Grizzlies  |  Proj: 19.55  |  Edge: +56.2%  |  0.5u
   💰 Best Bet: DraftKings +105
   🎯 Archetype: FACILITATOR vs PERIMETER defense
   📝 Key Signal: ImpliedTT:124.5, Speed Hustle
   📊 EDGE: Projection
   💎 TRE JONES — OVER 9.5 RA
   📊 Chicago Bulls @ Memphis Grizzlies  |  Proj: 21.77  |  Edge: +58.7%  |  0.5u
   💰 Best Bet: BetMGM +105
   🎯 Archetype: FACILITATOR vs PERIMETER defense
   📝 Key Signal: ImpliedTT:124.5, Speed Hustle
   📊 EDGE: Projection
   💎 TAYLOR HENDRICKS — UNDER 12.5 PA
   📊 Chicago Bulls @ Memphis Grizzlies  |  Proj: 8.86  |  Edge: +56.5%  |  0.5u
   💰 Best Bet: BetMGM -110
   🎯 Archetype: ENERGY_BIG vs PAINT PACK defense
   📝 Key Signal: ImpliedTT:121.0, 0.70x_conf:70%
   📊 EDGE: Projection

🏀 Detroit Pistons @ Minnesota Timberwolves
   💎 NAZ REID — UNDER 1.5 3PM
   📊 Detroit Pistons @ Minnesota Timberwolves  |  Proj: 0.75  |  Edge: +77.8%  |  1.25u
   💰 Best Bet: DraftKings +132
   🎯 Archetype: ROLL_MAN vs PERIMETER defense
   📝 Key Signal: ImpliedTT:110.5, Size Advantage (O-Boards)
   📊 EDGE: Projection
   💎 DONTE DIVINCENZO — UNDER 3.5 AST
   📊 Detroit Pistons @ Minnesota Timberwolves  |  Proj: 1.47  |  Edge: +51.3%  |  0.5u
   💰 Best Bet: FanDuel -108
   🎯 Archetype: SNIPER_ELITE vs PERIMETER defense
   📝 Key Signal: ImpliedTT:110.5, Sniper Tax vs Perimeter
   📊 EDGE: Projection
   💎 NAZ REID — UNDER 15.5 PTS
   📊 Detroit Pistons @ Minnesota Timberwolves  |  Proj: 11.38  |  Edge: +48.6%  |  0.5u
   💰 Best Bet: FanDuel -106
   🎯 Archetype: ROLL_MAN vs PERIMETER defense
   📝 Key Signal: ImpliedTT:110.5, Size Advantage (O-Boards)
   📊 EDGE: Projection

🏀 Philadelphia 76ers @ Charlotte Hornets
   💎 LAMELO BALL — UNDER 19.5 PTS
   📊 Philadelphia 76ers @ Charlotte Hornets  |  Proj: 9.01  |  Edge: +57.5%  |  0.5u
   💰 Best Bet: Caesars +100
   🎯 Archetype: FACILITATOR vs BLITZ defense
   📝 Key Signal: ImpliedTT:113.5, Switchable Pressure
   📊 EDGE: Projection
   💎 LAMELO BALL — UNDER 4.5 REB
   📊 Philadelphia 76ers @ Charlotte Hornets  |  Proj: 1.1  |  Edge: +64.4%  |  0.5u
   💰 Best Bet: BetMGM +115
   🎯 Archetype: FACILITATOR vs BLITZ defense
   📝 Key Signal: ImpliedTT:113.5, Switchable Pressure
   📊 EDGE: Projection
   💎 LAMELO BALL — UNDER 3.5 3PM
   📊 Philadelphia 76ers @ Charlotte Hornets  |  Proj: 2.01  |  Edge: +68.3%  |  1.25u
   💰 Best Bet: BetRivers +120
   🎯 Archetype: FACILITATOR vs BLITZ defense
   📝 Key Signal: ImpliedTT:113.5, Switchable Pressure
   📊 EDGE: Projection

🏀 Sacramento Kings @ Atlanta Hawks
   💎 DEMAR DEROZAN — UNDER 4.5 AST
   📊 Sacramento Kings @ Atlanta Hawks  |  Proj: 1.32  |  Edge: +63%  |  0.5u
   💰 Best Bet: DraftKings +112
   🎯 Archetype: STRETCH_BIG vs BLITZ defense
   📝 Key Signal: ImpliedTT:125.0, 0.99x
   📊 EDGE: Projection
   💎 DYLAN CARDWELL — OVER 4.5 PTS
   📊 Sacramento Kings @ Atlanta Hawks  |  Proj: 7.49  |  Edge: +48.8%  |  0.5u
   💰 Best Bet: BetRivers +100
   🎯 Archetype: ROLL_MAN vs BLITZ defense
   📝 Key Signal: ImpliedTT:125.0, 0.70x_conf:70%
   📊 EDGE: Projection
   💎 NICKEIL ALEXANDER-WALKER — UNDER 3.5 3PM
   📊 Sacramento Kings @ Atlanta Hawks  |  Proj: 1.78  |  Edge: +46.9%  |  1.25u
   💰 Best Bet: DraftKings -138
   🎯 Archetype: FACILITATOR vs PERIMETER defense
   📝 Key Signal: ImpliedTT:110.5, Speed Hustle
   📊 EDGE: Projection

🏀 San Antonio Spurs @ Milwaukee Bucks
   💎 DYLAN HARPER — UNDER 11.5 PTS
   📊 San Antonio Spurs @ Milwaukee Bucks  |  Proj: 7.41  |  Edge: +53.3%  |  0.5u
   💰 Best Bet: BetRivers +105
   🎯 Archetype: CONNECTOR vs NEUTRAL defense
   📝 Key Signal: ImpliedTT:122.0, 1.00x
   📊 EDGE: Projection
   💎 OUSMANE DIENG — OVER 17.5 PR
   📊 San Antonio Spurs @ Milwaukee Bucks  |  Proj: 29.27  |  Edge: +56.4%  |  0.5u
   💰 Best Bet: FanDuel -102
   🎯 Archetype: STRETCH_BIG vs PAINT PACK defense
   📝 Key Signal: ImpliedTT:104.5, SAS Paint Pack Edge
   📊 EDGE: Projection
   💎 OUSMANE DIENG — OVER 8.5 RA
   📊 San Antonio Spurs @ Milwaukee Bucks  |  Proj: 14.48  |  Edge: +56.5%  |  0.5u
   💰 Best Bet: BetMGM +100
   🎯 Archetype: STRETCH_BIG vs PAINT PACK defense
   📝 Key Signal: ImpliedTT:104.5, SAS Paint Pack Edge
   📊 EDGE: Projection

🏀 Utah Jazz @ Phoenix Suns
   💎 KYLE FILIPOWSKI — OVER 3.5 AST
   📊 Utah Jazz @ Phoenix Suns  |  Proj: 6.96  |  Edge: +59.8%  |  0.5u
   💰 Best Bet: Caesars +124
   🎯 Archetype: FACILITATOR vs PERIMETER defense
   📝 Key Signal: ImpliedTT:123.5, Refs Boost Overs (1.063x)
   📊 EDGE: Projection
   💎 CODY WILLIAMS — OVER 6.5 RA
   📊 Utah Jazz @ Phoenix Suns  |  Proj: 14.73  |  Edge: +49.7%  |  0.5u
   💰 Best Bet: BetMGM -110
   🎯 Archetype: CONNECTOR vs PERIMETER defense
   📝 Key Signal: ImpliedTT:123.5, 0.70x_conf:70%
   📊 EDGE: Projection
   💎 COLLIN GILLESPIE — OVER 12.5 PTS
   📊 Utah Jazz @ Phoenix Suns  |  Proj: 17.39  |  Edge: +47.5%  |  0.5u
   💰 Best Bet: BetMGM -105
   🎯 Archetype: SNIPER_ELITE vs NEUTRAL defense
   📝 Key Signal: ImpliedTT:107.0, 1.00x
   📊 EDGE: Projection


✅ Saved to daily_briefing.txt
✅ Visual Card saved to: /Users/flyprice/actions-runner/_work/Ludi-Bot/Ludi-Bot/assets/generated/ludi_generated_briefing.png
[step 6] Sending Telegram Briefing...
❌ HTTP error: 400 Client Error: Bad Request for url: https://api.telegram.org/bot8190581794:AAEUVV88PupubJYcudiyRCuWCpgPVLlZ-ag/sendMessage
