[LUDI-CORE] Database Firewall: ID '17896031' (Nah'Shon Hyland) is dirty and could not be resolved.
[LUDI-CORE] Database Firewall: ID '17896038' (Day'Ron Sharpe) is dirty and could not be resolved.
[LUDI-CORE] Database Firewall: ID '47738533' (Jeenathan Williams) is dirty and could not be resolved.
[LUDI-CORE] Database Firewall: ID '1057260888' (Airious Bailey) is dirty and could not be resolved.
[LUDI-CORE] Database Firewall: ID '28908812047' (Darius Brown II) is dirty and could not be resolved.
[LUDI-CORE] Database Firewall: ID '94494906527' (Grant Nelson) is dirty and could not be resolved.
[LUDI-CORE] Database Firewall: ID '94494906527' (Grant Nelson) is dirty and could not be resolved.
[LUDI-CORE] Database Firewall: ID '94494906527' (Grant Nelson) is dirty and could not be resolved.
[LUDI-CORE] Database Firewall: ID '94494906527' (Grant Nelson) is dirty and could not be resolved.
[LUDI-CORE] Database Firewall: ID '941647485539' (Julian Reese) is dirty and could not be resolved.
[LUDI-CORE] Database Firewall: ID '941647485539' (Julian Reese) is dirty and could not be resolved.
[LUDI-CORE] Database Firewall: ID '941647485539' (Julian Reese) is dirty and could not be resolved.
[LUDI-CORE] Database Firewall: ID '941647485539' (Julian Reese) is dirty and could not be resolved.
[LUDI-CORE] Database Firewall: ID '946047615539' (John Poulakidas) is dirty and could not be resolved.
[LUDI-CORE] Database Firewall: ID '17896031' (Nah'Shon Hyland) is dirty and could not be resolved.
[LUDI-CORE] Database Firewall: ID '17896038' (Day'Ron Sharpe) is dirty and could not be resolved.
[LUDI-CORE] Database Firewall: ID '47738533' (Jeenathan Williams) is dirty and could not be resolved.
[LUDI-CORE] Database Firewall: ID '1057260888' (Airious Bailey) is dirty and could not be resolved.
[LUDI-CORE] Database Firewall: ID '28908812047' (Darius Brown II) is dirty and could not be resolved.
[LUDI-CORE] Database Firewall: ID '94494906527' (Grant Nelson) is dirty and could not be resolved.
[LUDI-CORE] Database Firewall: ID '94494906527' (Grant Nelson) is dirty and could not be resolved.
[LUDI-CORE] Database Firewall: ID '94494906527' (Grant Nelson) is dirty and could not be resolved.
[LUDI-CORE] Database Firewall: ID '94494906527' (Grant Nelson) is dirty and could not be resolved.
[LUDI-CORE] Database Firewall: ID '941647485539' (Julian Reese) is dirty and could not be resolved.
[LUDI-CORE] Database Firewall: ID '941647485539' (Julian Reese) is dirty and could not be resolved.
[LUDI-CORE] Database Firewall: ID '941647485539' (Julian Reese) is dirty and could not be resolved.
[LUDI-CORE] Database Firewall: ID '941647485539' (Julian Reese) is dirty and could not be resolved.
[LUDI-CORE] Database Firewall: ID '946047615539' (John Poulakidas) is dirty and could not be resolved.
[LUDI-CORE] Database Firewall: ID '17896031' (Nah'Shon Hyland) is dirty and could not be resolved.
[LUDI-CORE] Database Firewall: ID '17896038' (Day'Ron Sharpe) is dirty and could not be resolved.
[LUDI-CORE] Database Firewall: ID '47738533' (Jeenathan Williams) is dirty and could not be resolved.
[LUDI-CORE] Database Firewall: ID '1057260888' (Airious Bailey) is dirty and could not be resolved.
[LUDI-CORE] Database Firewall: ID '28908812047' (Darius Brown II) is dirty and could not be resolved.
[LUDI-CORE] Database Firewall: ID '94494906527' (Grant Nelson) is dirty and could not be resolved.
[LUDI-CORE] Database Firewall: ID '94494906527' (Grant Nelson) is dirty and could not be resolved.
[LUDI-CORE] Database Firewall: ID '94494906527' (Grant Nelson) is dirty and could not be resolved.
[LUDI-CORE] Database Firewall: ID '94494906527' (Grant Nelson) is dirty and could not be resolved.
[LUDI-CORE] Database Firewall: ID '941647485539' (Julian Reese) is dirty and could not be resolved.
[LUDI-CORE] Database Firewall: ID '941647485539' (Julian Reese) is dirty and could not be resolved.
[LUDI-CORE] Database Firewall: ID '941647485539' (Julian Reese) is dirty and could not be resolved.
[LUDI-CORE] Database Firewall: ID '941647485539' (Julian Reese) is dirty and could not be resolved.
[LUDI-CORE] Database Firewall: ID '946047615539' (John Poulakidas) is dirty and could not be resolved.
[LUDI-CORE] Database Firewall: ID '17896031' (Nah'Shon Hyland) is dirty and could not be resolved.
[LUDI-CORE] Database Firewall: ID '17896038' (Day'Ron Sharpe) is dirty and could not be resolved.
[LUDI-CORE] Database Firewall: ID '47738533' (Jeenathan Williams) is dirty and could not be resolved.
[LUDI-CORE] Database Firewall: ID '1057260888' (Airious Bailey) is dirty and could not be resolved.
[LUDI-CORE] Database Firewall: ID '28908812047' (Darius Brown II) is dirty and could not be resolved.
[LUDI-CORE] Database Firewall: ID '94494906527' (Grant Nelson) is dirty and could not be resolved.
[LUDI-CORE] Database Firewall: ID '94494906527' (Grant Nelson) is dirty and could not be resolved.
[LUDI-CORE] Database Firewall: ID '94494906527' (Grant Nelson) is dirty and could not be resolved.
[LUDI-CORE] Database Firewall: ID '94494906527' (Grant Nelson) is dirty and could not be resolved.
[LUDI-CORE] Database Firewall: ID '941647485539' (Julian Reese) is dirty and could not be resolved.
[LUDI-CORE] Database Firewall: ID '941647485539' (Julian Reese) is dirty and could not be resolved.
[LUDI-CORE] Database Firewall: ID '941647485539' (Julian Reese) is dirty and could not be resolved.
[LUDI-CORE] Database Firewall: ID '941647485539' (Julian Reese) is dirty and could not be resolved.
[LUDI-CORE] Database Firewall: ID '946047615539' (John Poulakidas) is dirty and could not be resolved.
[LUDI-CORE] Database Firewall: ID '17896031' (Nah'Shon Hyland) is dirty and could not be resolved.
[LUDI-CORE] Database Firewall: ID '17896038' (Day'Ron Sharpe) is dirty and could not be resolved.
[LUDI-CORE] Database Firewall: ID '47738533' (Jeenathan Williams) is dirty and could not be resolved.
[LUDI-CORE] Database Firewall: ID '1057260888' (Airious Bailey) is dirty and could not be resolved.
[LUDI-CORE] Database Firewall: ID '28908812047' (Darius Brown II) is dirty and could not be resolved.
[LUDI-CORE] Database Firewall: ID '94494906527' (Grant Nelson) is dirty and could not be resolved.
[LUDI-CORE] Database Firewall: ID '94494906527' (Grant Nelson) is dirty and could not be resolved.
[LUDI-CORE] Database Firewall: ID '94494906527' (Grant Nelson) is dirty and could not be resolved.
[LUDI-CORE] Database Firewall: ID '94494906527' (Grant Nelson) is dirty and could not be resolved.
[LUDI-CORE] Database Firewall: ID '941647485539' (Julian Reese) is dirty and could not be resolved.
[LUDI-CORE] Database Firewall: ID '941647485539' (Julian Reese) is dirty and could not be resolved.
[LUDI-CORE] Database Firewall: ID '941647485539' (Julian Reese) is dirty and could not be resolved.
[LUDI-CORE] Database Firewall: ID '941647485539' (Julian Reese) is dirty and could not be resolved.
[LUDI-CORE] Database Firewall: ID '946047615539' (John Poulakidas) is dirty and could not be resolved.
[LUDI-CORE] Database Firewall: ID '17896031' (Nah'Shon Hyland) is dirty and could not be resolved.
[LUDI-CORE] Database Firewall: ID '17896038' (Day'Ron Sharpe) is dirty and could not be resolved.
[LUDI-CORE] Database Firewall: ID '47738533' (Jeenathan Williams) is dirty and could not be resolved.
[LUDI-CORE] Database Firewall: ID '1057260888' (Airious Bailey) is dirty and could not be resolved.
[LUDI-CORE] Database Firewall: ID '28908812047' (Darius Brown II) is dirty and could not be resolved.
[LUDI-CORE] Database Firewall: ID '94494906527' (Grant Nelson) is dirty and could not be resolved.
[LUDI-CORE] Database Firewall: ID '94494906527' (Grant Nelson) is dirty and could not be resolved.
[LUDI-CORE] Database Firewall: ID '94494906527' (Grant Nelson) is dirty and could not be resolved.
[LUDI-CORE] Database Firewall: ID '94494906527' (Grant Nelson) is dirty and could not be resolved.
[LUDI-CORE] Database Firewall: ID '941647485539' (Julian Reese) is dirty and could not be resolved.
[LUDI-CORE] Database Firewall: ID '941647485539' (Julian Reese) is dirty and could not be resolved.
[LUDI-CORE] Database Firewall: ID '941647485539' (Julian Reese) is dirty and could not be resolved.
[LUDI-CORE] Database Firewall: ID '941647485539' (Julian Reese) is dirty and could not be resolved.
[LUDI-CORE] Database Firewall: ID '946047615539' (John Poulakidas) is dirty and could not be resolved.
[LUDI-CORE] Database Firewall: ID '17896031' (Nah'Shon Hyland) is dirty and could not be resolved.
[LUDI-CORE] Database Firewall: ID '17896038' (Day'Ron Sharpe) is dirty and could not be resolved.
[LUDI-CORE] Database Firewall: ID '47738533' (Jeenathan Williams) is dirty and could not be resolved.
[LUDI-CORE] Database Firewall: ID '1057260888' (Airious Bailey) is dirty and could not be resolved.
[LUDI-CORE] Database Firewall: ID '28908812047' (Darius Brown II) is dirty and could not be resolved.
[LUDI-CORE] Database Firewall: ID '94494906527' (Grant Nelson) is dirty and could not be resolved.
[LUDI-CORE] Database Firewall: ID '94494906527' (Grant Nelson) is dirty and could not be resolved.
[LUDI-CORE] Database Firewall: ID '94494906527' (Grant Nelson) is dirty and could not be resolved.
[LUDI-CORE] Database Firewall: ID '94494906527' (Grant Nelson) is dirty and could not be resolved.
[LUDI-CORE] Database Firewall: ID '941647485539' (Julian Reese) is dirty and could not be resolved.
[LUDI-CORE] Database Firewall: ID '941647485539' (Julian Reese) is dirty and could not be resolved.
[LUDI-CORE] Database Firewall: ID '941647485539' (Julian Reese) is dirty and could not be resolved.
[LUDI-CORE] Database Firewall: ID '941647485539' (Julian Reese) is dirty and could not be resolved.
[LUDI-CORE] Database Firewall: ID '946047615539' (John Poulakidas) is dirty and could not be resolved.
[LUDI-CORE] Database Firewall: ID '28908812047' (Darius Brown II) is dirty and could not be resolved.
[LUDI-CORE] Database Firewall: ID '94494906527' (Grant Nelson) is dirty and could not be resolved.
[LUDI-CORE] Database Firewall: ID '94494906527' (Grant Nelson) is dirty and could not be resolved.
[LUDI-CORE] Database Firewall: ID '94494906527' (Grant Nelson) is dirty and could not be resolved.
[LUDI-CORE] Database Firewall: ID '94494906527' (Grant Nelson) is dirty and could not be resolved.
[LUDI-CORE] Database Firewall: ID '941647485539' (Julian Reese) is dirty and could not be resolved.
[LUDI-CORE] Database Firewall: ID '941647485539' (Julian Reese) is dirty and could not be resolved.
[LUDI-CORE] Database Firewall: ID '946047615539' (John Poulakidas) is dirty and could not be resolved.
[LUDI-CORE] Database Firewall: ID '28908812047' (Darius Brown II) is dirty and could not be resolved.
[LUDI-CORE] Database Firewall: ID '94494906527' (Grant Nelson) is dirty and could not be resolved.
[LUDI-CORE] Database Firewall: ID '94494906527' (Grant Nelson) is dirty and could not be resolved.
[LUDI-CORE] Database Firewall: ID '94494906527' (Grant Nelson) is dirty and could not be resolved.
[LUDI-CORE] Database Firewall: ID '94494906527' (Grant Nelson) is dirty and could not be resolved.
[LUDI-CORE] Database Firewall: ID '941647485539' (Julian Reese) is dirty and could not be resolved.
[LUDI-CORE] Database Firewall: ID '941647485539' (Julian Reese) is dirty and could not be resolved.
[LUDI-CORE] Database Firewall: ID '946047615539' (John Poulakidas) is dirty and could not be resolved.
[LUDI-CORE] Database Firewall: ID '28908812047' (Darius Brown II) is dirty and could not be resolved.
[LUDI-CORE] Database Firewall: ID '94494906527' (Grant Nelson) is dirty and could not be resolved.
[LUDI-CORE] Database Firewall: ID '94494906527' (Grant Nelson) is dirty and could not be resolved.
[LUDI-CORE] Database Firewall: ID '94494906527' (Grant Nelson) is dirty and could not be resolved.
[LUDI-CORE] Database Firewall: ID '94494906527' (Grant Nelson) is dirty and could not be resolved.
[LUDI-CORE] Database Firewall: ID '941647485539' (Julian Reese) is dirty and could not be resolved.
[LUDI-CORE] Database Firewall: ID '941647485539' (Julian Reese) is dirty and could not be resolved.
[LUDI-CORE] Database Firewall: ID '946047615539' (John Poulakidas) is dirty and could not be resolved.
[LUDI-CORE] Database Firewall: ID '28908812047' (Darius Brown II) is dirty and could not be resolved.
[LUDI-CORE] Database Firewall: ID '94494906527' (Grant Nelson) is dirty and could not be resolved.
[LUDI-CORE] Database Firewall: ID '94494906527' (Grant Nelson) is dirty and could not be resolved.
[LUDI-CORE] Database Firewall: ID '94494906527' (Grant Nelson) is dirty and could not be resolved.
[LUDI-CORE] Database Firewall: ID '94494906527' (Grant Nelson) is dirty and could not be resolved.
[LUDI-CORE] Database Firewall: ID '941647485539' (Julian Reese) is dirty and could not be resolved.
[LUDI-CORE] Database Firewall: ID '941647485539' (Julian Reese) is dirty and could not be resolved.
[LUDI-CORE] Database Firewall: ID '946047615539' (John Poulakidas) is dirty and could not be resolved.
[LUDI-CORE] Database Firewall: ID '28908812047' (Darius Brown II) is dirty and could not be resolved.
[LUDI-CORE] Database Firewall: ID '94494906527' (Grant Nelson) is dirty and could not be resolved.
[LUDI-CORE] Database Firewall: ID '94494906527' (Grant Nelson) is dirty and could not be resolved.
[LUDI-CORE] Database Firewall: ID '94494906527' (Grant Nelson) is dirty and could not be resolved.
[LUDI-CORE] Database Firewall: ID '94494906527' (Grant Nelson) is dirty and could not be resolved.
[LUDI-CORE] Database Firewall: ID '941647485539' (Julian Reese) is dirty and could not be resolved.
[LUDI-CORE] Database Firewall: ID '941647485539' (Julian Reese) is dirty and could not be resolved.
[LUDI-CORE] Database Firewall: ID '946047615539' (John Poulakidas) is dirty and could not be resolved.
[LUDI-CORE] Database Firewall: ID '28908812047' (Darius Brown II) is dirty and could not be resolved.
[LUDI-CORE] Database Firewall: ID '94494906527' (Grant Nelson) is dirty and could not be resolved.
[LUDI-CORE] Database Firewall: ID '94494906527' (Grant Nelson) is dirty and could not be resolved.
[LUDI-CORE] Database Firewall: ID '94494906527' (Grant Nelson) is dirty and could not be resolved.
[LUDI-CORE] Database Firewall: ID '94494906527' (Grant Nelson) is dirty and could not be resolved.
[LUDI-CORE] Database Firewall: ID '941647485539' (Julian Reese) is dirty and could not be resolved.
[LUDI-CORE] Database Firewall: ID '941647485539' (Julian Reese) is dirty and could not be resolved.
[LUDI-CORE] Database Firewall: ID '946047615539' (John Poulakidas) is dirty and could not be resolved.
[LUDI-CORE] Database Firewall: ID '28908812047' (Darius Brown II) is dirty and could not be resolved.
[LUDI-CORE] Database Firewall: ID '94494906527' (Grant Nelson) is dirty and could not be resolved.
[LUDI-CORE] Database Firewall: ID '94494906527' (Grant Nelson) is dirty and could not be resolved.
[LUDI-CORE] Database Firewall: ID '94494906527' (Grant Nelson) is dirty and could not be resolved.
[LUDI-CORE] Database Firewall: ID '94494906527' (Grant Nelson) is dirty and could not be resolved.
[LUDI-CORE] Database Firewall: ID '941647485539' (Julian Reese) is dirty and could not be resolved.
[LUDI-CORE] Database Firewall: ID '941647485539' (Julian Reese) is dirty and could not be resolved.
[LUDI-CORE] Database Firewall: ID '946047615539' (John Poulakidas) is dirty and could not be resolved.
[LUDI-CORE] Database Firewall: ID '28908812047' (Darius Brown II) is dirty and could not be resolved.
[LUDI-CORE] Database Firewall: ID '94494906527' (Grant Nelson) is dirty and could not be resolved.
[LUDI-CORE] Database Firewall: ID '941647485539' (Julian Reese) is dirty and could not be resolved.
[LUDI-CORE] Database Firewall: ID '946047615539' (John Poulakidas) is dirty and could not be resolved.
[LUDI-CORE] Database Firewall: ID '17896031' (Nah'Shon Hyland) is dirty and could not be resolved.
[LUDI-CORE] Database Firewall: ID '1028112004' (Zyon Pullin) is dirty and could not be resolved.
[LUDI-CORE] Database Firewall: ID '1028271147' (Alex Morales) is dirty and could not be resolved.
[LUDI-CORE] Database Firewall: ID '17896038' (Day'Ron Sharpe) is dirty and could not be resolved.
[LUDI-CORE] Database Firewall: ID '1059875475' (Grant Nelson) is dirty and could not be resolved.
[LUDI-CORE] Database Firewall: ID '1058921044' (Sean Pedulla) is dirty and could not be resolved.
[LUDI-CORE] Database Firewall: ID '1028266882' (Cormac Ryan) is dirty and could not be resolved.
[LUDI-CORE] Database Firewall: ID '1057260888' (Airious Bailey) is dirty and could not be resolved.
[LUDI-CORE] Database Firewall: ID '1059635020' (Payton Sandfort) is dirty and could not be resolved.
[LUDI-CORE] Database Firewall: ID '313' (De'Anthony Melton) is dirty and could not be resolved.
[LUDI-CORE] Database Firewall: ID '47738533' (Jeenathan Williams) is dirty and could not be resolved.

==================================================
   LUDI INFORMATIO | SYSTEM INITIALIZATION
   Architecture: Modules A-H (Production v2.0)
==================================================
========================================
LUDI INFORMATIO: MODULE A (GATEKEEPER) ONLINE
   >>> PIPELINE: V9.4 (4-TIER LINE SHOPPING)
   >>> TIERS: NC_LEGAL | SHARP | DFS | SOCIAL
========================================

========================================
LUDI INFORMATIO: MODULE G (ZEBRAS) V3.0 ONLINE
========================================
   [ZEBRAS] 🔍 Checking today's games in database...
   [ZEBRAS] ✅ Today's games already exist
   [ZEBRAS] 📊 Database: 94 referees loaded

========================================
LUDI INFORMATIO: MODULE H (HISTORIAN) ONLINE
========================================
   🛡️ API Budget: 200 requests
[TAG] Context: duplicate column name: pull_up_fga
[TAG] Context: duplicate column name: pull_up_fgm
[TAG] Context: duplicate column name: pull_up_fg_pct
[TAG] Context: duplicate column name: pull_up_3pa
[TAG] Context: duplicate column name: pull_up_3pm
[TAG] Context: duplicate column name: pull_up_3p_pct
[TAG] Context: duplicate column name: pull_up_efg_pct
[TAG] Context: duplicate column name: dist_miles_off
[TAG] Context: duplicate column name: dist_miles_def
[TAG] Context: duplicate column name: avg_speed_off
[TAG] Context: duplicate column name: avg_speed_def
[TAG] Context: duplicate column name: catch_shoot_3pa
[TAG] Context: duplicate column name: catch_shoot_3pm
[TAG] Context: duplicate column name: catch_shoot_3p_pct
[TAG] Context: duplicate column name: catch_shoot_efg_pct
[TAG] Context: duplicate column name: season_id
[TAG] Context: duplicate column name: is_active
[TAG] Context: duplicate column name: roster_updated_at
[TAG] Context: duplicate column name: current_injury_status
[TAG] Context: duplicate column name: injury_updated_at
[TAG] Context: duplicate column name: injury_return_date
[TAG] Context: duplicate column name: days_out_current
[TAG] Context: duplicate column name: games_on_current_team
[MIGRATION] player_game_logs.started: duplicate column name: started
[MIGRATION] player_game_logs.fantasy_pts_dk: duplicate column name: fantasy_pts_dk
[MIGRATION] player_game_logs.fantasy_pts_fd: duplicate column name: fantasy_pts_fd
[MIGRATION] player_game_logs.home_or_away: duplicate column name: home_or_away
[MIGRATION] player_game_logs.double_doubles: duplicate column name: double_doubles
[MIGRATION] player_game_logs.triple_doubles: duplicate column name: triple_doubles
[MIGRATION] player_game_advanced.points_paint: duplicate column name: points_paint
[MIGRATION] player_game_advanced.points_fast_break: duplicate column name: points_fast_break
[MIGRATION] player_game_advanced.points_second_chance: duplicate column name: points_second_chance
[MIGRATION] player_game_advanced.points_off_turnovers: duplicate column name: points_off_turnovers
[MIGRATION] player_game_advanced.estimated_off_rating: duplicate column name: estimated_off_rating
[MIGRATION] player_game_advanced.estimated_def_rating: duplicate column name: estimated_def_rating
[MIGRATION] player_game_advanced.estimated_net_rating: duplicate column name: estimated_net_rating
[MIGRATION] player_game_advanced.pct_pts_paint: duplicate column name: pct_pts_paint
[MIGRATION] player_game_advanced.pct_pts_fast_break: duplicate column name: pct_pts_fast_break
[MIGRATION] player_game_advanced.pct_pts_free_throw: duplicate column name: pct_pts_free_throw
[MIGRATION] player_game_advanced.pct_pts_midrange_2pt: duplicate column name: pct_pts_midrange_2pt
[MIGRATION] player_game_advanced.bdl_source: duplicate column name: bdl_source
[MIGRATION] player_game_tracking.speed: duplicate column name: speed
[MIGRATION] player_game_tracking.distance: duplicate column name: distance
[MIGRATION] player_game_tracking.touches: duplicate column name: touches
[MIGRATION] player_game_tracking.passes: duplicate column name: passes
[MIGRATION] player_game_tracking.bdl_source: duplicate column name: bdl_source
[MIGRATION] player_game_hustle.bdl_source: duplicate column name: bdl_source
[TAG] Context: duplicate column name: pull_up_fga
[TAG] Context: duplicate column name: pull_up_fgm
[TAG] Context: duplicate column name: pull_up_fg_pct
[TAG] Context: duplicate column name: pull_up_3pa
[TAG] Context: duplicate column name: pull_up_3pm
[TAG] Context: duplicate column name: pull_up_3p_pct
[TAG] Context: duplicate column name: pull_up_efg_pct
[TAG] Context: duplicate column name: dist_miles_off
[TAG] Context: duplicate column name: dist_miles_def
[TAG] Context: duplicate column name: avg_speed_off
[TAG] Context: duplicate column name: avg_speed_def
[TAG] Context: duplicate column name: catch_shoot_3pa
[TAG] Context: duplicate column name: catch_shoot_3pm
[TAG] Context: duplicate column name: catch_shoot_3p_pct
[TAG] Context: duplicate column name: catch_shoot_efg_pct
[TAG] Context: duplicate column name: season_id
[TAG] Context: duplicate column name: is_active
[TAG] Context: duplicate column name: roster_updated_at
[TAG] Context: duplicate column name: current_injury_status
[TAG] Context: duplicate column name: injury_updated_at
[TAG] Context: duplicate column name: injury_return_date
[TAG] Context: duplicate column name: days_out_current
[TAG] Context: duplicate column name: games_on_current_team
[MIGRATION] player_game_logs.started: duplicate column name: started
[MIGRATION] player_game_logs.fantasy_pts_dk: duplicate column name: fantasy_pts_dk
[MIGRATION] player_game_logs.fantasy_pts_fd: duplicate column name: fantasy_pts_fd
[MIGRATION] player_game_logs.home_or_away: duplicate column name: home_or_away
[MIGRATION] player_game_logs.double_doubles: duplicate column name: double_doubles
[MIGRATION] player_game_logs.triple_doubles: duplicate column name: triple_doubles
[MIGRATION] player_game_advanced.points_paint: duplicate column name: points_paint
[MIGRATION] player_game_advanced.points_fast_break: duplicate column name: points_fast_break
[MIGRATION] player_game_advanced.points_second_chance: duplicate column name: points_second_chance
[MIGRATION] player_game_advanced.points_off_turnovers: duplicate column name: points_off_turnovers
[MIGRATION] player_game_advanced.estimated_off_rating: duplicate column name: estimated_off_rating
[MIGRATION] player_game_advanced.estimated_def_rating: duplicate column name: estimated_def_rating
[MIGRATION] player_game_advanced.estimated_net_rating: duplicate column name: estimated_net_rating
[MIGRATION] player_game_advanced.pct_pts_paint: duplicate column name: pct_pts_paint
[MIGRATION] player_game_advanced.pct_pts_fast_break: duplicate column name: pct_pts_fast_break
[MIGRATION] player_game_advanced.pct_pts_free_throw: duplicate column name: pct_pts_free_throw
[MIGRATION] player_game_advanced.pct_pts_midrange_2pt: duplicate column name: pct_pts_midrange_2pt
[MIGRATION] player_game_advanced.bdl_source: duplicate column name: bdl_source
[MIGRATION] player_game_tracking.speed: duplicate column name: speed
[MIGRATION] player_game_tracking.distance: duplicate column name: distance
[MIGRATION] player_game_tracking.touches: duplicate column name: touches
[MIGRATION] player_game_tracking.passes: duplicate column name: passes
[MIGRATION] player_game_tracking.bdl_source: duplicate column name: bdl_source
[MIGRATION] player_game_hustle.bdl_source: duplicate column name: bdl_source
   >>> Trends cache loaded: 5412 rows
   >>> Game values cache loaded: 3850 stat-player combinations
   >>> Vs-scheme cache loaded: 9842 scheme-player-stat combinations
   >>> Name map loaded: 541 players

========================================
LUDI INFORMATIO: MODULE C (ORACLE V4.0) LIVE
   >>> Hybrid Engine: Normal (High-Vol) + Poisson (Rare)
   >>> Sim Count: 10000
   >>> Season: 2025-26
========================================
   >>> Shot quality data loaded: 500 players
   >>> Rolling TS% data loaded: 493 players
   >>> Drives context data loaded: 516 players
   >>> Team defense data loaded: 30 teams
   >>> Foul splits loaded: 492 players
   >>> Rotation profiles loaded: 496 players
   >>> Season baselines loaded: 538 players
   >>> Injury return detection: 142 players recently returned

========================================
LUDI INFORMATIO: MODULE D (YAK V3.5) ONLINE
   >>> 15-MIN SYNC | PROBABLE & AVAILABLE ACTIVE
========================================

========================================
LUDI INFORMATIO: MODULE E (CALIBRATOR V7.0) ONLINE
   >>> SECONDARY PLAYTYPE SYSTEM ACTIVE
========================================
[Module E] DB clutch fallback loaded: 30 teams
[Module E] Speed/fatigue data loaded: 346 players
[Module E] Touches data loaded: 593 players
[Module E] Leverage profiles loaded: 30 teams
[Module E] Player leverage usage loaded: 445 players
   [CAL] Synergy cache: 423 players loaded
   [CAL] Tracking cache: 497 players loaded (last 15 games)
   [CAL] TypeProfiles cache: 551 players loaded
   [CAL] DVP by archetype: 251 team-archetype combos loaded
   [CAL] ArchVsDef matrix: 72 matchup combos loaded
   [CAL] B2B splits: 268 players with actual data
   [CAL] Shot quality bulk load: 500 players
[Module E] Offensive styles loaded from cache: 23 teams

========================================
LUDI INFORMATIO: MODULE F (V5.3) ONLINE
   >>> DETERMINISTIC REPORTING | NO SPECULATION
   >>> BET LOGGING ENABLED
========================================
✅ BetLogger initialized (DB: ludi.db, Logs: logs/bets)
✅ Bet logger connected
✅ TagClassifier initialized with synced defensive schemes
✅ Tag classifier connected
✅ Stat confidence cache: 21 entries (20 with live calibration)

========================================
LUDI INFORMATIO: MODULE G (ZEBRAS) V3.0 ONLINE
========================================
   [ZEBRAS] 🔍 Checking today's games in database...
   [ZEBRAS] ✅ Today's games already exist
   [ZEBRAS] 📊 Database: 94 referees loaded

========================================
LUDI INFORMATIO: MODULE X (SCENARIO V3.9) ONLINE
   >>> DYNAMIC ROSTERS | LIVE SCHEMA ACTIVE
========================================
   [ZEBRAS] ✅ Loaded 11 ref crew(s) from crosswalk (skip scrape)

==================================================
   >>> STARTING DAILY SIMULATION CYCLE <<<
   Mode: Production v2.0
==================================================
[DAILY_LOCK] No config file found, running in LIVE mode (all games)
[1] 📡 Fetching Slate & Live Odds...
   [ZEBRAS] ✅ Loaded 11 ref crew(s) from crosswalk (skip scrape)
      📊 ODDS_API: 4197 credits remaining
   ✅ Found 11 Games.
   ✅ Team totals enriched: 22 values across 11 games
   ----------------------------------------
   === 2026-03-10 (TONIGHT) ===
   🏀 Memphis Grizzlies @ Philadelphia 76ers
      > Time: 07:10 PM ET | Line: -3.5 | Total: 228.5 | Pace: 1.05x | Whistle: 0.968x (100% conf)
   🏀 Dallas Mavericks @ Atlanta Hawks
      > Time: 07:40 PM ET | Line: -10.0 | Total: 241.0 | Pace: 1.036x | Whistle: 0.987x (100% conf)
   🏀 Detroit Pistons @ Brooklyn Nets
      > Time: 07:40 PM ET | Line: 15.5 | Total: 218.5 | Pace: 1.06x | Whistle: 0.946x (100% conf)
   🏀 Washington Wizards @ Miami Heat
      > Time: 07:40 PM ET | Line: -15.5 | Total: 242.5 | Pace: 1.058x | Whistle: 1.026x (100% conf)
   🏀 Boston Celtics @ San Antonio Spurs
      > Time: 08:10 PM ET | Line: -3.5 | Total: 222.5 | Pace: 1.079x | Whistle: 0.987x (100% conf)
   🏀 Toronto Raptors @ Houston Rockets
      > Time: 08:10 PM ET | Line: -5.0 | Total: 217.5 | Pace: 1.067x | Whistle: 0.985x (100% conf)
   🏀 Phoenix Suns @ Milwaukee Bucks
      > Time: 08:10 PM ET | Line: 1.5 | Total: 218.0 | Pace: 1.069x | Whistle: 1.028x (100% conf)
   🏀 Charlotte Hornets @ Portland Trail Blazers
      > Time: 10:10 PM ET | Line: 3.5 | Total: 227.5 | Pace: 1.055x | Whistle: 0.953x (100% conf)
   🏀 Chicago Bulls @ Golden State Warriors
      > Time: 10:10 PM ET | Line: -6.5 | Total: 227.5 | Pace: 1.064x | Whistle: 1.007x (100% conf)
   🏀 Indiana Pacers @ Sacramento Kings
      > Time: 10:10 PM ET | Line: -2.5 | Total: 237.5 | Pace: 1.059x | Whistle: 0.963x (100% conf)
   🏀 Minnesota Timberwolves @ Los Angeles Lakers
      > Time: 11:10 PM ET | Line: 2.5 | Total: 233.5 | Pace: 1.058x | Whistle: 0.966x (100% conf)
   ----------------------------------------
[3] 📡 Fetching Prop Targets (Limit: 11)...
      📊 ODDS_API: 4130 credits remaining
      ↳ Found Books: ['FanDuel', 'Fliff', 'ReBet', 'Novig', 'DraftKings', 'theScore Bet', 'Fanatics', 'BetOnline.ag', 'Caesars', 'ProphetX', 'betPARX', 'Bally Bet', 'BetRivers', 'Hard Rock Bet', 'Pinnacle', 'PrizePicks', 'Bovada', 'DraftKings Pick6', 'Betr DFS', 'BetMGM', 'Underdog']
         [DEBUG] FanDuel Markets: ['player_assists', 'player_blocks', 'player_double_double', 'player_points', 'player_points_rebounds_assists', 'player_rebounds', 'player_steals', 'player_threes']
      > [BDL] Cross-referencing with BallDontLie...
      📊 TANK01: 861 credits remaining
[Module A] Tank01 props loaded: 151 players (11 games), 0 name cross-walk entries
      ✅ [BDL] Retrieved 904 props
   [BDL] Building player ID cache (one-time)...
   [BDL] Player cache built: 531 players
      [BDL] Accepting single-vendor line for Dominick Barlow assists: 1.5 (Tank01 validated or no T01 data)
      [BDL] Accepting single-vendor line for Kelly Oubre Jr. assists: 2.5 (Tank01 validated or no T01 data)
      [BDL] Accepting single-vendor line for Olivier-Maxence Prosper assists: 1.5 (Tank01 validated or no T01 data)
      [BDL] Accepting single-vendor line for GG Jackson assists: 1.5 (Tank01 validated or no T01 data)
      [BDL] Accepting single-vendor line for Jaylen Wells assists: 1.5 (Tank01 validated or no T01 data)
      [BDL] Accepting single-vendor line for Ty Jerome blocks: 0.5 (Tank01 validated or no T01 data)
      [BDL] Accepting single-vendor line for Dominick Barlow blocks: 0.5 (Tank01 validated or no T01 data)
      [BDL] Accepting single-vendor line for Kelly Oubre Jr. blocks: 0.5 (Tank01 validated or no T01 data)
      [BDL] Accepting single-vendor line for Quentin Grimes blocks: 0.5 (Tank01 validated or no T01 data)
      [BDL] Accepting single-vendor line for Olivier-Maxence Prosper blocks: 0.5 (Tank01 validated or no T01 data)
      [BDL] Accepting single-vendor line for GG Jackson blocks: 1.5 (Tank01 validated or no T01 data)
      [BDL] Accepting single-vendor line for Jaylen Wells blocks: 0.5 (Tank01 validated or no T01 data)
      [BDL] Accepting single-vendor line for VJ Edgecombe blocks: 0.5 (Tank01 validated or no T01 data)
      [BDL] Accepting single-vendor line for Kelly Oubre Jr. pa: 20.5 (Tank01 validated or no T01 data)
      [BDL] Accepting single-vendor line for Olivier-Maxence Prosper pa: 11.5 (Tank01 validated or no T01 data)
      [BDL] Accepting single-vendor line for Jaylen Wells pa: 14.5 (Tank01 validated or no T01 data)
      [BDL] Accepting single-vendor line for Dominick Barlow pa: 10.5 (Tank01 validated or no T01 data)
      [BDL] Accepting single-vendor line for VJ Edgecombe pr: 24.5 (Tank01 validated or no T01 data)
      [BDL] Accepting single-vendor line for Ty Jerome pr: 19.5 (Tank01 validated or no T01 data)
      [BDL] Accepting single-vendor line for Dominick Barlow pr: 13.5 (Tank01 validated or no T01 data)
      [BDL] Accepting single-vendor line for Ty Jerome pra: 24.5 (Tank01 validated or no T01 data)
      [BDL] Accepting single-vendor line for Quentin Grimes pra: 27.5 (Tank01 validated or no T01 data)
      [BDL] Accepting single-vendor line for Dominick Barlow pra: 15.5 (Tank01 validated or no T01 data)
      [BDL] Accepting single-vendor line for Olivier-Maxence Prosper pra: 17.5 (Tank01 validated or no T01 data)
      [BDL] Accepting single-vendor line for Jaylen Wells pra: 18.5 (Tank01 validated or no T01 data)
      [BDL] Accepting single-vendor line for VJ Edgecombe pra: 28.5 (Tank01 validated or no T01 data)
      [BDL] Accepting single-vendor line for Kelly Oubre Jr. pra: 25.5 (Tank01 validated or no T01 data)
      [BDL] Accepting single-vendor line for Kelly Oubre Jr. ra: 7.5 (Tank01 validated or no T01 data)
      [BDL] Accepting single-vendor line for Olivier-Maxence Prosper ra: 6.5 (Tank01 validated or no T01 data)
      [BDL] Accepting single-vendor line for GG Jackson ra: 7.5 (Tank01 validated or no T01 data)
      [BDL] Accepting single-vendor line for Jaylen Wells ra: 4.5 (Tank01 validated or no T01 data)
      [BDL] Accepting single-vendor line for VJ Edgecombe ra: 10.5 (Tank01 validated or no T01 data)
      [BDL] Accepting single-vendor line for Dominick Barlow ra: 5.5 (Tank01 validated or no T01 data)
      [BDL] Accepting single-vendor line for Scotty Pippen Jr. rebounds: 2.5 (Tank01 validated or no T01 data)
      [BDL] Accepting single-vendor line for Olivier-Maxence Prosper rebounds: 4.5 (Tank01 validated or no T01 data)
      [BDL] Accepting single-vendor line for Scotty Pippen Jr. pr: 14.5 (Tank01 validated or no T01 data)
      [BDL] Accepting single-vendor line for Scotty Pippen Jr. pa: 15.5 (Tank01 validated or no T01 data)
      [BDL] Accepting single-vendor line for Scotty Pippen Jr. ra: 7.5 (Tank01 validated or no T01 data)
      [BDL] Accepting single-vendor line for Adem Bona pr: 15.5 (Tank01 validated or no T01 data)
   > Memphis Grizzlies @ Philadelphia 76ers... ✅ Targets Acquired.
      📊 ODDS_API: 4085 credits remaining
      ↳ Found Books: ['FanDuel', 'Fliff', 'DraftKings', 'Novig', 'Caesars', 'theScore Bet', 'ReBet', 'Fanatics', 'Hard Rock Bet', 'BetMGM', 'BetOnline.ag', 'BetRivers', 'betPARX', 'Bally Bet', 'Underdog', 'PrizePicks', 'ProphetX', 'Pinnacle', 'Betr DFS', 'Bovada', 'DraftKings Pick6']
      > [BDL] Cross-referencing with BallDontLie...
      ✅ [BDL] Retrieved 1193 props
      [BDL] Accepting single-vendor line for P.J. Washington pra: 20.5 (Tank01 validated or no T01 data)
      [BDL] Accepting single-vendor line for Max Christie assists: 2.5 (Tank01 validated or no T01 data)
      [BDL] Accepting single-vendor line for Onyeka Okongwu assists: 2.5 (Tank01 validated or no T01 data)
      [BDL] Accepting single-vendor line for P.J. Washington assists: 1.5 (Tank01 validated or no T01 data)
      [BDL] Accepting single-vendor line for Daniel Gafford assists: 1.5 (Tank01 validated or no T01 data)
      [BDL] Accepting single-vendor line for Jalen Johnson blocks: 0.5 (Tank01 validated or no T01 data)
      [BDL] Accepting single-vendor line for Max Christie blocks: 0.5 (Tank01 validated or no T01 data)
      [BDL] Accepting single-vendor line for Dyson Daniels blocks: 0.5 (Tank01 validated or no T01 data)
      [BDL] Accepting single-vendor line for CJ McCollum blocks: 0.5 (Tank01 validated or no T01 data)
      [BDL] Accepting single-vendor line for Nickeil Alexander-Walker blocks: 0.5 (Tank01 validated or no T01 data)
      [BDL] Accepting single-vendor line for Onyeka Okongwu blocks: 0.5 (Tank01 validated or no T01 data)
      [BDL] Accepting single-vendor line for Cooper Flagg blocks: 0.5 (Tank01 validated or no T01 data)
      [BDL] Accepting single-vendor line for P.J. Washington blocks: 0.5 (Tank01 validated or no T01 data)
      [BDL] Accepting single-vendor line for Khris Middleton blocks: 0.5 (Tank01 validated or no T01 data)
      [BDL] Accepting single-vendor line for Daniel Gafford blocks: 1.5 (Tank01 validated or no T01 data)
      [BDL] Accepting single-vendor line for Daniel Gafford pa: 9.5 (Tank01 validated or no T01 data)
      [BDL] Accepting single-vendor line for Max Christie pa: 14.5 (Tank01 validated or no T01 data)
      [BDL] Accepting single-vendor line for Dyson Daniels pa: 16.5 (Tank01 validated or no T01 data)
      [BDL] Accepting single-vendor line for CJ McCollum pa: 21.5 (Tank01 validated or no T01 data)
      [BDL] Accepting single-vendor line for P.J. Washington pa: 13.5 (Tank01 validated or no T01 data)
      [BDL] Accepting single-vendor line for Max Christie pr: 14.5 (Tank01 validated or no T01 data)
      [BDL] Accepting single-vendor line for CJ McCollum pr: 20.5 (Tank01 validated or no T01 data)
      [BDL] Accepting single-vendor line for P.J. Washington pr: 17.5 (Tank01 validated or no T01 data)
      [BDL] Accepting single-vendor line for Onyeka Okongwu pr: 22.5 (Tank01 validated or no T01 data)
      [BDL] Accepting single-vendor line for Jalen Johnson pr: 32.5 (Tank01 validated or no T01 data)
      [BDL] Accepting single-vendor line for Nickeil Alexander-Walker pr: 20.5 (Tank01 validated or no T01 data)
      [BDL] Accepting single-vendor line for Daniel Gafford pra: 16.5 (Tank01 validated or no T01 data)
      [BDL] Accepting single-vendor line for Dyson Daniels pra: 23.5 (Tank01 validated or no T01 data)
      [BDL] Accepting single-vendor line for Brandon Williams pra: 17.5 (Tank01 validated or no T01 data)
      [BDL] Accepting single-vendor line for Zaccharie Risacher pra: 12.5 (Tank01 validated or no T01 data)
      [BDL] Accepting single-vendor line for Jonathan Kuminga pra: 21.5 (Tank01 validated or no T01 data)
      [BDL] Accepting single-vendor line for Nickeil Alexander-Walker pra: 25.5 (Tank01 validated or no T01 data)
      [BDL] Accepting single-vendor line for Klay Thompson pra: 12.5 (Tank01 validated or no T01 data)
      [BDL] Accepting single-vendor line for Jalen Johnson pra: 40.5 (Tank01 validated or no T01 data)
      [BDL] Accepting single-vendor line for Naji Marshall pra: 19.5 (Tank01 validated or no T01 data)
      [BDL] Accepting single-vendor line for Cooper Flagg pra: 32.5 (Tank01 validated or no T01 data)
      [BDL] Accepting single-vendor line for Jock Landale pra: 14.5 (Tank01 validated or no T01 data)
      [BDL] Accepting single-vendor line for Daniel Gafford ra: 7.5 (Tank01 validated or no T01 data)
      [BDL] Accepting single-vendor line for Nickeil Alexander-Walker ra: 6.5 (Tank01 validated or no T01 data)
      [BDL] Accepting single-vendor line for Onyeka Okongwu ra: 9.5 (Tank01 validated or no T01 data)
      [BDL] Accepting single-vendor line for P.J. Washington ra: 7.5 (Tank01 validated or no T01 data)
      [BDL] Accepting single-vendor line for Jalen Johnson steals: 1.5 (Tank01 validated or no T01 data)
      [BDL] Accepting single-vendor line for Nickeil Alexander-Walker steals: 1.5 (Tank01 validated or no T01 data)
      [BDL] Accepting single-vendor line for Max Christie threes: 1.5 (Tank01 validated or no T01 data)
      [BDL] Accepting single-vendor line for Brandon Williams rebounds: 2.5 (Tank01 validated or no T01 data)
      [BDL] Accepting single-vendor line for Jonathan Kuminga pr: 18.5 (Tank01 validated or no T01 data)
      [BDL] Accepting single-vendor line for Naji Marshall ra: 7.5 (Tank01 validated or no T01 data)
      [BDL] Accepting single-vendor line for Jock Landale pr: 13.5 (Tank01 validated or no T01 data)
      [BDL] Accepting single-vendor line for Naji Marshall pr: 17.5 (Tank01 validated or no T01 data)
      [BDL] Accepting single-vendor line for Naji Marshall pa: 16.5 (Tank01 validated or no T01 data)
   > Dallas Mavericks @ Atlanta Hawks... ✅ Targets Acquired.
      📊 ODDS_API: 4040 credits remaining
      ↳ Found Books: ['FanDuel', 'Fliff', 'ReBet', 'Fanatics', 'DraftKings', 'Caesars', 'Hard Rock Bet', 'theScore Bet', 'Novig', 'BetOnline.ag', 'BetMGM', 'betPARX', 'Bally Bet', 'BetRivers', 'ProphetX', 'Pinnacle', 'PrizePicks', 'Bovada', 'Underdog', 'Betr DFS', 'DraftKings Pick6']
      > [BDL] Cross-referencing with BallDontLie...
      ✅ [BDL] Retrieved 1031 props
      [BDL] Accepting single-vendor line for Noah Clowney assists: 1.5 (Tank01 validated or no T01 data)
      [BDL] Accepting single-vendor line for Jalen Duren assists: 1.5 (Tank01 validated or no T01 data)
      [BDL] Accepting single-vendor line for Tobias Harris assists: 1.5 (Tank01 validated or no T01 data)
      [BDL] Accepting single-vendor line for Drake Powell assists: 1.5 (Tank01 validated or no T01 data)
      [BDL] Accepting single-vendor line for Duncan Robinson assists: 1.5 (Tank01 validated or no T01 data)
      [BDL] Accepting single-vendor line for Noah Clowney blocks: 0.5 (Tank01 validated or no T01 data)
      [BDL] Accepting single-vendor line for Jalen Duren blocks: 0.5 (Tank01 validated or no T01 data)
      [BDL] Accepting single-vendor line for Cade Cunningham blocks: 0.5 (Tank01 validated or no T01 data)
      [BDL] Accepting single-vendor line for Tobias Harris blocks: 0.5 (Tank01 validated or no T01 data)
      [BDL] Accepting single-vendor line for Michael Porter Jr. blocks: 0.5 (Tank01 validated or no T01 data)
      [BDL] Accepting single-vendor line for Drake Powell blocks: 0.5 (Tank01 validated or no T01 data)
      [BDL] Accepting single-vendor line for Duncan Robinson blocks: 0.5 (Tank01 validated or no T01 data)
      [BDL] Accepting single-vendor line for Marcus Sasser blocks: 0.5 (Tank01 validated or no T01 data)
      [BDL] Accepting single-vendor line for Nolan Traoré blocks: 0.5 (Tank01 validated or no T01 data)
      [BDL] Accepting single-vendor line for Nicolas Claxton blocks: 1.5 (Tank01 validated or no T01 data)
      [BDL] Accepting single-vendor line for Javonte Green points: 6.5 (Tank01 validated or no T01 data)
      [BDL] Accepting single-vendor line for Ronald Holland II points: 6.5 (Tank01 validated or no T01 data)
      [BDL] Accepting single-vendor line for Noah Clowney pa: 13.5 (Tank01 validated or no T01 data)
      [BDL] Accepting single-vendor line for Jalen Duren pa: 18.5 (Tank01 validated or no T01 data)
      [BDL] Accepting single-vendor line for Tobias Harris pa: 14.5 (Tank01 validated or no T01 data)
      [BDL] Accepting single-vendor line for Michael Porter Jr. pa: 24.5 (Tank01 validated or no T01 data)
      [BDL] Accepting single-vendor line for Drake Powell pa: 8.5 (Tank01 validated or no T01 data)
      [BDL] Accepting single-vendor line for Duncan Robinson pa: 12.5 (Tank01 validated or no T01 data)
      [BDL] Accepting single-vendor line for Drake Powell pr: 8.5 (Tank01 validated or no T01 data)
      [BDL] Accepting single-vendor line for Marcus Sasser pr: 10.5 (Tank01 validated or no T01 data)
      [BDL] Accepting single-vendor line for Nolan Traoré pr: 11.5 (Tank01 validated or no T01 data)
      [BDL] Accepting single-vendor line for Noah Clowney pra: 17.5 (Tank01 validated or no T01 data)
      [BDL] Accepting single-vendor line for Cade Cunningham pra: 41.5 (Tank01 validated or no T01 data)
      [BDL] Accepting single-vendor line for Tobias Harris pra: 19.5 (Tank01 validated or no T01 data)
      [BDL] Accepting single-vendor line for Michael Porter Jr. pra: 30.5 (Tank01 validated or no T01 data)
      [BDL] Accepting single-vendor line for Drake Powell pra: 10.5 (Tank01 validated or no T01 data)
      [BDL] Accepting single-vendor line for Isaiah Stewart pra: 14.5 (Tank01 validated or no T01 data)
      [BDL] Accepting single-vendor line for Kevin Huerter pra: 10.5 (Tank01 validated or no T01 data)
      [BDL] Accepting single-vendor line for Duncan Robinson pra: 14.5 (Tank01 validated or no T01 data)
      [BDL] Accepting single-vendor line for Marcus Sasser pra: 14.5 (Tank01 validated or no T01 data)
      [BDL] Accepting single-vendor line for Javonte Green pra: 9.5 (Tank01 validated or no T01 data)
      [BDL] Accepting single-vendor line for Ronald Holland II pra: 11.5 (Tank01 validated or no T01 data)
      [BDL] Accepting single-vendor line for Noah Clowney ra: 5.5 (Tank01 validated or no T01 data)
      [BDL] Accepting single-vendor line for Tobias Harris ra: 6.5 (Tank01 validated or no T01 data)
      [BDL] Accepting single-vendor line for Drake Powell ra: 3.5 (Tank01 validated or no T01 data)
      [BDL] Accepting single-vendor line for Duncan Robinson ra: 4.5 (Tank01 validated or no T01 data)
      [BDL] Accepting single-vendor line for Marcus Sasser ra: 5.5 (Tank01 validated or no T01 data)
      [BDL] Accepting single-vendor line for Nolan Traoré ra: 6.5 (Tank01 validated or no T01 data)
      [BDL] Accepting single-vendor line for Michael Porter Jr. ra: 9.5 (Tank01 validated or no T01 data)
      [BDL] Accepting single-vendor line for Isaiah Stewart pr: 13.5 (Tank01 validated or no T01 data)
      [BDL] Accepting single-vendor line for Marcus Sasser threes: 1.5 (Tank01 validated or no T01 data)
      [BDL] Accepting single-vendor line for Marcus Sasser rebounds: 2.5 (Tank01 validated or no T01 data)
      [BDL] Accepting single-vendor line for Nolan Traoré threes: 1.5 (Tank01 validated or no T01 data)
      [BDL] Accepting single-vendor line for Drake Powell rebounds: 2.5 (Tank01 validated or no T01 data)
   > Detroit Pistons @ Brooklyn Nets... ✅ Targets Acquired.
      📊 ODDS_API: 3995 credits remaining
      ↳ Found Books: ['FanDuel', 'Fliff', 'ReBet', 'DraftKings', 'Caesars', 'Novig', 'Fanatics', 'Hard Rock Bet', 'theScore Bet', 'BetOnline.ag', 'BetRivers', 'betPARX', 'Bally Bet', 'BetMGM', 'Pinnacle', 'Bovada', 'ProphetX', 'PrizePicks', 'Betr DFS', 'Underdog', 'DraftKings Pick6']
      > [BDL] Cross-referencing with BallDontLie...
      ✅ [BDL] Retrieved 1117 props
      [BDL] Accepting single-vendor line for Tre Johnson assists: 1.5 (Tank01 validated or no T01 data)
      [BDL] Accepting single-vendor line for Bilal Coulibaly blocks: 0.5 (Tank01 validated or no T01 data)
      [BDL] Accepting single-vendor line for Pelle Larsson blocks: 0.5 (Tank01 validated or no T01 data)
      [BDL] Accepting single-vendor line for Tre Johnson blocks: 0.5 (Tank01 validated or no T01 data)
      [BDL] Accepting single-vendor line for Bam Adebayo blocks: 0.5 (Tank01 validated or no T01 data)
      [BDL] Accepting single-vendor line for Tyler Herro blocks: 0.5 (Tank01 validated or no T01 data)
      [BDL] Accepting single-vendor line for Trae Young blocks: 0.5 (Tank01 validated or no T01 data)
      [BDL] Accepting single-vendor line for Davion Mitchell blocks: 0.5 (Tank01 validated or no T01 data)
      [BDL] Accepting single-vendor line for Bilal Coulibaly pa: 13.5 (Tank01 validated or no T01 data)
      [BDL] Accepting single-vendor line for Tre Johnson pa: 14.5 (Tank01 validated or no T01 data)
      [BDL] Accepting single-vendor line for Bam Adebayo pa: 26.5 (Tank01 validated or no T01 data)
      [BDL] Accepting single-vendor line for Bilal Coulibaly pr: 15.5 (Tank01 validated or no T01 data)
      [BDL] Accepting single-vendor line for Davion Mitchell pr: 11.5 (Tank01 validated or no T01 data)
      [BDL] Accepting single-vendor line for Carlton Carrington pra: 13.5 (Tank01 validated or no T01 data)
      [BDL] Accepting single-vendor line for Davion Mitchell pra: 17.5 (Tank01 validated or no T01 data)
      [BDL] Accepting single-vendor line for Kel'el Ware pra: 24.5 (Tank01 validated or no T01 data)
      [BDL] Accepting single-vendor line for Will Riley pra: 19.5 (Tank01 validated or no T01 data)
      [BDL] Accepting single-vendor line for Pelle Larsson ra: 8.5 (Tank01 validated or no T01 data)
      [BDL] Accepting single-vendor line for Tre Johnson ra: 4.5 (Tank01 validated or no T01 data)
      [BDL] Accepting single-vendor line for Tyler Herro ra: 8.5 (Tank01 validated or no T01 data)
      [BDL] Accepting single-vendor line for Trae Young ra: 8.5 (Tank01 validated or no T01 data)
      [BDL] Accepting single-vendor line for Davion Mitchell ra: 8.5 (Tank01 validated or no T01 data)
      [BDL] Accepting single-vendor line for Kel'el Ware blocks: 1.5 (Tank01 validated or no T01 data)
      [BDL] Accepting single-vendor line for Bilal Coulibaly steals: 1.5 (Tank01 validated or no T01 data)
      [BDL] Accepting single-vendor line for Bam Adebayo steals: 1.5 (Tank01 validated or no T01 data)
      [BDL] Accepting single-vendor line for Davion Mitchell steals: 0.5 (Tank01 validated or no T01 data)
      [BDL] Accepting single-vendor line for Myron Gardner pr: 13.5 (Tank01 validated or no T01 data)
      [BDL] Accepting single-vendor line for Jaime Jaquez Jr. pa: 21.5 (Tank01 validated or no T01 data)
      [BDL] Accepting single-vendor line for Carlton Carrington pr: 10.5 (Tank01 validated or no T01 data)
      [BDL] Accepting single-vendor line for Jaime Jaquez Jr. pr: 22.5 (Tank01 validated or no T01 data)
      [BDL] Accepting single-vendor line for Carlton Carrington pa: 11.5 (Tank01 validated or no T01 data)
      [BDL] Accepting single-vendor line for Carlton Carrington ra: 6.5 (Tank01 validated or no T01 data)
      [BDL] Accepting single-vendor line for Jaime Jaquez Jr. ra: 10.5 (Tank01 validated or no T01 data)
      [BDL] Accepting single-vendor line for Will Riley pr: 16.5 (Tank01 validated or no T01 data)
      [BDL] Accepting single-vendor line for Will Riley ra: 5.5 (Tank01 validated or no T01 data)
      [BDL] Accepting single-vendor line for Will Riley pa: 15.5 (Tank01 validated or no T01 data)
      [BDL] Accepting single-vendor line for Kel'el Ware pr: 24.5 (Tank01 validated or no T01 data)
      [BDL] Accepting single-vendor line for Davion Mitchell rebounds: 2.5 (Tank01 validated or no T01 data)
      [BDL] Accepting single-vendor line for Trae Young rebounds: 1.5 (Tank01 validated or no T01 data)
   > Washington Wizards @ Miami Heat... ✅ Targets Acquired.
      📊 ODDS_API: 3950 credits remaining
      ↳ Found Books: ['FanDuel', 'Novig', 'DraftKings', 'Caesars', 'Fliff', 'ProphetX', 'Bally Bet', 'BetRivers', 'betPARX', 'theScore Bet', 'Hard Rock Bet', 'PrizePicks', 'Fanatics', 'BetOnline.ag', 'BetMGM', 'Pinnacle', 'BetOpenly', 'Bovada', 'Underdog', 'Betr DFS', 'DraftKings Pick6']
      > [BDL] Cross-referencing with BallDontLie...
      ✅ [BDL] Retrieved 1237 props
      [BDL] Accepting single-vendor line for Neemias Queta assists: 1.5 (Tank01 validated or no T01 data)
      [BDL] Accepting single-vendor line for Sam Hauser assists: 1.5 (Tank01 validated or no T01 data)
      [BDL] Accepting single-vendor line for Julian Champagnie assists: 1.5 (Tank01 validated or no T01 data)
      [BDL] Accepting single-vendor line for Derrick White blocks: 1.5 (Tank01 validated or no T01 data)
      [BDL] Accepting single-vendor line for Sam Hauser blocks: 0.5 (Tank01 validated or no T01 data)
      [BDL] Accepting single-vendor line for Stephon Castle blocks: 0.5 (Tank01 validated or no T01 data)
      [BDL] Accepting single-vendor line for Jayson Tatum blocks: 0.5 (Tank01 validated or no T01 data)
      [BDL] Accepting single-vendor line for Julian Champagnie blocks: 0.5 (Tank01 validated or no T01 data)
      [BDL] Accepting single-vendor line for Jaylen Brown blocks: 0.5 (Tank01 validated or no T01 data)
      [BDL] Accepting single-vendor line for De'Aaron Fox blocks: 0.5 (Tank01 validated or no T01 data)
      [BDL] Accepting single-vendor line for Devin Vassell blocks: 0.5 (Tank01 validated or no T01 data)
      [BDL] Accepting single-vendor line for Victor Wembanyama blocks: 3.5 (Tank01 validated or no T01 data)
      [BDL] Accepting single-vendor line for Luke Kornet points: 4.5 (Tank01 validated or no T01 data)
      [BDL] Accepting single-vendor line for Neemias Queta pa: 10.5 (Tank01 validated or no T01 data)
      [BDL] Accepting single-vendor line for Sam Hauser pa: 9.5 (Tank01 validated or no T01 data)
      [BDL] Accepting single-vendor line for Stephon Castle pa: 22.5 (Tank01 validated or no T01 data)
      [BDL] Accepting single-vendor line for Julian Champagnie pa: 11.5 (Tank01 validated or no T01 data)
      [BDL] Accepting single-vendor line for Jaylen Brown pa: 29.5 (Tank01 validated or no T01 data)
      [BDL] Accepting single-vendor line for De'Aaron Fox pa: 23.5 (Tank01 validated or no T01 data)
      [BDL] Accepting single-vendor line for Neemias Queta pr: 18.5 (Tank01 validated or no T01 data)
      [BDL] Accepting single-vendor line for Jayson Tatum pr: 26.5 (Tank01 validated or no T01 data)
      [BDL] Accepting single-vendor line for Victor Wembanyama pr: 35.5 (Tank01 validated or no T01 data)
      [BDL] Accepting single-vendor line for Devin Vassell pr: 16.5 (Tank01 validated or no T01 data)
      [BDL] Accepting single-vendor line for Julian Champagnie pra: 17.5 (Tank01 validated or no T01 data)
      [BDL] Accepting single-vendor line for Victor Wembanyama pra: 38.5 (Tank01 validated or no T01 data)
      [BDL] Accepting single-vendor line for Luke Kornet pra: 10.5 (Tank01 validated or no T01 data)
      [BDL] Accepting single-vendor line for De'Aaron Fox pra: 26.5 (Tank01 validated or no T01 data)
      [BDL] Accepting single-vendor line for Dylan Harper pra: 15.5 (Tank01 validated or no T01 data)
      [BDL] Accepting single-vendor line for Payton Pritchard pra: 23.5 (Tank01 validated or no T01 data)
      [BDL] Accepting single-vendor line for Jaylen Brown pra: 36.5 (Tank01 validated or no T01 data)
      [BDL] Accepting single-vendor line for Neemias Queta pra: 19.5 (Tank01 validated or no T01 data)
      [BDL] Accepting single-vendor line for Baylor Scheierman pra: 13.5 (Tank01 validated or no T01 data)
      [BDL] Accepting single-vendor line for Keldon Johnson pra: 16.5 (Tank01 validated or no T01 data)
      [BDL] Accepting single-vendor line for Neemias Queta ra: 10.5 (Tank01 validated or no T01 data)
      [BDL] Accepting single-vendor line for Derrick White ra: 9.5 (Tank01 validated or no T01 data)
      [BDL] Accepting single-vendor line for Sam Hauser ra: 4.5 (Tank01 validated or no T01 data)
      [BDL] Accepting single-vendor line for Julian Champagnie ra: 6.5 (Tank01 validated or no T01 data)
      [BDL] Accepting single-vendor line for Jaylen Brown ra: 12.5 (Tank01 validated or no T01 data)
      [BDL] Accepting single-vendor line for Devin Vassell ra: 6.5 (Tank01 validated or no T01 data)
      [BDL] Accepting single-vendor line for Stephon Castle steals: 1.5 (Tank01 validated or no T01 data)
      [BDL] Accepting single-vendor line for Victor Wembanyama steals: 1.5 (Tank01 validated or no T01 data)
      [BDL] Accepting single-vendor line for Dylan Harper pr: 11.5 (Tank01 validated or no T01 data)
      [BDL] Accepting single-vendor line for Dylan Harper pa: 12.5 (Tank01 validated or no T01 data)
      [BDL] Accepting single-vendor line for Dylan Harper ra: 5.5 (Tank01 validated or no T01 data)
      [BDL] Accepting single-vendor line for Baylor Scheierman pr: 11.5 (Tank01 validated or no T01 data)
      [BDL] Accepting single-vendor line for Keldon Johnson pr: 14.5 (Tank01 validated or no T01 data)
   > Boston Celtics @ San Antonio Spurs... ✅ Targets Acquired.
      📊 ODDS_API: 3905 credits remaining
      ↳ Found Books: ['FanDuel', 'Fliff', 'Novig', 'Hard Rock Bet', 'DraftKings', 'Caesars', 'BetRivers', 'betPARX', 'Bally Bet', 'theScore Bet', 'Fanatics', 'BetOnline.ag', 'BetMGM', 'Underdog', 'PrizePicks', 'ProphetX', 'Pinnacle', 'Bovada', 'Betr DFS', 'DraftKings Pick6']
      > [BDL] Cross-referencing with BallDontLie...
      ✅ [BDL] Retrieved 1103 props
      [BDL] Accepting single-vendor line for Tari Eason assists: 1.5 (Tank01 validated or no T01 data)
      [BDL] Accepting single-vendor line for Jabari Smith Jr. assists: 1.5 (Tank01 validated or no T01 data)
      [BDL] Accepting single-vendor line for Jakob Poeltl assists: 2.5 (Tank01 validated or no T01 data)
      [BDL] Accepting single-vendor line for Brandon Ingram blocks: 0.5 (Tank01 validated or no T01 data)
      [BDL] Accepting single-vendor line for Immanuel Quickley blocks: 0.5 (Tank01 validated or no T01 data)
      [BDL] Accepting single-vendor line for Alperen Sengun blocks: 0.5 (Tank01 validated or no T01 data)
      [BDL] Accepting single-vendor line for Amen Thompson blocks: 0.5 (Tank01 validated or no T01 data)
      [BDL] Accepting single-vendor line for Tari Eason blocks: 0.5 (Tank01 validated or no T01 data)
      [BDL] Accepting single-vendor line for Jabari Smith Jr. blocks: 0.5 (Tank01 validated or no T01 data)
      [BDL] Accepting single-vendor line for Kevin Durant blocks: 0.5 (Tank01 validated or no T01 data)
      [BDL] Accepting single-vendor line for Jakob Poeltl blocks: 0.5 (Tank01 validated or no T01 data)
      [BDL] Accepting single-vendor line for RJ Barrett blocks: 0.5 (Tank01 validated or no T01 data)
      [BDL] Accepting single-vendor line for Clint Capela points: 3.5 (Tank01 validated or no T01 data)
      [BDL] Accepting single-vendor line for Immanuel Quickley pa: 22.5 (Tank01 validated or no T01 data)
      [BDL] Accepting single-vendor line for Alperen Sengun pa: 24.5 (Tank01 validated or no T01 data)
      [BDL] Accepting single-vendor line for Tari Eason pa: 11.5 (Tank01 validated or no T01 data)
      [BDL] Accepting single-vendor line for Jabari Smith Jr. pa: 15.5 (Tank01 validated or no T01 data)
      [BDL] Accepting single-vendor line for Jakob Poeltl pa: 12.5 (Tank01 validated or no T01 data)
      [BDL] Accepting single-vendor line for Brandon Ingram pa: 23.5 (Tank01 validated or no T01 data)
      [BDL] Accepting single-vendor line for Brandon Ingram pr: 25.5 (Tank01 validated or no T01 data)
      [BDL] Accepting single-vendor line for Amen Thompson pr: 25.5 (Tank01 validated or no T01 data)
      [BDL] Accepting single-vendor line for Kevin Durant pr: 29.5 (Tank01 validated or no T01 data)
      [BDL] Accepting single-vendor line for Brandon Ingram pra: 29.5 (Tank01 validated or no T01 data)
      [BDL] Accepting single-vendor line for Ja'Kobe Walter pra: 10.5 (Tank01 validated or no T01 data)
      [BDL] Accepting single-vendor line for Clint Capela pra: 9.5 (Tank01 validated or no T01 data)
      [BDL] Accepting single-vendor line for Tari Eason pra: 18.5 (Tank01 validated or no T01 data)
      [BDL] Accepting single-vendor line for Jakob Poeltl pra: 20.5 (Tank01 validated or no T01 data)
      [BDL] Accepting single-vendor line for Dorian Finney-Smith pra: 7.5 (Tank01 validated or no T01 data)
      [BDL] Accepting single-vendor line for Reed Sheppard pra: 20.5 (Tank01 validated or no T01 data)
      [BDL] Accepting single-vendor line for Jabari Smith Jr. pra: 22.5 (Tank01 validated or no T01 data)
      [BDL] Accepting single-vendor line for Brandon Ingram ra: 9.5 (Tank01 validated or no T01 data)
      [BDL] Accepting single-vendor line for Tari Eason ra: 7.5 (Tank01 validated or no T01 data)
      [BDL] Accepting single-vendor line for Jabari Smith Jr. ra: 8.5 (Tank01 validated or no T01 data)
      [BDL] Accepting single-vendor line for Jakob Poeltl ra: 10.5 (Tank01 validated or no T01 data)
      [BDL] Accepting single-vendor line for Scottie Barnes ra: 11.5 (Tank01 validated or no T01 data)
      [BDL] Accepting single-vendor line for Kevin Durant ra: 10.5 (Tank01 validated or no T01 data)
      [BDL] Accepting single-vendor line for Amen Thompson steals: 1.5 (Tank01 validated or no T01 data)
      [BDL] Accepting single-vendor line for Scottie Barnes steals: 1.5 (Tank01 validated or no T01 data)
      [BDL] Accepting single-vendor line for Tari Eason steals: 1.5 (Tank01 validated or no T01 data)
      [BDL] Accepting single-vendor line for Reed Sheppard steals: 1.5 (Tank01 validated or no T01 data)
      [BDL] Accepting single-vendor line for Immanuel Quickley steals: 1.5 (Tank01 validated or no T01 data)
      [BDL] Accepting single-vendor line for Reed Sheppard pa: 18.5 (Tank01 validated or no T01 data)
      [BDL] Accepting single-vendor line for Brandon Ingram rebounds: 5.5 (Tank01 validated or no T01 data)
      [BDL] Accepting single-vendor line for Brandon Ingram threes: 1.5 (Tank01 validated or no T01 data)
      [BDL] Accepting single-vendor line for Ja'Kobe Walter threes: 1.5 (Tank01 validated or no T01 data)
   > Toronto Raptors @ Houston Rockets... ✅ Targets Acquired.
      📊 ODDS_API: 3860 credits remaining
      ↳ Found Books: ['FanDuel', 'Fliff', 'DraftKings', 'Novig', 'theScore Bet', 'Caesars', 'Fanatics', 'Hard Rock Bet', 'BetOnline.ag', 'BetMGM', 'Underdog', 'betPARX', 'Bally Bet', 'BetRivers', 'PrizePicks', 'ProphetX', 'Pinnacle', 'Bovada', 'ReBet', 'Betr DFS', 'DraftKings Pick6', 'BetOpenly']
      > [BDL] Cross-referencing with BallDontLie...
      ✅ [BDL] Retrieved 1215 props
      [BDL] Accepting single-vendor line for Myles Turner assists: 0.5 (Tank01 validated or no T01 data)
      [BDL] Accepting single-vendor line for Royce O'Neale assists: 2.5 (Tank01 validated or no T01 data)
      [BDL] Accepting single-vendor line for Kyle Kuzma assists: 2.5 (Tank01 validated or no T01 data)
      [BDL] Accepting single-vendor line for Ryan Rollins blocks: 0.5 (Tank01 validated or no T01 data)
      [BDL] Accepting single-vendor line for Ousmane Dieng blocks: 0.5 (Tank01 validated or no T01 data)
      [BDL] Accepting single-vendor line for Oso Ighodaro blocks: 0.5 (Tank01 validated or no T01 data)
      [BDL] Accepting single-vendor line for Royce O'Neale blocks: 0.5 (Tank01 validated or no T01 data)
      [BDL] Accepting single-vendor line for Collin Gillespie blocks: 0.5 (Tank01 validated or no T01 data)
      [BDL] Accepting single-vendor line for Giannis Antetokounmpo blocks: 0.5 (Tank01 validated or no T01 data)
      [BDL] Accepting single-vendor line for Devin Booker blocks: 0.5 (Tank01 validated or no T01 data)
      [BDL] Accepting single-vendor line for Kyle Kuzma blocks: 0.5 (Tank01 validated or no T01 data)
      [BDL] Accepting single-vendor line for Jalen Green blocks: 0.5 (Tank01 validated or no T01 data)
      [BDL] Accepting single-vendor line for Myles Turner blocks: 1.5 (Tank01 validated or no T01 data)
      [BDL] Accepting single-vendor line for Ryan Rollins pa: 20.5 (Tank01 validated or no T01 data)
      [BDL] Accepting single-vendor line for Ousmane Dieng pa: 11.5 (Tank01 validated or no T01 data)
      [BDL] Accepting single-vendor line for Oso Ighodaro pa: 9.5 (Tank01 validated or no T01 data)
      [BDL] Accepting single-vendor line for Myles Turner pa: 8.5 (Tank01 validated or no T01 data)
      [BDL] Accepting single-vendor line for Royce O'Neale pa: 11.5 (Tank01 validated or no T01 data)
      [BDL] Accepting single-vendor line for Devin Booker pa: 30.5 (Tank01 validated or no T01 data)
      [BDL] Accepting single-vendor line for Giannis Antetokounmpo pa: 30.5 (Tank01 validated or no T01 data)
      [BDL] Accepting single-vendor line for Ryan Rollins pr: 19.5 (Tank01 validated or no T01 data)
      [BDL] Accepting single-vendor line for Ousmane Dieng pr: 12.5 (Tank01 validated or no T01 data)
      [BDL] Accepting single-vendor line for Myles Turner pr: 11.5 (Tank01 validated or no T01 data)
      [BDL] Accepting single-vendor line for Devin Booker pr: 28.5 (Tank01 validated or no T01 data)
      [BDL] Accepting single-vendor line for Ryan Rollins pra: 25.5 (Tank01 validated or no T01 data)
      [BDL] Accepting single-vendor line for Ousmane Dieng pra: 15.5 (Tank01 validated or no T01 data)
      [BDL] Accepting single-vendor line for Oso Ighodaro pra: 16.5 (Tank01 validated or no T01 data)
      [BDL] Accepting single-vendor line for Bobby Portis pra: 18.5 (Tank01 validated or no T01 data)
      [BDL] Accepting single-vendor line for Myles Turner pra: 12.5 (Tank01 validated or no T01 data)
      [BDL] Accepting single-vendor line for A.J. Green pra: 10.5 (Tank01 validated or no T01 data)
      [BDL] Accepting single-vendor line for Giannis Antetokounmpo pra: 39.5 (Tank01 validated or no T01 data)
      [BDL] Accepting single-vendor line for Devin Booker pra: 34.5 (Tank01 validated or no T01 data)
      [BDL] Accepting single-vendor line for Khaman Maluach pra: 10.5 (Tank01 validated or no T01 data)
      [BDL] Accepting single-vendor line for Myles Turner ra: 4.5 (Tank01 validated or no T01 data)
      [BDL] Accepting single-vendor line for Kyle Kuzma ra: 6.5 (Tank01 validated or no T01 data)
      [BDL] Accepting single-vendor line for Ousmane Dieng ra: 7.5 (Tank01 validated or no T01 data)
      [BDL] Accepting single-vendor line for A.J. Green threes: 2.5 (Tank01 validated or no T01 data)
      [BDL] Accepting single-vendor line for Grayson Allen pr: 19.5 (Tank01 validated or no T01 data)
      [BDL] Accepting single-vendor line for Oso Ighodaro pr: 14.5 (Tank01 validated or no T01 data)
      [BDL] Accepting single-vendor line for Grayson Allen pa: 21.5 (Tank01 validated or no T01 data)
      [BDL] Accepting single-vendor line for Khaman Maluach pr: 10.5 (Tank01 validated or no T01 data)
      [BDL] Accepting single-vendor line for Bobby Portis pr: 17.5 (Tank01 validated or no T01 data)
      [BDL] Accepting single-vendor line for Grayson Allen ra: 7.5 (Tank01 validated or no T01 data)
      [BDL] Accepting single-vendor line for Grayson Allen rebounds: 2.5 (Tank01 validated or no T01 data)
   > Phoenix Suns @ Milwaukee Bucks... ✅ Targets Acquired.
      📊 ODDS_API: 3815 credits remaining
      ↳ Found Books: ['FanDuel', 'Fliff', 'DraftKings', 'Novig', 'Caesars', 'BetRivers', 'Bally Bet', 'betPARX', 'theScore Bet', 'Fanatics', 'Hard Rock Bet', 'BetMGM', 'BetOnline.ag', 'ProphetX', 'Pinnacle', 'Bovada', 'Underdog', 'Betr DFS', 'PrizePicks', 'DraftKings Pick6', 'BetOpenly']
      > [BDL] Cross-referencing with BallDontLie...
      ✅ [BDL] Retrieved 1299 props
      [BDL] Accepting single-vendor line for Donovan Clingan assists: 1.5 (Tank01 validated or no T01 data)
      [BDL] Accepting single-vendor line for Moussa Diabate assists: 2.5 (Tank01 validated or no T01 data)
      [BDL] Accepting single-vendor line for Jerami Grant assists: 1.5 (Tank01 validated or no T01 data)
      [BDL] Accepting single-vendor line for Deni Avdija blocks: 0.5 (Tank01 validated or no T01 data)
      [BDL] Accepting single-vendor line for Donovan Clingan blocks: 1.5 (Tank01 validated or no T01 data)
      [BDL] Accepting single-vendor line for Moussa Diabate blocks: 1.5 (Tank01 validated or no T01 data)
      [BDL] Accepting single-vendor line for LaMelo Ball blocks: 0.5 (Tank01 validated or no T01 data)
      [BDL] Accepting single-vendor line for Jerami Grant blocks: 0.5 (Tank01 validated or no T01 data)
      [BDL] Accepting single-vendor line for Brandon Miller blocks: 0.5 (Tank01 validated or no T01 data)
      [BDL] Accepting single-vendor line for Jrue Holiday blocks: 0.5 (Tank01 validated or no T01 data)
      [BDL] Accepting single-vendor line for Miles Bridges blocks: 0.5 (Tank01 validated or no T01 data)
      [BDL] Accepting single-vendor line for Toumani Camara blocks: 0.5 (Tank01 validated or no T01 data)
      [BDL] Accepting single-vendor line for Kon Knueppel blocks: 0.5 (Tank01 validated or no T01 data)
      [BDL] Accepting single-vendor line for Donovan Clingan pa: 13.5 (Tank01 validated or no T01 data)
      [BDL] Accepting single-vendor line for Moussa Diabate pa: 11.5 (Tank01 validated or no T01 data)
      [BDL] Accepting single-vendor line for Jerami Grant pa: 19.5 (Tank01 validated or no T01 data)
      [BDL] Accepting single-vendor line for Jrue Holiday pa: 22.5 (Tank01 validated or no T01 data)
      [BDL] Accepting single-vendor line for Toumani Camara pa: 14.5 (Tank01 validated or no T01 data)
      [BDL] Accepting single-vendor line for Kon Knueppel pa: 23.5 (Tank01 validated or no T01 data)
      [BDL] Accepting single-vendor line for Miles Bridges pa: 17.5 (Tank01 validated or no T01 data)
      [BDL] Accepting single-vendor line for Donovan Clingan pr: 21.5 (Tank01 validated or no T01 data)
      [BDL] Accepting single-vendor line for Jerami Grant pr: 20.5 (Tank01 validated or no T01 data)
      [BDL] Accepting single-vendor line for Brandon Miller pr: 26.5 (Tank01 validated or no T01 data)
      [BDL] Accepting single-vendor line for Toumani Camara pr: 17.5 (Tank01 validated or no T01 data)
      [BDL] Accepting single-vendor line for Miles Bridges pr: 19.5 (Tank01 validated or no T01 data)
      [BDL] Accepting single-vendor line for Moussa Diabate pr: 18.5 (Tank01 validated or no T01 data)
      [BDL] Accepting single-vendor line for Kon Knueppel pr: 25.5 (Tank01 validated or no T01 data)
      [BDL] Accepting single-vendor line for Vit Krejci pra: 9.5 (Tank01 validated or no T01 data)
      [BDL] Accepting single-vendor line for LaMelo Ball pra: 31.5 (Tank01 validated or no T01 data)
      [BDL] Accepting single-vendor line for Jerami Grant pra: 22.5 (Tank01 validated or no T01 data)
      [BDL] Accepting single-vendor line for Scoot Henderson pra: 18.5 (Tank01 validated or no T01 data)
      [BDL] Accepting single-vendor line for Jrue Holiday pra: 26.5 (Tank01 validated or no T01 data)
      [BDL] Accepting single-vendor line for Toumani Camara pra: 19.5 (Tank01 validated or no T01 data)
      [BDL] Accepting single-vendor line for Ryan Kalkbrenner pra: 10.5 (Tank01 validated or no T01 data)
      [BDL] Accepting single-vendor line for Robert Williams III pra: 14.5 (Tank01 validated or no T01 data)
      [BDL] Accepting single-vendor line for Donovan Clingan ra: 12.5 (Tank01 validated or no T01 data)
      [BDL] Accepting single-vendor line for LaMelo Ball ra: 11.5 (Tank01 validated or no T01 data)
      [BDL] Accepting single-vendor line for Jerami Grant ra: 4.5 (Tank01 validated or no T01 data)
      [BDL] Accepting single-vendor line for Brandon Miller ra: 8.5 (Tank01 validated or no T01 data)
      [BDL] Accepting single-vendor line for Toumani Camara ra: 6.5 (Tank01 validated or no T01 data)
      [BDL] Accepting single-vendor line for Moussa Diabate ra: 11.5 (Tank01 validated or no T01 data)
      [BDL] Accepting single-vendor line for Scoot Henderson pa: 15.5 (Tank01 validated or no T01 data)
      [BDL] Accepting single-vendor line for Scoot Henderson rebounds: 2.5 (Tank01 validated or no T01 data)
   > Charlotte Hornets @ Portland Trail Blazers... ✅ Targets Acquired.
      📊 ODDS_API: 3770 credits remaining
      ↳ Found Books: ['FanDuel', 'Fliff', 'DraftKings', 'Novig', 'Fanatics', 'Hard Rock Bet', 'BetRivers', 'Bally Bet', 'betPARX', 'ProphetX', 'Caesars', 'theScore Bet', 'BetOnline.ag', 'Pinnacle', 'Bovada', 'BetMGM', 'PrizePicks', 'Underdog', 'DraftKings Pick6', 'Betr DFS']
      > [BDL] Cross-referencing with BallDontLie...
      ✅ [BDL] Retrieved 1253 props
      [BDL] Accepting single-vendor line for Guerschon Yabusele assists: 1.5 (Tank01 validated or no T01 data)
      [BDL] Accepting single-vendor line for Isaac Okoro assists: 1.5 (Tank01 validated or no T01 data)
      [BDL] Accepting single-vendor line for Brandin Podziemski blocks: 0.5 (Tank01 validated or no T01 data)
      [BDL] Accepting single-vendor line for Draymond Green blocks: 0.5 (Tank01 validated or no T01 data)
      [BDL] Accepting single-vendor line for Josh Giddey blocks: 0.5 (Tank01 validated or no T01 data)
      [BDL] Accepting single-vendor line for Gui Santos blocks: 0.5 (Tank01 validated or no T01 data)
      [BDL] Accepting single-vendor line for Guerschon Yabusele blocks: 0.5 (Tank01 validated or no T01 data)
      [BDL] Accepting single-vendor line for De'Anthony Melton blocks: 0.5 (Tank01 validated or no T01 data)
      [BDL] Accepting single-vendor line for Tre Jones blocks: 0.5 (Tank01 validated or no T01 data)
      [BDL] Accepting single-vendor line for Matas Buzelis blocks: 1.5 (Tank01 validated or no T01 data)
      [BDL] Accepting single-vendor line for Isaac Okoro blocks: 0.5 (Tank01 validated or no T01 data)
      [BDL] Accepting single-vendor line for Draymond Green pa: 16.5 (Tank01 validated or no T01 data)
      [BDL] Accepting single-vendor line for Guerschon Yabusele pa: 11.5 (Tank01 validated or no T01 data)
      [BDL] Accepting single-vendor line for De'Anthony Melton pa: 19.5 (Tank01 validated or no T01 data)
      [BDL] Accepting single-vendor line for Isaac Okoro pa: 11.5 (Tank01 validated or no T01 data)
      [BDL] Accepting single-vendor line for Matas Buzelis pa: 19.5 (Tank01 validated or no T01 data)
      [BDL] Accepting single-vendor line for Guerschon Yabusele pr: 15.5 (Tank01 validated or no T01 data)
      [BDL] Accepting single-vendor line for De'Anthony Melton pr: 21.5 (Tank01 validated or no T01 data)
      [BDL] Accepting single-vendor line for Draymond Green pra: 22.5 (Tank01 validated or no T01 data)
      [BDL] Accepting single-vendor line for Collin Sexton pra: 22.5 (Tank01 validated or no T01 data)
      [BDL] Accepting single-vendor line for Jalen Smith pra: 16.5 (Tank01 validated or no T01 data)
      [BDL] Accepting single-vendor line for Guerschon Yabusele pra: 17.5 (Tank01 validated or no T01 data)
      [BDL] Accepting single-vendor line for De'Anthony Melton pra: 23.5 (Tank01 validated or no T01 data)
      [BDL] Accepting single-vendor line for Isaac Okoro pra: 14.5 (Tank01 validated or no T01 data)
      [BDL] Accepting single-vendor line for Kristaps Porzingis pra: 19.5 (Tank01 validated or no T01 data)
      [BDL] Accepting single-vendor line for Gui Santos ra: 10.5 (Tank01 validated or no T01 data)
      [BDL] Accepting single-vendor line for Guerschon Yabusele ra: 7.5 (Tank01 validated or no T01 data)
      [BDL] Accepting single-vendor line for De'Anthony Melton ra: 6.5 (Tank01 validated or no T01 data)
      [BDL] Accepting single-vendor line for Tre Jones ra: 7.5 (Tank01 validated or no T01 data)
      [BDL] Accepting single-vendor line for Isaac Okoro ra: 4.5 (Tank01 validated or no T01 data)
      [BDL] Accepting single-vendor line for Al Horford assists: 2.5 (Tank01 validated or no T01 data)
      [BDL] Accepting single-vendor line for Al Horford ra: 8.5 (Tank01 validated or no T01 data)
      [BDL] Accepting single-vendor line for Al Horford pa: 13.5 (Tank01 validated or no T01 data)
      [BDL] Accepting single-vendor line for Kristaps Porzingis pr: 17.5 (Tank01 validated or no T01 data)
      [BDL] Accepting single-vendor line for Jalen Smith pr: 15.5 (Tank01 validated or no T01 data)[LUDI-CORE] HTTP Request: POST https://api.anthropic.com/v1/messages "HTTP/1.1 200 OK"

      [BDL] Accepting single-vendor line for Al Horford pr: 17.5 (Tank01 validated or no T01 data)
   > Chicago Bulls @ Golden State Warriors... ✅ Targets Acquired.
      📊 ODDS_API: 3725 credits remaining
      ↳ Found Books: ['FanDuel', 'BetOnline.ag', 'Fliff', 'Novig', 'Fanatics', 'DraftKings', 'BetMGM', 'Caesars', 'Underdog', 'Pinnacle', 'Bovada', 'betPARX', 'BetRivers', 'Bally Bet', 'Hard Rock Bet', 'ProphetX', 'PrizePicks', 'Betr DFS', 'theScore Bet', 'DraftKings Pick6']
      > [BDL] Cross-referencing with BallDontLie...
      ✅ [BDL] Retrieved 845 props
      [BDL] Accepting single-vendor line for Maxime Raynaud assists: 1.5 (Tank01 validated or no T01 data)
      [BDL] Accepting single-vendor line for Precious Achiuwa assists: 1.5 (Tank01 validated or no T01 data)
      [BDL] Accepting single-vendor line for Aaron Nesmith assists: 1.5 (Tank01 validated or no T01 data)
      [BDL] Accepting single-vendor line for Jay Huff assists: 1.5 (Tank01 validated or no T01 data)
      [BDL] Accepting single-vendor line for Ben Sheppard assists: 2.5 (Tank01 validated or no T01 data)
      [BDL] Accepting single-vendor line for Maxime Raynaud blocks: 0.5 (Tank01 validated or no T01 data)
      [BDL] Accepting single-vendor line for Precious Achiuwa blocks: 0.5 (Tank01 validated or no T01 data)
      [BDL] Accepting single-vendor line for Aaron Nesmith blocks: 0.5 (Tank01 validated or no T01 data)
      [BDL] Accepting single-vendor line for Russell Westbrook blocks: 0.5 (Tank01 validated or no T01 data)
      [BDL] Accepting single-vendor line for Nique Clifford blocks: 0.5 (Tank01 validated or no T01 data)
      [BDL] Accepting single-vendor line for DeMar DeRozan blocks: 0.5 (Tank01 validated or no T01 data)
      [BDL] Accepting single-vendor line for Jarace Walker blocks: 0.5 (Tank01 validated or no T01 data)
      [BDL] Accepting single-vendor line for Ben Sheppard blocks: 0.5 (Tank01 validated or no T01 data)
      [BDL] Accepting single-vendor line for Obi Toppin points: 5.5 (Tank01 validated or no T01 data)
      [BDL] Accepting single-vendor line for Maxime Raynaud pa: 18.5 (Tank01 validated or no T01 data)
      [BDL] Accepting single-vendor line for Precious Achiuwa pa: 17.5 (Tank01 validated or no T01 data)
      [BDL] Accepting single-vendor line for Aaron Nesmith pa: 14.5 (Tank01 validated or no T01 data)
      [BDL] Accepting single-vendor line for Nique Clifford pa: 15.5 (Tank01 validated or no T01 data)
      [BDL] Accepting single-vendor line for DeMar DeRozan pa: 20.5 (Tank01 validated or no T01 data)
      [BDL] Accepting single-vendor line for Jarace Walker pa: 22.5 (Tank01 validated or no T01 data)
      [BDL] Accepting single-vendor line for Jay Huff pa: 16.5 (Tank01 validated or no T01 data)
      [BDL] Accepting single-vendor line for Ben Sheppard pa: 12.5 (Tank01 validated or no T01 data)
      [BDL] Accepting single-vendor line for Precious Achiuwa pr: 25.5 (Tank01 validated or no T01 data)
      [BDL] Accepting single-vendor line for DeMar DeRozan pr: 19.5 (Tank01 validated or no T01 data)
      [BDL] Accepting single-vendor line for Nique Clifford pr: 18.5 (Tank01 validated or no T01 data)
      [BDL] Accepting single-vendor line for Ben Sheppard pr: 13.5 (Tank01 validated or no T01 data)
      [BDL] Accepting single-vendor line for Precious Achiuwa pra: 26.5 (Tank01 validated or no T01 data)
      [BDL] Accepting single-vendor line for Aaron Nesmith pra: 17.5 (Tank01 validated or no T01 data)
      [BDL] Accepting single-vendor line for Nique Clifford pra: 21.5 (Tank01 validated or no T01 data)
      [BDL] Accepting single-vendor line for Malik Monk pra: 22.5 (Tank01 validated or no T01 data)
      [BDL] Accepting single-vendor line for DeMar DeRozan pra: 23.5 (Tank01 validated or no T01 data)
      [BDL] Accepting single-vendor line for Jarace Walker pra: 29.5 (Tank01 validated or no T01 data)
      [BDL] Accepting single-vendor line for Maxime Raynaud pra: 29.5 (Tank01 validated or no T01 data)
      [BDL] Accepting single-vendor line for Jay Huff pra: 21.5 (Tank01 validated or no T01 data)
      [BDL] Accepting single-vendor line for Ben Sheppard pra: 15.5 (Tank01 validated or no T01 data)
      [BDL] Accepting single-vendor line for Obi Toppin pra: 9.5 (Tank01 validated or no T01 data)
      [BDL] Accepting single-vendor line for Precious Achiuwa ra: 11.5 (Tank01 validated or no T01 data)
      [BDL] Accepting single-vendor line for Aaron Nesmith ra: 5.5 (Tank01 validated or no T01 data)
      [BDL] Accepting single-vendor line for Russell Westbrook ra: 12.5 (Tank01 validated or no T01 data)
      [BDL] Accepting single-vendor line for Jay Huff ra: 7.5 (Tank01 validated or no T01 data)
      [BDL] Accepting single-vendor line for DeMar DeRozan ra: 6.5 (Tank01 validated or no T01 data)
      [BDL] Accepting single-vendor line for Maxime Raynaud ra: 12.5 (Tank01 validated or no T01 data)
      [BDL] Accepting single-vendor line for Ben Sheppard ra: 5.5 (Tank01 validated or no T01 data)
      [BDL] Accepting single-vendor line for Nique Clifford steals: 1.5 (Tank01 validated or no T01 data)
      [BDL] Accepting single-vendor line for Precious Achiuwa steals: 1.5 (Tank01 validated or no T01 data)
      [BDL] Accepting single-vendor line for Ben Sheppard threes: 1.5 (Tank01 validated or no T01 data)
   > Indiana Pacers @ Sacramento Kings... ✅ Targets Acquired.
      📊 ODDS_API: 3680 credits remaining
      ↳ Found Books: ['FanDuel', 'Fliff', 'Novig', 'DraftKings', 'Caesars', 'ProphetX', 'betPARX', 'BetRivers', 'Bally Bet', 'theScore Bet', 'Hard Rock Bet', 'Fanatics', 'BetMGM', 'BetOnline.ag', 'Pinnacle', 'Bovada', 'Underdog', 'PrizePicks', 'Betr DFS', 'DraftKings Pick6']
      > [BDL] Cross-referencing with BallDontLie...
      ✅ [BDL] Retrieved 1288 props
      [BDL] Accepting single-vendor line for Deandre Ayton assists: 0.5 (Tank01 validated or no T01 data)
      [BDL] Accepting single-vendor line for Rudy Gobert assists: 1.5 (Tank01 validated or no T01 data)
      [BDL] Accepting single-vendor line for Austin Reaves blocks: 0.5 (Tank01 validated or no T01 data)
      [BDL] Accepting single-vendor line for Luka Doncic blocks: 0.5 (Tank01 validated or no T01 data)
      [BDL] Accepting single-vendor line for Anthony Edwards blocks: 0.5 (Tank01 validated or no T01 data)
      [BDL] Accepting single-vendor line for LeBron James blocks: 0.5 (Tank01 validated or no T01 data)
      [BDL] Accepting single-vendor line for Donte DiVincenzo blocks: 0.5 (Tank01 validated or no T01 data)
      [BDL] Accepting single-vendor line for Jaden McDaniels blocks: 0.5 (Tank01 validated or no T01 data)
      [BDL] Accepting single-vendor line for Julius Randle blocks: 0.5 (Tank01 validated or no T01 data)
      [BDL] Accepting single-vendor line for Deandre Ayton blocks: 0.5 (Tank01 validated or no T01 data)
      [BDL] Accepting single-vendor line for Rudy Gobert blocks: 1.5 (Tank01 validated or no T01 data)
      [BDL] Accepting single-vendor line for Marcus Smart blocks: 0.5 (Tank01 validated or no T01 data)
      [BDL] Accepting single-vendor line for Nah'Shon Hyland points: 6.5 (Tank01 validated or no T01 data)
      [BDL] Accepting single-vendor line for Jake LaRavia points: 5.5 (Tank01 validated or no T01 data)
      [BDL] Accepting single-vendor line for Austin Reaves pa: 24.5 (Tank01 validated or no T01 data)
      [BDL] Accepting single-vendor line for Luka Doncic pa: 39.5 (Tank01 validated or no T01 data)
      [BDL] Accepting single-vendor line for LeBron James pa: 24.5 (Tank01 validated or no T01 data)
      [BDL] Accepting single-vendor line for Jaden McDaniels pa: 16.5 (Tank01 validated or no T01 data)
      [BDL] Accepting single-vendor line for Deandre Ayton pa: 8.5 (Tank01 validated or no T01 data)
      [BDL] Accepting single-vendor line for Rudy Gobert pa: 12.5 (Tank01 validated or no T01 data)
      [BDL] Accepting single-vendor line for Marcus Smart pa: 11.5 (Tank01 validated or no T01 data)
      [BDL] Accepting single-vendor line for Luka Doncic pr: 39.5 (Tank01 validated or no T01 data)
      [BDL] Accepting single-vendor line for Anthony Edwards pr: 33.5 (Tank01 validated or no T01 data)[LUDI-CORE] HTTP Request: POST https://api.anthropic.com/v1/messages "HTTP/1.1 200 OK"

      [BDL] Accepting single-vendor line for Donte DiVincenzo pr: 13.5 (Tank01 validated or no T01 data)
      [BDL] Accepting single-vendor line for Jaden McDaniels pr: 17.5 (Tank01 validated or no T01 data)
      [BDL] Accepting single-vendor line for Deandre Ayton pr: 14.5 (Tank01 validated or no T01 data)
      [BDL] Accepting single-vendor line for Marcus Smart pr: 11.5 (Tank01 validated or no T01 data)
      [BDL] Accepting single-vendor line for Naz Reid pra: 19.5 (Tank01 validated or no T01 data)
      [BDL] Accepting single-vendor line for Austin Reaves pra: 28.5 (Tank01 validated or no T01 data)
      [BDL] Accepting single-vendor line for Luka Doncic pra: 47.5 (Tank01 validated or no T01 data)
      [BDL] Accepting single-vendor line for Anthony Edwards pra: 37.5 (Tank01 validated or no T01 data)
      [BDL] Accepting single-vendor line for Nah'Shon Hyland pra: 10.5 (Tank01 validated or no T01 data)
      [BDL] Accepting single-vendor line for Jaden McDaniels pra: 20.5 (Tank01 validated or no T01 data)
      [BDL] Accepting single-vendor line for Luke Kennard pra: 13.5 (Tank01 validated or no T01 data)
      [BDL] Accepting single-vendor line for Deandre Ayton pra: 14.5 (Tank01 validated or no T01 data)
      [BDL] Accepting single-vendor line for Ayo Dosunmu pra: 15.5 (Tank01 validated or no T01 data)
      [BDL] Accepting single-vendor line for Jaxson Hayes pra: 11.5 (Tank01 validated or no T01 data)
      [BDL] Accepting single-vendor line for Jake LaRavia pra: 8.5 (Tank01 validated or no T01 data)
      [BDL] Accepting single-vendor line for Marcus Smart pra: 14.5 (Tank01 validated or no T01 data)
      [BDL] Accepting single-vendor line for Austin Reaves ra: 7.5 (Tank01 validated or no T01 data)
      [BDL] Accepting single-vendor line for Deandre Ayton ra: 7.5 (Tank01 validated or no T01 data)
      [BDL] Accepting single-vendor line for Rudy Gobert ra: 13.5 (Tank01 validated or no T01 data)
      [BDL] Accepting single-vendor line for Marcus Smart ra: 5.5 (Tank01 validated or no T01 data)
      [BDL] Accepting single-vendor line for Naz Reid pr: 17.5 (Tank01 validated or no T01 data)
      [BDL] Accepting single-vendor line for Jaxson Hayes pr: 9.5 (Tank01 validated or no T01 data)
   > Minnesota Timberwolves @ Los Angeles Lakers... ✅ Targets Acquired.
✅ Props loaded.
   💾 Games cache written: daily_games_2026-03-10.json (11 games)
   ⚠️ Snapshot failed: '<=' not supported between instances of 'NoneType' and 'int'
[step 3] Building Scenarios & Rosters...
   > Processing Memphis Grizzlies @ Philadelphia 76ers...
[ROSTER] Tier 2 (recently returned): Kelly Oubre Jr. (PHI)
[ROSTER] Tier 2 (recently returned): Tyrese Maxey (PHI)
[INJURY-TIER3] D'Angelo Russell (WAS) — 22d out, skipped
[INJURY-TIER3] Terry Rozier (MIA) — 22d out, skipped
[INJURY-TIER3] Fred VanVleet (HOU) — 83d out, skipped
[INJURY-TIER3] Zach Collins (CHI) — 205d out, skipped
[INJURY-TIER3] Tyrese Haliburton (IND) — 205d out, skipped
[INJURY-TIER3] Miles McBride (NYK) — 22d out, skipped
[INJURY-TIER3] Walker Kessler (UTA) — 205d out, skipped
[INJURY-TIER3] Cam Whitmore (WAS) — 205d out, skipped
[INJURY-TIER3] Dereck Lively II (DAL) — 205d out, skipped
[INJURY-TIER3] Zach Edey (MEM) — 205d out, skipped
[INJURY-TIER3] Noa Essengue (CHI) — 205d out, skipped
[INJURY-TIER3] Paul George (PHI) — 15d out, skipped
[INJURY-TIER3] Jimmy Butler III (GSW) — 266d out, skipped
[INJURY-TIER3] Anthony Davis (WAS) — 22d out, skipped
[INJURY-TIER3] Bradley Beal (LAC) — 205d out, skipped
[INJURY-TIER3] Steven Adams (HOU) — 205d out, skipped
[INJURY-TIER3] Kyrie Irving (DAL) — 205d out, skipped
[INJURY-TIER3] Damian Lillard (POR) — 205d out, skipped
[ROSTER] Tier 1.5 (freshly traded): Santi Aldama → MEM (pre-trade stats from UNK)
[ROSTER] Tier 1.5 (freshly traded): Ja Morant → MEM (pre-trade stats from UNK)
[ROSTER] Tier 1.5 (freshly traded): Zach Edey → MEM (pre-trade stats from UNK)
[ROSTER] Tier 1.5 (freshly traded): Brandon Clarke → MEM (pre-trade stats from UNK)
[ROSTER] Tier 2 (recently returned): Ty Jerome (MEM)
[ROSTER] Tier 2 (recently returned): Scotty Pippen Jr. (MEM)
[ROSTER] Tier 2 (recently returned): Taylor Hendricks (MEM)
[ROSTER] Tier 2 (recently returned): Rayan Rupert (MEM)
[ROSTER] Tier 2 (recently returned): Cedric Coward (MEM)
[ROSTER] Tier 2 (recently returned): Kyle Anderson (MEM)
[INJURY-TIER3] D'Angelo Russell (WAS) — 22d out, skipped
[INJURY-TIER3] Terry Rozier (MIA) — 22d out, skipped
[INJURY-TIER3] Fred VanVleet (HOU) — 83d out, skipped
[INJURY-TIER3] Zach Collins (CHI) — 205d out, skipped
[INJURY-TIER3] Tyrese Haliburton (IND) — 205d out, skipped
[INJURY-TIER3] Miles McBride (NYK) — 22d out, skipped
[INJURY-TIER3] Walker Kessler (UTA) — 205d out, skipped
[INJURY-TIER3] Cam Whitmore (WAS) — 205d out, skipped
[INJURY-TIER3] Dereck Lively II (DAL) — 205d out, skipped
[INJURY-TIER3] Zach Edey (MEM) — 205d out, skipped
[INJURY-TIER3] Noa Essengue (CHI) — 205d out, skipped
[INJURY-TIER3] Paul George (PHI) — 15d out, skipped
[INJURY-TIER3] Jimmy Butler III (GSW) — 266d out, skipped
[INJURY-TIER3] Anthony Davis (WAS) — 22d out, skipped
[INJURY-TIER3] Bradley Beal (LAC) — 205d out, skipped
[INJURY-TIER3] Steven Adams (HOU) — 205d out, skipped
[INJURY-TIER3] Kyrie Irving (DAL) — 205d out, skipped
[INJURY-TIER3] Damian Lillard (POR) — 205d out, skipped
[Claude] get_claude_analysis | haiku | 1702in/110out tokens
      📊 TANK01: 860 credits remaining
   [YAK] 📋 Heartbeat: NBA Official Feed Synced (Tank01).
      ↳ Generated 1 scenarios
   > Processing Dallas Mavericks @ Atlanta Hawks...
[ROSTER] Tier 1.5 (freshly traded): RayJ Dennis → ATL (pre-trade stats from UNK)
[ROSTER] Tier 2 (recently returned): Jonathan Kuminga (ATL)
[INJURY-TIER3] D'Angelo Russell (WAS) — 22d out, skipped
[INJURY-TIER3] Terry Rozier (MIA) — 22d out, skipped
[INJURY-TIER3] Fred VanVleet (HOU) — 83d out, skipped
[INJURY-TIER3] Zach Collins (CHI) — 205d out, skipped
[INJURY-TIER3] Tyrese Haliburton (IND) — 205d out, skipped
[INJURY-TIER3] Miles McBride (NYK) — 22d out, skipped
[INJURY-TIER3] Walker Kessler (UTA) — 205d out, skipped
[INJURY-TIER3] Cam Whitmore (WAS) — 205d out, skipped
[INJURY-TIER3] Dereck Lively II (DAL) — 205d out, skipped
[INJURY-TIER3] Zach Edey (MEM) — 205d out, skipped
[INJURY-TIER3] Noa Essengue (CHI) — 205d out, skipped
[INJURY-TIER3] Paul George (PHI) — 15d out, skipped
[INJURY-TIER3] Jimmy Butler III (GSW) — 266d out, skipped
[INJURY-TIER3] Anthony Davis (WAS) — 22d out, skipped
[INJURY-TIER3] Bradley Beal (LAC) — 205d out, skipped
[INJURY-TIER3] Steven Adams (HOU) — 205d out, skipped
[INJURY-TIER3] Kyrie Irving (DAL) — 205d out, skipped
[INJURY-TIER3] Damian Lillard (POR) — 205d out, skipped
[ROSTER] Tier 2 (recently returned): Marvin Bagley III (DAL)
[ROSTER] Tier 2 (recently returned): Caleb Martin (DAL)
[ROSTER] Tier 2 (recently returned): PJ Washington (DAL)
[ROSTER] Tier 2 (recently returned): Daniel Gafford (DAL)
[ROSTER] Tier 2 (recently returned): Naji Marshall (DAL)
[ROSTER] Tier 2 (recently returned): Brandon Williams (DAL)
[ROSTER] Tier 2 (recently returned): Cooper Flagg (DAL)
[ROSTER] Tier 2 (recently returned): Klay Thompson (DAL)
[ROSTER] Tier 2 (recently returned): Dwight Powell (DAL)
[INJURY-TIER3] D'Angelo Russell (WAS) — 22d out, skipped
[INJURY-TIER3] Terry Rozier (MIA) — 22d out, skipped
[INJURY-TIER3] Fred VanVleet (HOU) — 83d out, skipped
[INJURY-TIER3] Zach Collins (CHI) — 205d out, skipped
[INJURY-TIER3] Tyrese Haliburton (IND) — 205d out, skipped
[INJURY-TIER3] Miles McBride (NYK) — 22d out, skipped
[INJURY-TIER3] Walker Kessler (UTA) — 205d out, skipped
[INJURY-TIER3] Cam Whitmore (WAS) — 205d out, skipped
[INJURY-TIER3] Dereck Lively II (DAL) — 205d out, skipped
[INJURY-TIER3] Zach Edey (MEM) — 205d out, skipped
[INJURY-TIER3] Noa Essengue (CHI) — 205d out, skipped
[INJURY-TIER3] Paul George (PHI) — 15d out, skipped
[INJURY-TIER3] Jimmy Butler III (GSW) — 266d out, skipped
[INJURY-TIER3] Anthony Davis (WAS) — 22d out, skipped
[INJURY-TIER3] Bradley Beal (LAC) — 205d out, skipped[LUDI-CORE] HTTP Request: POST https://api.anthropic.com/v1/messages "HTTP/1.1 200 OK"

[INJURY-TIER3] Steven Adams (HOU) — 205d out, skipped
[INJURY-TIER3] Kyrie Irving (DAL) — 205d out, skipped
[INJURY-TIER3] Damian Lillard (POR) — 205d out, skipped
[Claude] get_claude_analysis | haiku | 1754in/109out tokens
      ↳ Generated 1 scenarios
   > Processing Detroit Pistons @ Brooklyn Nets...
[ROSTER] Tier 2 (recently returned): Michael Porter Jr. (BKN)
[ROSTER] Tier 2 (recently returned): Haywood Highsmith (PHO)
[ROSTER] Tier 2 (recently returned): Ben Saraf (BKN)
[INJURY-TIER3] D'Angelo Russell (WAS) — 22d out, skipped
[INJURY-TIER3] Terry Rozier (MIA) — 22d out, skipped
[INJURY-TIER3] Fred VanVleet (HOU) — 83d out, skipped
[INJURY-TIER3] Zach Collins (CHI) — 205d out, skipped
[INJURY-TIER3] Tyrese Haliburton (IND) — 205d out, skipped
[INJURY-TIER3] Miles McBride (NYK) — 22d out, skipped
[INJURY-TIER3] Walker Kessler (UTA) — 205d out, skipped
[INJURY-TIER3] Cam Whitmore (WAS) — 205d out, skipped
[INJURY-TIER3] Dereck Lively II (DAL) — 205d out, skipped
[INJURY-TIER3] Zach Edey (MEM) — 205d out, skipped
[INJURY-TIER3] Noa Essengue (CHI) — 205d out, skipped
[INJURY-TIER3] Paul George (PHI) — 15d out, skipped
[INJURY-TIER3] Jimmy Butler III (GSW) — 266d out, skipped
[INJURY-TIER3] Anthony Davis (WAS) — 22d out, skipped
[INJURY-TIER3] Bradley Beal (LAC) — 205d out, skipped
[INJURY-TIER3] Steven Adams (HOU) — 205d out, skipped
[INJURY-TIER3] Kyrie Irving (DAL) — 205d out, skipped
[INJURY-TIER3] Damian Lillard (POR) — 205d out, skipped
[ROSTER] Tier 1.5 (freshly traded): Isaac Jones → DET (pre-trade stats from UNK)
[ROSTER] Tier 1.5 (freshly traded): Wendell Moore Jr. → DET (pre-trade stats from UNK)
[ROSTER] Tier 2 (recently returned): Caris LeVert (DET)
[ROSTER] Tier 2 (recently returned): Isaiah Stewart (DET)
[ROSTER] Tier 2 (recently returned): Cade Cunningham (DET)
[ROSTER] Tier 2 (recently returned): Jalen Duren (DET)
[ROSTER] Tier 2 (recently returned): Ron Holland (DET)
[INJURY-TIER3] D'Angelo Russell (WAS) — 22d out, skipped
[INJURY-TIER3] Terry Rozier (MIA) — 22d out, skipped
[INJURY-TIER3] Fred VanVleet (HOU) — 83d out, skipped
[INJURY-TIER3] Zach Collins (CHI) — 205d out, skipped
[INJURY-TIER3] Tyrese Haliburton (IND) — 205d out, skipped
[INJURY-TIER3] Miles McBride (NYK) — 22d out, skipped
[INJURY-TIER3] Walker Kessler (UTA) — 205d out, skipped
[INJURY-TIER3] Cam Whitmore (WAS) — 205d out, skipped
[INJURY-TIER3] Dereck Lively II (DAL) — 205d out, skipped
[INJURY-TIER3] Zach Edey (MEM) — 205d out, skipped
[INJURY-TIER3] Noa Essengue (CHI) — 205d out, skipped
[INJURY-TIER3] Paul George (PHI) — 15d out, skipped
[INJURY-TIER3] Jimmy Butler III (GSW) — 266d out, skipped
[INJURY-TIER3] Anthony Davis (WAS) — 22d out, skipped
[INJURY-TIER3] Bradley Beal (LAC) — 205d out, skipped
[INJURY-TIER3] Steven Adams (HOU) — 205d out, skipped
[INJURY-TIER3] Kyrie Irving (DAL) — 205d out, skipped
[INJURY-TIER3] Damian Lillard (POR) — 205d out, skipped
      ↳ Generated 1 scenarios
   > Processing Washington Wizards @ Miami Heat...
[ROSTER] Tier 2 (recently returned): Tyler Herro (MIA)
[ROSTER] Tier 2 (recently returned): Davion Mitchell (MIA)
[ROSTER] Tier 2 (recently returned): Dru Smith (MIA)
[ROSTER] Tier 2 (recently returned): Kel'el Ware (MIA)
[INJURY-TIER3] D'Angelo Russell (WAS) — 22d out, skipped
[INJURY-TIER3] Terry Rozier (MIA) — 22d out, skipped
[INJURY-TIER3] Fred VanVleet (HOU) — 83d out, skipped
[INJURY-TIER3] Zach Collins (CHI) — 205d out, skipped
[INJURY-TIER3] Tyrese Haliburton (IND) — 205d out, skipped
[INJURY-TIER3] Miles McBride (NYK) — 22d out, skipped
[INJURY-TIER3] Walker Kessler (UTA) — 205d out, skipped
[INJURY-TIER3] Cam Whitmore (WAS) — 205d out, skipped
[INJURY-TIER3] Dereck Lively II (DAL) — 205d out, skipped
[INJURY-TIER3] Zach Edey (MEM) — 205d out, skipped
[INJURY-TIER3] Noa Essengue (CHI) — 205d out, skipped
[INJURY-TIER3] Paul George (PHI) — 15d out, skipped
[INJURY-TIER3] Jimmy Butler III (GSW) — 266d out, skipped
[INJURY-TIER3] Anthony Davis (WAS) — 22d out, skipped
[INJURY-TIER3] Bradley Beal (LAC) — 205d out, skipped
[INJURY-TIER3] Steven Adams (HOU) — 205d out, skipped
[INJURY-TIER3] Kyrie Irving (DAL) — 205d out, skipped
[INJURY-TIER3] Damian Lillard (POR) — 205d out, skipped
[ROSTER] Tier 2 (recently returned): Trae Young (WAS)
[ROSTER] Tier 2 (recently returned): Anthony Gill (WAS)
[ROSTER] Tier 2 (recently returned): Tristan Vukcevic (WAS)
[ROSTER] Tier 2 (recently returned): Alex Sarr (WAS)
[INJURY-TIER3] D'Angelo Russell (WAS) — 22d out, skipped
[INJURY-TIER3] Terry Rozier (MIA) — 22d out, skipped
[INJURY-TIER3] Fred VanVleet (HOU) — 83d out, skipped
[INJURY-TIER3] Zach Collins (CHI) — 205d out, skipped
[INJURY-TIER3] Tyrese Haliburton (IND) — 205d out, skipped
[INJURY-TIER3] Miles McBride (NYK) — 22d out, skipped
[INJURY-TIER3] Walker Kessler (UTA) — 205d out, skipped
[INJURY-TIER3] Cam Whitmore (WAS) — 205d out, skipped
[INJURY-TIER3] Dereck Lively II (DAL) — 205d out, skipped
[INJURY-TIER3] Zach Edey (MEM) — 205d out, skipped
[INJURY-TIER3] Noa Essengue (CHI) — 205d out, skipped
[INJURY-TIER3] Paul George (PHI) — 15d out, skipped
[INJURY-TIER3] Jimmy Butler III (GSW) — 266d out, skipped
[INJURY-TIER3] Anthony Davis (WAS) — 22d out, skipped
[INJURY-TIER3] Bradley Beal (LAC) — 205d out, skipped
[INJURY-TIER3] Steven Adams (HOU) — 205d out, skipped
[INJURY-TIER3] Kyrie Irving (DAL) — 205d out, skipped
[INJURY-TIER3] Damian Lillard (POR) — 205d out, skipped
      ↳ Generated 1 scenarios
   > Processing Boston Celtics @ San Antonio Spurs...
[ROSTER] Tier 2 (recently returned): Julian Champagnie (SA)
[ROSTER] Tier 2 (recently returned): Harrison Ingram (SAS)
[INJURY-TIER3] D'Angelo Russell (WAS) — 22d out, skipped
[INJURY-TIER3] Terry Rozier (MIA) — 22d out, skipped
[INJURY-TIER3] Fred VanVleet (HOU) — 83d out, skipped
[INJURY-TIER3] Zach Collins (CHI) — 205d out, skipped
[INJURY-TIER3] Tyrese Haliburton (IND) — 205d out, skipped
[INJURY-TIER3] Miles McBride (NYK) — 22d out, skipped
[INJURY-TIER3] Walker Kessler (UTA) — 205d out, skipped
[INJURY-TIER3] Cam Whitmore (WAS) — 205d out, skipped
[INJURY-TIER3] Dereck Lively II (DAL) — 205d out, skipped
[INJURY-TIER3] Zach Edey (MEM) — 205d out, skipped
[INJURY-TIER3] Noa Essengue (CHI) — 205d out, skipped
[INJURY-TIER3] Paul George (PHI) — 15d out, skipped
[INJURY-TIER3] Jimmy Butler III (GSW) — 266d out, skipped
[INJURY-TIER3] Anthony Davis (WAS) — 22d out, skipped
[INJURY-TIER3] Bradley Beal (LAC) — 205d out, skipped
[INJURY-TIER3] Steven Adams (HOU) — 205d out, skipped
[INJURY-TIER3] Kyrie Irving (DAL) — 205d out, skipped
[INJURY-TIER3] Damian Lillard (POR) — 205d out, skipped
[ROSTER] Tier 2 (recently returned): Jaylen Brown (BOS)
[ROSTER] Tier 2 (recently returned): Jayson Tatum (BOS)
[ROSTER] Tier 2 (recently returned): Neemias Queta (BOS)
[ROSTER] Tier 2 (recently returned): Payton Pritchard (BOS)
[ROSTER] Tier 2 (recently returned): Jordan Walsh (BOS)
[INJURY-TIER3] D'Angelo Russell (WAS) — 22d out, skipped
[INJURY-TIER3] Terry Rozier (MIA) — 22d out, skipped
[INJURY-TIER3] Fred VanVleet (HOU) — 83d out, skipped
[INJURY-TIER3] Zach Collins (CHI) — 205d out, skipped
[INJURY-TIER3] Tyrese Haliburton (IND) — 205d out, skipped
[INJURY-TIER3] Miles McBride (NYK) — 22d out, skipped
[INJURY-TIER3] Walker Kessler (UTA) — 205d out, skipped
[INJURY-TIER3] Cam Whitmore (WAS) — 205d out, skipped
[INJURY-TIER3] Dereck Lively II (DAL) — 205d out, skipped
[INJURY-TIER3] Zach Edey (MEM) — 205d out, skipped
[INJURY-TIER3] Noa Essengue (CHI) — 205d out, skipped
[INJURY-TIER3] Paul George (PHI) — 15d out, skipped
[INJURY-TIER3] Jimmy Butler III (GSW) — 266d out, skipped
[INJURY-TIER3] Anthony Davis (WAS) — 22d out, skipped
[INJURY-TIER3] Bradley Beal (LAC) — 205d out, skipped
[INJURY-TIER3] Steven Adams (HOU) — 205d out, skipped
[INJURY-TIER3] Kyrie Irving (DAL) — 205d out, skipped
[INJURY-TIER3] Damian Lillard (POR) — 205d out, skipped
      ↳ Generated 1 scenarios
   > Processing Toronto Raptors @ Houston Rockets...
[ROSTER] Tier 2 (recently returned): Alperen Sengun (HOU)[LUDI-CORE] HTTP Request: POST https://api.anthropic.com/v1/messages "HTTP/1.1 200 OK"

[ROSTER] Tier 2 (recently returned): Jabari Smith (HOU)
[ROSTER] Tier 2 (recently returned): Amen Thompson (HOU)
[INJURY-TIER3] D'Angelo Russell (WAS) — 22d out, skipped
[INJURY-TIER3] Terry Rozier (MIA) — 22d out, skipped
[INJURY-TIER3] Fred VanVleet (HOU) — 83d out, skipped
[INJURY-TIER3] Zach Collins (CHI) — 205d out, skipped
[INJURY-TIER3] Tyrese Haliburton (IND) — 205d out, skipped
[INJURY-TIER3] Miles McBride (NYK) — 22d out, skipped
[INJURY-TIER3] Walker Kessler (UTA) — 205d out, skipped
[INJURY-TIER3] Cam Whitmore (WAS) — 205d out, skipped
[INJURY-TIER3] Dereck Lively II (DAL) — 205d out, skipped
[INJURY-TIER3] Zach Edey (MEM) — 205d out, skipped
[INJURY-TIER3] Noa Essengue (CHI) — 205d out, skipped
[INJURY-TIER3] Paul George (PHI) — 15d out, skipped
[INJURY-TIER3] Jimmy Butler III (GSW) — 266d out, skipped
[INJURY-TIER3] Anthony Davis (WAS) — 22d out, skipped
[INJURY-TIER3] Bradley Beal (LAC) — 205d out, skipped
[INJURY-TIER3] Steven Adams (HOU) — 205d out, skipped
[INJURY-TIER3] Kyrie Irving (DAL) — 205d out, skipped
[INJURY-TIER3] Damian Lillard (POR) — 205d out, skipped
[ROSTER] Tier 2 (recently returned): Brandon Ingram (TOR)
[ROSTER] Tier 2 (recently returned): Jakob Poeltl (TOR)
[ROSTER] Tier 2 (recently returned): Alijah Martin (TOR)
[INJURY-TIER3] D'Angelo Russell (WAS) — 22d out, skipped
[INJURY-TIER3] Terry Rozier (MIA) — 22d out, skipped
[INJURY-TIER3] Fred VanVleet (HOU) — 83d out, skipped
[INJURY-TIER3] Zach Collins (CHI) — 205d out, skipped
[INJURY-TIER3] Tyrese Haliburton (IND) — 205d out, skipped
[INJURY-TIER3] Miles McBride (NYK) — 22d out, skipped
[INJURY-TIER3] Walker Kessler (UTA) — 205d out, skipped
[INJURY-TIER3] Cam Whitmore (WAS) — 205d out, skipped
[INJURY-TIER3] Dereck Lively II (DAL) — 205d out, skipped
[INJURY-TIER3] Zach Edey (MEM) — 205d out, skipped
[INJURY-TIER3] Noa Essengue (CHI) — 205d out, skipped
[INJURY-TIER3] Paul George (PHI) — 15d out, skipped
[INJURY-TIER3] Jimmy Butler III (GSW) — 266d out, skipped
[INJURY-TIER3] Anthony Davis (WAS) — 22d out, skipped
[INJURY-TIER3] Bradley Beal (LAC) — 205d out, skipped
[INJURY-TIER3] Steven Adams (HOU) — 205d out, skipped
[INJURY-TIER3] Kyrie Irving (DAL) — 205d out, skipped
[INJURY-TIER3] Damian Lillard (POR) — 205d out, skipped
      ↳ Generated 1 scenarios
   > Processing Phoenix Suns @ Milwaukee Bucks...
[ROSTER] Tier 1.5 (freshly traded): Taurean Prince → MIL (pre-trade stats from UNK)
[ROSTER] Tier 1.5 (freshly traded): Alex Antetokounmpo → MIL (pre-trade stats from UNK)
[ROSTER] Tier 2 (recently returned): Kyle Kuzma (MIL)
[ROSTER] Tier 2 (recently returned): Giannis Antetokounmpo (MIL)
[INJURY-TIER3] D'Angelo Russell (WAS) — 22d out, skipped
[INJURY-TIER3] Terry Rozier (MIA) — 22d out, skipped
[INJURY-TIER3] Fred VanVleet (HOU) — 83d out, skipped
[INJURY-TIER3] Zach Collins (CHI) — 205d out, skipped
[INJURY-TIER3] Tyrese Haliburton (IND) — 205d out, skipped
[INJURY-TIER3] Miles McBride (NYK) — 22d out, skipped
[INJURY-TIER3] Walker Kessler (UTA) — 205d out, skipped
[INJURY-TIER3] Cam Whitmore (WAS) — 205d out, skipped
[INJURY-TIER3] Dereck Lively II (DAL) — 205d out, skipped
[INJURY-TIER3] Zach Edey (MEM) — 205d out, skipped
[INJURY-TIER3] Noa Essengue (CHI) — 205d out, skipped
[INJURY-TIER3] Paul George (PHI) — 15d out, skipped
[INJURY-TIER3] Jimmy Butler III (GSW) — 266d out, skipped
[INJURY-TIER3] Anthony Davis (WAS) — 22d out, skipped
[INJURY-TIER3] Bradley Beal (LAC) — 205d out, skipped
[INJURY-TIER3] Steven Adams (HOU) — 205d out, skipped
[INJURY-TIER3] Kyrie Irving (DAL) — 205d out, skipped
[INJURY-TIER3] Damian Lillard (POR) — 205d out, skipped
[ROSTER] Tier 2 (recently returned): Devin Booker (PHO)
[ROSTER] Tier 2 (recently returned): Royce O'Neale (PHO)
[ROSTER] Tier 2 (recently returned): Grayson Allen (PHO)
[ROSTER] Tier 2 (recently returned): Khaman Maluach (PHO)
[INJURY-TIER3] D'Angelo Russell (WAS) — 22d out, skipped
[INJURY-TIER3] Terry Rozier (MIA) — 22d out, skipped
[INJURY-TIER3] Fred VanVleet (HOU) — 83d out, skipped
[INJURY-TIER3] Zach Collins (CHI) — 205d out, skipped
[INJURY-TIER3] Tyrese Haliburton (IND) — 205d out, skipped
[INJURY-TIER3] Miles McBride (NYK) — 22d out, skipped
[INJURY-TIER3] Walker Kessler (UTA) — 205d out, skipped
[INJURY-TIER3] Cam Whitmore (WAS) — 205d out, skipped
[INJURY-TIER3] Dereck Lively II (DAL) — 205d out, skipped
[INJURY-TIER3] Zach Edey (MEM) — 205d out, skipped
[INJURY-TIER3] Noa Essengue (CHI) — 205d out, skipped
[INJURY-TIER3] Paul George (PHI) — 15d out, skipped
[INJURY-TIER3] Jimmy Butler III (GSW) — 266d out, skipped
[INJURY-TIER3] Anthony Davis (WAS) — 22d out, skipped
[INJURY-TIER3] Bradley Beal (LAC) — 205d out, skipped
[INJURY-TIER3] Steven Adams (HOU) — 205d out, skipped
[INJURY-TIER3] Kyrie Irving (DAL) — 205d out, skipped
[INJURY-TIER3] Damian Lillard (POR) — 205d out, skipped
[Claude] get_claude_analysis | haiku | 1699in/110out tokens
      ↳ Generated 1 scenarios
   > Processing Charlotte Hornets @ Portland Trail Blazers...
[ROSTER] Tier 2 (recently returned): Robert Williams III (POR)
[ROSTER] Tier 2 (recently returned): Matisse Thybulle (POR)
[ROSTER] Tier 2 (recently returned): Deni Avdija (POR)
[ROSTER] Tier 2 (recently returned): Kris Murray (POR)
[ROSTER] Tier 2 (recently returned): Donovan Clingan (POR)
[INJURY-TIER3] D'Angelo Russell (WAS) — 22d out, skipped
[INJURY-TIER3] Terry Rozier (MIA) — 22d out, skipped
[INJURY-TIER3] Fred VanVleet (HOU) — 83d out, skipped
[INJURY-TIER3] Zach Collins (CHI) — 205d out, skipped
[INJURY-TIER3] Tyrese Haliburton (IND) — 205d out, skipped
[INJURY-TIER3] Miles McBride (NYK) — 22d out, skipped
[INJURY-TIER3] Walker Kessler (UTA) — 205d out, skipped
[INJURY-TIER3] Cam Whitmore (WAS) — 205d out, skipped
[INJURY-TIER3] Dereck Lively II (DAL) — 205d out, skipped
[INJURY-TIER3] Zach Edey (MEM) — 205d out, skipped
[INJURY-TIER3] Noa Essengue (CHI) — 205d out, skipped
[INJURY-TIER3] Paul George (PHI) — 15d out, skipped
[INJURY-TIER3] Jimmy Butler III (GSW) — 266d out, skipped
[INJURY-TIER3] Anthony Davis (WAS) — 22d out, skipped
[INJURY-TIER3] Bradley Beal (LAC) — 205d out, skipped
[INJURY-TIER3] Steven Adams (HOU) — 205d out, skipped
[INJURY-TIER3] Kyrie Irving (DAL) — 205d out, skipped
[INJURY-TIER3] Damian Lillard (POR) — 205d out, skipped
[ROSTER] Tier 2 (recently returned): Coby White (CHA)
[ROSTER] Tier 2 (recently returned): Grant Williams (CHA)
[INJURY-TIER3] D'Angelo Russell (WAS) — 22d out, skipped
[INJURY-TIER3] Terry Rozier (MIA) — 22d out, skipped
[INJURY-TIER3] Fred VanVleet (HOU) — 83d out, skipped
[INJURY-TIER3] Zach Collins (CHI) — 205d out, skipped
[INJURY-TIER3] Tyrese Haliburton (IND) — 205d out, skipped
[INJURY-TIER3] Miles McBride (NYK) — 22d out, skipped
[INJURY-TIER3] Walker Kessler (UTA) — 205d out, skipped
[INJURY-TIER3] Cam Whitmore (WAS) — 205d out, skipped
[INJURY-TIER3] Dereck Lively II (DAL) — 205d out, skipped
[INJURY-TIER3] Zach Edey (MEM) — 205d out, skipped
[INJURY-TIER3] Noa Essengue (CHI) — 205d out, skipped
[INJURY-TIER3] Paul George (PHI) — 15d out, skipped
[INJURY-TIER3] Jimmy Butler III (GSW) — 266d out, skipped
[INJURY-TIER3] Anthony Davis (WAS) — 22d out, skipped
[INJURY-TIER3] Bradley Beal (LAC) — 205d out, skipped
[INJURY-TIER3] Steven Adams (HOU) — 205d out, skipped
[INJURY-TIER3] Kyrie Irving (DAL) — 205d out, skipped
[INJURY-TIER3] Damian Lillard (POR) — 205d out, skipped
      ↳ Generated 1 scenarios
   > Processing Chicago Bulls @ Golden State Warriors...
[ROSTER] Tier 1.5 (freshly traded): Jimmy Butler III → GSW (pre-trade stats from UNK)
[ROSTER] Tier 1.5 (freshly traded): Stephen Curry → GSW (pre-trade stats from UNK)
[ROSTER] Tier 1.5 (freshly traded): Seth Curry → GSW (pre-trade stats from GS)
[ROSTER] Tier 1.5 (freshly traded): L.J. Cryer → GSW (pre-trade stats from GS)
[ROSTER] Tier 2 (recently returned): Gary Payton II (GS)
[ROSTER] Tier 2 (recently returned): De'Anthony Melton (GS)
[ROSTER] Tier 2 (recently returned): Al Horford (GS)
[INJURY-TIER3] D'Angelo Russell (WAS) — 22d out, skipped
[INJURY-TIER3] Terry Rozier (MIA) — 22d out, skipped
[INJURY-TIER3] Fred VanVleet (HOU) — 83d out, skipped
[INJURY-TIER3] Zach Collins (CHI) — 205d out, skipped
[INJURY-TIER3] Tyrese Haliburton (IND) — 205d out, skipped
[INJURY-TIER3] Miles McBride (NYK) — 22d out, skipped
[INJURY-TIER3] Walker Kessler (UTA) — 205d out, skipped
[INJURY-TIER3] Cam Whitmore (WAS) — 205d out, skipped
[INJURY-TIER3] Dereck Lively II (DAL) — 205d out, skipped
[INJURY-TIER3] Zach Edey (MEM) — 205d out, skipped
[INJURY-TIER3] Noa Essengue (CHI) — 205d out, skipped
[INJURY-TIER3] Paul George (PHI) — 15d out, skipped
[INJURY-TIER3] Jimmy Butler III (GSW) — 266d out, skipped
[INJURY-TIER3] Anthony Davis (WAS) — 22d out, skipped
[INJURY-TIER3] Bradley Beal (LAC) — 205d out, skipped
[INJURY-TIER3] Steven Adams (HOU) — 205d out, skipped
[INJURY-TIER3] Kyrie Irving (DAL) — 205d out, skipped
[INJURY-TIER3] Damian Lillard (POR) — 205d out, skipped
[ROSTER] Tier 2 (recently returned): Collin Sexton (CHI)
[ROSTER] Tier 2 (recently returned): Patrick Williams (CHI)
[ROSTER] Tier 2 (recently returned): Jalen Smith (CHI)
[ROSTER] Tier 2 (recently returned): Josh Giddey (CHI)
[ROSTER] Tier 2 (recently returned): Matas Buzelis (CHI)
[INJURY-TIER3] D'Angelo Russell (WAS) — 22d out, skipped
[INJURY-TIER3] Terry Rozier (MIA) — 22d out, skipped
[INJURY-TIER3] Fred VanVleet (HOU) — 83d out, skipped
[INJURY-TIER3] Zach Collins (CHI) — 205d out, skipped
[INJURY-TIER3] Tyrese Haliburton (IND) — 205d out, skipped
[INJURY-TIER3] Miles McBride (NYK) — 22d out, skipped
[INJURY-TIER3] Walker Kessler (UTA) — 205d out, skipped
[INJURY-TIER3] Cam Whitmore (WAS) — 205d out, skipped
[INJURY-TIER3] Dereck Lively II (DAL) — 205d out, skipped
[INJURY-TIER3] Zach Edey (MEM) — 205d out, skipped
[INJURY-TIER3] Noa Essengue (CHI) — 205d out, skipped
[INJURY-TIER3] Paul George (PHI) — 15d out, skipped
[INJURY-TIER3] Jimmy Butler III (GSW) — 266d out, skipped
[INJURY-TIER3] Anthony Davis (WAS) — 22d out, skipped
[INJURY-TIER3] Bradley Beal (LAC) — 205d out, skipped
[INJURY-TIER3] Steven Adams (HOU) — 205d out, skipped
[INJURY-TIER3] Kyrie Irving (DAL) — 205d out, skipped
[INJURY-TIER3] Damian Lillard (POR) — 205d out, skipped
      ↳ Generated 1 scenarios
   > Processing Indiana Pacers @ Sacramento Kings...
[ROSTER] Tier 2 (recently returned): Isaiah Stevens (SAC)
[ROSTER] Tier 2 (recently returned): DeMar DeRozan (SAC)
[INJURY-TIER3] D'Angelo Russell (WAS) — 22d out, skipped
[INJURY-TIER3] Terry Rozier (MIA) — 22d out, skipped
[INJURY-TIER3] Fred VanVleet (HOU) — 83d out, skipped
[INJURY-TIER3] Zach Collins (CHI) — 205d out, skipped
[INJURY-TIER3] Tyrese Haliburton (IND) — 205d out, skipped
[INJURY-TIER3] Miles McBride (NYK) — 22d out, skipped
[INJURY-TIER3] Walker Kessler (UTA) — 205d out, skipped
[INJURY-TIER3] Cam Whitmore (WAS) — 205d out, skipped
[INJURY-TIER3] Dereck Lively II (DAL) — 205d out, skipped
[INJURY-TIER3] Zach Edey (MEM) — 205d out, skipped
[INJURY-TIER3] Noa Essengue (CHI) — 205d out, skipped
[INJURY-TIER3] Paul George (PHI) — 15d out, skipped
[INJURY-TIER3] Jimmy Butler III (GSW) — 266d out, skipped
[INJURY-TIER3] Anthony Davis (WAS) — 22d out, skipped
[INJURY-TIER3] Bradley Beal (LAC) — 205d out, skipped
[INJURY-TIER3] Steven Adams (HOU) — 205d out, skipped
[INJURY-TIER3] Kyrie Irving (DAL) — 205d out, skipped
[INJURY-TIER3] Damian Lillard (POR) — 205d out, skipped
[ROSTER] Tier 2 (recently returned): Pascal Siakam (IND)
[ROSTER] Tier 2 (recently returned): Andrew Nembhard (IND)
[ROSTER] Tier 2 (recently returned): Obi Toppin (IND)
[ROSTER] Tier 2 (recently returned): Aaron Nesmith (IND)
[ROSTER] Tier 2 (recently returned): Micah Potter (IND)
[ROSTER] Tier 2 (recently returned): Jarace Walker (IND)
[INJURY-TIER3] D'Angelo Russell (WAS) — 22d out, skipped
[INJURY-TIER3] Terry Rozier (MIA) — 22d out, skipped
[INJURY-TIER3] Fred VanVleet (HOU) — 83d out, skipped
[INJURY-TIER3] Zach Collins (CHI) — 205d out, skipped
[INJURY-TIER3] Tyrese Haliburton (IND) — 205d out, skipped
[INJURY-TIER3] Miles McBride (NYK) — 22d out, skipped
[INJURY-TIER3] Walker Kessler (UTA) — 205d out, skipped
[INJURY-TIER3] Cam Whitmore (WAS) — 205d out, skipped
[INJURY-TIER3] Dereck Lively II (DAL) — 205d out, skipped
[INJURY-TIER3] Zach Edey (MEM) — 205d out, skipped
[INJURY-TIER3] Noa Essengue (CHI) — 205d out, skipped
[INJURY-TIER3] Paul George (PHI) — 15d out, skipped
[INJURY-TIER3] Jimmy Butler III (GSW) — 266d out, skipped
[INJURY-TIER3] Anthony Davis (WAS) — 22d out, skipped
[INJURY-TIER3] Bradley Beal (LAC) — 205d out, skipped
[INJURY-TIER3] Steven Adams (HOU) — 205d out, skipped
[INJURY-TIER3] Kyrie Irving (DAL) — 205d out, skipped
[INJURY-TIER3] Damian Lillard (POR) — 205d out, skipped
      ↳ Generated 1 scenarios
   > Processing Minnesota Timberwolves @ Los Angeles Lakers...
[ROSTER] Tier 2 (recently returned): Maxi Kleber (LAL)
[ROSTER] Tier 2 (recently returned): Deandre Ayton (LAL)
[INJURY-TIER3] D'Angelo Russell (WAS) — 22d out, skipped
[INJURY-TIER3] Terry Rozier (MIA) — 22d out, skipped
[INJURY-TIER3] Fred VanVleet (HOU) — 83d out, skipped
[INJURY-TIER3] Zach Collins (CHI) — 205d out, skipped
[INJURY-TIER3] Tyrese Haliburton (IND) — 205d out, skipped
[INJURY-TIER3] Miles McBride (NYK) — 22d out, skipped
[INJURY-TIER3] Walker Kessler (UTA) — 205d out, skipped
[INJURY-TIER3] Cam Whitmore (WAS) — 205d out, skipped
[INJURY-TIER3] Dereck Lively II (DAL) — 205d out, skipped
[INJURY-TIER3] Zach Edey (MEM) — 205d out, skipped
[INJURY-TIER3] Noa Essengue (CHI) — 205d out, skipped
[INJURY-TIER3] Paul George (PHI) — 15d out, skipped
[INJURY-TIER3] Jimmy Butler III (GSW) — 266d out, skipped
[INJURY-TIER3] Anthony Davis (WAS) — 22d out, skipped
[INJURY-TIER3] Bradley Beal (LAC) — 205d out, skipped
[INJURY-TIER3] Steven Adams (HOU) — 205d out, skipped
[INJURY-TIER3] Kyrie Irving (DAL) — 205d out, skipped
[INJURY-TIER3] Damian Lillard (POR) — 205d out, skipped
[ROSTER] Tier 2 (recently returned): Anthony Edwards (MIN)
[ROSTER] Tier 2 (recently returned): Jaylen Clark (MIN)
[ROSTER] Tier 2 (recently returned): Joe Ingles (MIN)
[INJURY-TIER3] D'Angelo Russell (WAS) — 22d out, skipped
[INJURY-TIER3] Terry Rozier (MIA) — 22d out, skipped
[INJURY-TIER3] Fred VanVleet (HOU) — 83d out, skipped
[INJURY-TIER3] Zach Collins (CHI) — 205d out, skipped
[INJURY-TIER3] Tyrese Haliburton (IND) — 205d out, skipped
[INJURY-TIER3] Miles McBride (NYK) — 22d out, skipped
[INJURY-TIER3] Walker Kessler (UTA) — 205d out, skipped
[INJURY-TIER3] Cam Whitmore (WAS) — 205d out, skipped
[INJURY-TIER3] Dereck Lively II (DAL) — 205d out, skipped
[INJURY-TIER3] Zach Edey (MEM) — 205d out, skipped
[INJURY-TIER3] Noa Essengue (CHI) — 205d out, skipped
[INJURY-TIER3] Paul George (PHI) — 15d out, skipped
[INJURY-TIER3] Jimmy Butler III (GSW) — 266d out, skipped
[INJURY-TIER3] Anthony Davis (WAS) — 22d out, skipped
[INJURY-TIER3] Bradley Beal (LAC) — 205d out, skipped
[INJURY-TIER3] Steven Adams (HOU) — 205d out, skipped
[INJURY-TIER3] Kyrie Irving (DAL) — 205d out, skipped
[INJURY-TIER3] Damian Lillard (POR) — 205d out, skipped
[Claude] get_claude_analysis | haiku | 1713in/115out tokens
[Module X] TIER 0A wowy_observed for LeBron James: ['Austin Reaves', 'Dalton Knecht', 'Rui Hachimura']
      ↳ Generated 2 scenarios
[step 4] Running Monte Carlo Simulations (12 scenarios)...
   >>> [Ramp-Up] Ty Jerome: Game 4 back — all stats dampened to 95%
   >>> [main] Skipping prop points_rebounds_assists: no real market line (line=None)
   >>> [Ramp-Up] Jonathan Kuminga: Game 3 back — all stats dampened to 90%
   [NEW TO TEAM] Jonathan Kuminga: 3 games on current team — LOW confidence, 5% dampener
   >>> [Ramp-Up] Jonathan Kuminga: Game 3 back — all stats dampened to 90%
   [NEW TO TEAM] Jonathan Kuminga: 3 games on current team — LOW confidence, 5% dampener
   >>> [Ramp-Up] Cooper Flagg: Game 3 back — all stats dampened to 90%
   >>> [Ramp-Up] Cooper Flagg: Game 3 back — all stats dampened to 90%
   >>> [main] Skipping prop assists: no real market line (line=None)
   >>> [main] Skipping prop rebounds: no real market line (line=None)
   >>> [main] Skipping prop threes: no real market line (line=None)
   >>> [main] Skipping prop threes: no real market line (line=None)
   >>> [main] Skipping prop steals: no real market line (line=None)
   >>> [main] Skipping prop steals: no real market line (line=None)
   >>> [main] Skipping prop rebounds: no real market line (line=None)
   >>> [main] Skipping prop threes: no real market line (line=None)
   >>> [main] Skipping prop steals: no real market line (line=None)
   >>> [main] Skipping prop steals: no real market line (line=None)
   >>> [main] Skipping prop rebounds: no real market line (line=None)
   >>> [main] Skipping prop steals: no real market line (line=None)
   >>> [Ramp-Up] Drake Powell: Game 1 back — all stats dampened to 70%
   >>> [Ramp-Up] Isaiah Stewart: Game 4 back — all stats dampened to 95%
   >>> [Ramp-Up] Isaiah Stewart: Game 4 back — all stats dampened to 95%
   >>> [main] Skipping prop threes: no real market line (line=None)
   >>> [main] Skipping prop rebounds: no real market line (line=None)
   >>> [main] Skipping prop threes: no real market line (line=None)
   >>> [main] Skipping prop steals: no real market line (line=None)
   >>> [main] Skipping prop rebounds: no real market line (line=None)
   >>> [main] Skipping prop threes: no real market line (line=None)
   >>> [Ramp-Up] Alex Sarr: Game 1 back — all stats dampened to 70%
   >>> [Ramp-Up] Alex Sarr: Game 1 back — all stats dampened to 70%
   >>> [main] Skipping prop rebounds: no real market line (line=None)
   >>> [main] Skipping prop steals: no real market line (line=None)
   >>> [main] Skipping prop steals: no real market line (line=None)
   >>> [main] Skipping prop rebounds: no real market line (line=None)
   >>> [main] Skipping prop threes: no real market line (line=None)
   >>> [main] Skipping prop steals: no real market line (line=None)
   >>> [main] Skipping prop rebounds: no real market line (line=None)
   >>> [main] Skipping prop rebounds: no real market line (line=None)
   >>> [main] Skipping prop threes: no real market line (line=None)
   >>> [main] Skipping prop steals: no real market line (line=None)
   >>> [main] Skipping prop blocks: no real market line (line=None)
   >>> [main] Skipping prop rebounds: no real market line (line=None)
   >>> [main] Skipping prop rebounds: no real market line (line=None)
   >>> [main] Skipping prop threes: no real market line (line=None)
   >>> [main] Skipping prop rebounds: no real market line (line=None)
   >>> [main] Skipping prop threes: no real market line (line=None)
   >>> [Ramp-Up] Giannis Antetokounmpo: Game 3 back — all stats dampened to 90%
   >>> [Ramp-Up] Giannis Antetokounmpo: Game 3 back — all stats dampened to 90%
   >>> [Ramp-Up] Devin Booker: Game 4 back — all stats dampened to 95%
   >>> [Ramp-Up] Devin Booker: Game 4 back — all stats dampened to 95%
   >>> [Ramp-Up] Khaman Maluach: Game 3 back — all stats dampened to 90%
   >>> [main] Skipping prop threes: no real market line (line=None)
   >>> [main] Skipping prop steals: no real market line (line=None)
   >>> [main] Skipping prop steals: no real market line (line=None)
   >>> [main] Skipping prop assists: no real market line (line=None)
   >>> [main] Skipping prop steals: no real market line (line=None)
   >>> [Ramp-Up] Deni Avdija: Game 1 back — all stats dampened to 70%
   >>> [Ramp-Up] Deni Avdija: Game 1 back — all stats dampened to 70%
   >>> [main] Skipping prop steals: no real market line (line=None)
   >>> [main] Skipping prop rebounds: no real market line (line=None)
   >>> [main] Skipping prop steals: no real market line (line=None)
   >>> [main] Skipping prop rebounds: no real market line (line=None)
   >>> [main] Skipping prop steals: no real market line (line=None)
   >>> [main] Skipping prop points_rebounds_assists: no real market line (line=None)
   >>> [main] Skipping prop steals: no real market line (line=None)
   >>> [main] Skipping prop steals: no real market line (line=None)
   >>> [main] Skipping prop assists: no real market line (line=None)
   >>> [main] Skipping prop assists: no real market line (line=None)
   >>> [main] Skipping prop points: no real market line (line=None)
   >>> [main] Skipping prop threes: no real market line (line=None)
   >>> [Ramp-Up] Jalen Smith: Game 1 back — all stats dampened to 70%
   >>> [Ramp-Up] Jalen Smith: Game 1 back — all stats dampened to 70%
   >>> [main] Skipping prop steals: no real market line (line=None)
   >>> [main] Skipping prop assists: no real market line (line=None)
   >>> [main] Skipping prop rebounds: no real market line (line=None)
   >>> [main] Skipping prop blocks: no real market line (line=None)
   >>> [main] Skipping prop steals: no real market line (line=None)
   >>> [Ramp-Up] Aaron Nesmith: Game 3 back — all stats dampened to 90%
   >>> [Ramp-Up] Aaron Nesmith: Game 3 back — all stats dampened to 90%
   >>> [main] Skipping prop threes: no real market line (line=None)
   >>> [main] Skipping prop steals: no real market line (line=None)
   >>> [main] Skipping prop threes: no real market line (line=None)
   >>> [main] Skipping prop assists: no real market line (line=None)
   >>> [main] Skipping prop rebounds: no real market line (line=None)
   >>> [main] Skipping prop steals: no real market line (line=None)
   >>> [main] Skipping prop rebounds: no real market line (line=None)
   >>> [main] Skipping prop rebounds: no real market line (line=None)
   >>> [main] Skipping prop assists: no real market line (line=None)
   >>> [main] Skipping prop rebounds: no real market line (line=None)
   >>> [main] Skipping prop steals: no real market line (line=None)
   >>> [main] Skipping prop rebounds: no real market line (line=None)
   >>> [main] Skipping prop threes: no real market line (line=None)
   >>> [main] Skipping prop steals: no real market line (line=None)
   >>> [main] Skipping prop blocks: no real market line (line=None)
   >>> [main] Skipping prop assists: no real market line (line=None)
   >>> [main] Skipping prop rebounds: no real market line (line=None)
   >>> [main] Skipping prop threes: no real market line (line=None)
   >>> [main] Skipping prop assists: no real market line (line=None)
   >>> [main] Skipping prop assists: no real market line (line=None)
   >>> [main] Skipping prop rebounds: no real market line (line=None)
   >>> [main] Skipping prop threes: no real market line (line=None)
   >>> [main] Skipping prop steals: no real market line (line=None)
[step 5] Generating Daily Briefing (Module F)...
📊 Daily summary logged: 488 bets, 521.9 units
[FONTS] ✅ Using bundled Liberation fonts
✅ Visual briefing generated: /Users/flyprice/actions-runner/_work/Ludi-Bot/Ludi-Bot/assets/generated/ludi_generated_briefing.png

==================================================
DAILY BRIEFING GENERATED
==================================================

📰 LUDI GAME BRIEF (Mar 10, 2026)
================================
💎 TOP TARGETS BY GAME

🏀 Boston Celtics @ San Antonio Spurs
   💎 SAM HAUSER — OVER 12.5 PR
   📊 Boston Celtics @ San Antonio Spurs  |  Proj: 16.41  |  Edge: +51.4%  |  1.06u
   💰 Best Bet: BetMGM -105
   🎯 Archetype: SNIPER_ELITE vs PAINT PACK defense
   📝 Key Signal: TeamTotal:109.5, Spot-Up vs Helpers
   📊 EDGE: Projection
   💎 JULIAN CHAMPAGNIE — OVER 15.5 PR
   📊 Boston Celtics @ San Antonio Spurs  |  Proj: 19.4  |  Edge: +44.1%  |  1.06u
   💰 Best Bet: FanDuel -106
   🎯 Archetype: STRETCH_BIG vs PAINT PACK defense
   📝 Key Signal: TeamTotal:109.5, SAS Paint Pack Edge
   📊 EDGE: Projection
   💎 SAM HAUSER — OVER 8.5 PTS
   📊 Boston Celtics @ San Antonio Spurs  |  Proj: 11.58  |  Edge: +41.9%  |  1.06u
   💰 Best Bet: BetMGM -118
   🎯 Archetype: SNIPER_ELITE vs PAINT PACK defense
   📝 Key Signal: TeamTotal:109.5, Spot-Up vs Helpers
   📊 EDGE: Projection

🏀 Charlotte Hornets @ Portland Trail Blazers
   💎 DENI AVDIJA — UNDER 1.5 3PM
   📊 Charlotte Hornets @ Portland Trail Blazers  |  Proj: 0.29  |  Edge: +62.1%  |  1.25u
   💰 Best Bet: DraftKings +102
   🎯 Archetype: FACILITATOR vs PERIMETER defense
   📝 Key Signal: TeamTotal:115.5, Blowout Pace (0.97)
   📊 EDGE: Projection
   💎 DENI AVDIJA — UNDER 19.5 PTS
   📊 Charlotte Hornets @ Portland Trail Blazers  |  Proj: 9.98  |  Edge: +53.3%  |  1.06u
   💰 Best Bet: Caesars -109
   🎯 Archetype: FACILITATOR vs PERIMETER defense
   📝 Key Signal: TeamTotal:115.5, Blowout Pace (0.97)
   📊 EDGE: Projection
   💎 DENI AVDIJA — UNDER 30.5 PRA
   📊 Charlotte Hornets @ Portland Trail Blazers  |  Proj: 21.12  |  Edge: +55.6%  |  1.06u
   💰 Best Bet: BetMGM -110
   🎯 Archetype: FACILITATOR vs PERIMETER defense
   📝 Key Signal: TeamTotal:115.5, Blowout Pace (0.97)
   📊 EDGE: Projection

🏀 Chicago Bulls @ Golden State Warriors
   💎 GUI SANTOS — UNDER 15.5 PTS
   📊 Chicago Bulls @ Golden State Warriors  |  Proj: 10.32  |  Edge: +50.9%  |  1.06u
   💰 Best Bet: FanDuel +100
   🎯 Archetype: CONNECTOR vs PAINT PACK defense
   📝 Key Signal: TeamTotal:110.5, Connector vs Pack
   📊 EDGE: Projection
   💎 GUI SANTOS — UNDER 19.5 PA
   📊 Chicago Bulls @ Golden State Warriors  |  Proj: 15.18  |  Edge: +52.2%  |  1.06u
   💰 Best Bet: FanDuel -102
   🎯 Archetype: CONNECTOR vs PAINT PACK defense
   📝 Key Signal: TeamTotal:110.5, Connector vs Pack
   📊 EDGE: Projection
   💎 GUI SANTOS — UNDER 23.5 PR
   📊 Chicago Bulls @ Golden State Warriors  |  Proj: 15.33  |  Edge: +53.9%  |  1.06u
   💰 Best Bet: FanDuel -114
   🎯 Archetype: CONNECTOR vs PAINT PACK defense
   📝 Key Signal: TeamTotal:110.5, Connector vs Pack
   📊 EDGE: Projection

🏀 Dallas Mavericks @ Atlanta Hawks
   💎 JONATHAN KUMINGA — OVER 13.5 PTS
   📊 Dallas Mavericks @ Atlanta Hawks  |  Proj: 18.96  |  Edge: +48.3%  |  1.06u
   💰 Best Bet: BetMGM -105
   🎯 Archetype: STRETCH_BIG vs NEUTRAL defense
   📝 Key Signal: TeamTotal:115.5, 0.70x_conf:70%
   📊 EDGE: Projection
   💎 JONATHAN KUMINGA — OVER 18.5 PR
   📊 Dallas Mavericks @ Atlanta Hawks  |  Proj: 27.37  |  Edge: +50.6%  |  1.06u
   💰 Best Bet: FanDuel -118
   🎯 Archetype: STRETCH_BIG vs NEUTRAL defense
   📝 Key Signal: TeamTotal:115.5, 0.70x_conf:70%
   📊 EDGE: Projection
   💎 BRANDON WILLIAMS — OVER 12.5 PTS
   📊 Dallas Mavericks @ Atlanta Hawks  |  Proj: 15.73  |  Edge: +39.4%  |  1.06u
   💰 Best Bet: FanDuel +102
   🎯 Archetype: FACILITATOR vs PERIMETER defense
   📝 Key Signal: TeamTotal:115.5, Speed Hustle
   📊 EDGE: Projection

🏀 Detroit Pistons @ Brooklyn Nets
   💎 DRAKE POWELL — UNDER 6.5 PTS
   📊 Detroit Pistons @ Brooklyn Nets  |  Proj: 4.26  |  Edge: +55.3%  |  1.06u
   💰 Best Bet: Caesars +106
   🎯 Archetype: CONNECTOR vs PERIMETER defense
   📝 Key Signal: TeamTotal:116.5, 0.70x_conf:70%
   📊 EDGE: Projection
   💎 ISAIAH STEWART — UNDER 4.5 REB
   📊 Detroit Pistons @ Brooklyn Nets  |  Proj: 3.56  |  Edge: +56.4%  |  1.19u
   💰 Best Bet: DraftKings +114
   🎯 Archetype: ENERGY_BIG vs PERIMETER defense
   📝 Key Signal: TeamTotal:116.5, Energy Big Boards
   📊 EDGE: Projection
   💎 DRAKE POWELL — UNDER 8.5 PR
   📊 Detroit Pistons @ Brooklyn Nets  |  Proj: 5.71  |  Edge: +55.9%  |  1.06u
   💰 Best Bet: BetMGM -105
   🎯 Archetype: CONNECTOR vs PERIMETER defense
   📝 Key Signal: TeamTotal:116.5, 0.70x_conf:70%
   📊 EDGE: Projection

🏀 Indiana Pacers @ Sacramento Kings
   💎 AARON NESMITH — UNDER 1.5 3PM
   📊 Indiana Pacers @ Sacramento Kings  |  Proj: 0.6  |  Edge: +75%  |  1.25u
   💰 Best Bet: Caesars +122
   🎯 Archetype: ENERGY_BIG vs PERIMETER defense
   📝 Key Signal: TeamTotal:117.5, Energy Big Boards
   📊 EDGE: Projection
   💎 AARON NESMITH — UNDER 15.5 PR
   📊 Indiana Pacers @ Sacramento Kings  |  Proj: 11.05  |  Edge: +56.4%  |  1.06u
   💰 Best Bet: BetMGM -105
   🎯 Archetype: ENERGY_BIG vs PERIMETER defense
   📝 Key Signal: TeamTotal:117.5, Energy Big Boards
   📊 EDGE: Projection
   💎 AARON NESMITH — UNDER 17.5 PRA
   📊 Indiana Pacers @ Sacramento Kings  |  Proj: 13.53  |  Edge: +56.3%  |  1.06u
   💰 Best Bet: BetMGM -110
   🎯 Archetype: ENERGY_BIG vs PERIMETER defense
   📝 Key Signal: TeamTotal:117.5, Energy Big Boards
   📊 EDGE: Projection

🏀 Memphis Grizzlies @ Philadelphia 76ers
   💎 QUENTIN GRIMES — UNDER 18.5 PTS
   📊 Memphis Grizzlies @ Philadelphia 76ers  |  Proj: 12.12  |  Edge: +57.7%  |  1.06u
   💰 Best Bet: theScore Bet +100
   🎯 Archetype: TWO_LEVEL_SCORER vs PERIMETER defense
   📝 Key Signal: TeamTotal:112.5, Mid-Range Mismatch
   📊 EDGE: Projection
   💎 QUENTIN GRIMES — UNDER 23.5 PA
   📊 Memphis Grizzlies @ Philadelphia 76ers  |  Proj: 16.6  |  Edge: +57%  |  1.06u
   💰 Best Bet: FanDuel -104
   🎯 Archetype: TWO_LEVEL_SCORER vs PERIMETER defense
   📝 Key Signal: TeamTotal:112.5, Mid-Range Mismatch
   📊 EDGE: Projection
   💎 QUENTIN GRIMES — UNDER 2.5 3PM
   📊 Memphis Grizzlies @ Philadelphia 76ers  |  Proj: 1.14  |  Edge: +61.2%  |  1.25u
   💰 Best Bet: BetMGM -105
   🎯 Archetype: TWO_LEVEL_SCORER vs PERIMETER defense
   📝 Key Signal: TeamTotal:112.5, Mid-Range Mismatch
   📊 EDGE: Projection

🏀 Minnesota Timberwolves @ Los Angeles Lakers
   💎 DONTE DIVINCENZO — OVER 13.5 PR
   📊 Minnesota Timberwolves @ Los Angeles Lakers  |  Proj: 21.43  |  Edge: +47.5%  |  1.06u
   💰 Best Bet: BetMGM -118
   🎯 Archetype: FACILITATOR vs NEUTRAL defense
   📝 Key Signal: TeamTotal:118.5, Speed Hustle
   📊 EDGE: Projection
   🔷 BONES HYLAND — OVER 6.5 PTS
   📊 Minnesota Timberwolves @ Los Angeles Lakers  |  Proj: 9.73  |  Edge: +36.7%  |  0.85u
   💰 Best Bet: BetMGM -105
   🎯 Archetype: CONNECTOR vs NEUTRAL defense
   📝 Key Signal: TeamTotal:118.5, 0.70x_conf:70%
   📊 EDGE: Projection
   💎 JAKE LARAVIA — OVER 5.5 PTS
   📊 Minnesota Timberwolves @ Los Angeles Lakers  |  Proj: 7.62  |  Edge: +36.7%  |  1.06u
   💰 Best Bet: BetMGM +105
   🎯 Archetype: ENERGY_BIG vs PAINT PACK defense
   📝 Key Signal: TeamTotal:118.5, 0.70x_conf:70%
   📊 EDGE: Projection

🏀 Phoenix Suns @ Milwaukee Bucks
   🔷 GIANNIS ANTETOKOUNMPO — UNDER 4.5 AST
   📊 Phoenix Suns @ Milwaukee Bucks  |  Proj: 2.63  |  Edge: +56.3%  |  0.95u
   💰 Best Bet: Caesars +126
   🎯 Archetype: ENERGY_BIG vs PERIMETER defense
   📝 Key Signal: TeamTotal:109.5, Energy Big Boards
   📊 EDGE: Projection
   💎 JALEN GREEN — UNDER 26.5 PRA
   📊 Phoenix Suns @ Milwaukee Bucks  |  Proj: 18.71  |  Edge: +52.1%  |  1.06u
   💰 Best Bet: FanDuel -114
   🎯 Archetype: CONNECTOR vs PERIMETER defense
   📝 Key Signal: TeamTotal:109.5, 0.70x_conf:70%
   📊 EDGE: Projection
   💎 JALEN GREEN — UNDER 2.5 3PM
   📊 Phoenix Suns @ Milwaukee Bucks  |  Proj: 1.67  |  Edge: +52%  |  1.25u
   💰 Best Bet: DraftKings +115
   🎯 Archetype: CONNECTOR vs PERIMETER defense
   📝 Key Signal: TeamTotal:109.5, 0.70x_conf:70%
   📊 EDGE: Projection

🏀 Toronto Raptors @ Houston Rockets
   💎 SCOTTIE BARNES — OVER 4.5 AST
   📊 Toronto Raptors @ Houston Rockets  |  Proj: 5.12  |  Edge: +30.1%  |  1.19u
   💰 Best Bet: FanDuel -104
   🎯 Archetype: FACILITATOR vs NEUTRAL defense
   📝 Key Signal: TeamTotal:106.5, 0.70x_conf:70%
   📊 EDGE: Projection
   💎 IMMANUEL QUICKLEY — OVER 9.5 RA
   📊 Toronto Raptors @ Houston Rockets  |  Proj: 9.6  |  Edge: +31.3%  |  1.19u
   💰 Best Bet: FanDuel +108
   🎯 Archetype: SNIPER_ELITE vs NEUTRAL defense
   📝 Key Signal: TeamTotal:106.5, 1.00x
   📊 EDGE: Projection
   💎 JA'KOBE WALTER — OVER 6.5 PTS
   📊 Toronto Raptors @ Houston Rockets  |  Proj: 6.71  |  Edge: +28.3%  |  1.06u
   💰 Best Bet: FanDuel -104
   🎯 Archetype: ENERGY_BIG vs NEUTRAL defense
   📝 Key Signal: TeamTotal:106.5, 0.70x_conf:70%
   📊 EDGE: Projection

🏀 Washington Wizards @ Miami Heat
   💎 CARLTON CARRINGTON — OVER 6.5 RA
   📊 Washington Wizards @ Miami Heat  |  Proj: 9.65  |  Edge: +52.5%  |  1.19u
   💰 Best Bet: FanDuel +108
   🎯 Archetype: FACILITATOR vs PAINT PACK defense
   📝 Key Signal: TeamTotal:112.5, Playmaking vs Drop
   📊 EDGE: Projection
   💎 CARLTON CARRINGTON — OVER 3.5 AST
   📊 Washington Wizards @ Miami Heat  |  Proj: 5.87  |  Edge: +48.8%  |  1.19u
   💰 Best Bet: FanDuel +116
   🎯 Archetype: FACILITATOR vs PAINT PACK defense
   📝 Key Signal: TeamTotal:112.5, Playmaking vs Drop
   📊 EDGE: Projection
   💎 TRAE YOUNG — OVER 8.5 RA
   📊 Washington Wizards @ Miami Heat  |  Proj: 12.69  |  Edge: +51.9%  |  1.19u
   💰 Best Bet: BetMGM +110
   🎯 Archetype: FACILITATOR vs PAINT PACK defense
   📝 Key Signal: TeamTotal:112.5, Playmaking vs Drop
   📊 EDGE: Projection


✅ Saved to daily_briefing.txt
✅ Visual Card saved to: /Users/flyprice/actions-runner/_work/Ludi-Bot/Ludi-Bot/assets/generated/ludi_generated_briefing.png
[step 6] Sending Telegram Briefing...
❌ HTTP error: 400 Client Error: Bad Request for url: https://api.telegram.org/bot8190581794:AAEUVV88PupubJYcudiyRCuWCpgPVLlZ-ag/sendMessage
