[LUDI-CORE] Database Firewall: ID '17896031' (Nah'Shon Hyland) is dirty and could not be resolved.
[LUDI-CORE] Database Firewall: ID '17896038' (Day'Ron Sharpe) is dirty and could not be resolved.
[LUDI-CORE] Database Firewall: ID '47738533' (Jeenathan Williams) is dirty and could not be resolved.
[LUDI-CORE] Database Firewall: ID '1057260888' (Airious Bailey) is dirty and could not be resolved.
[LUDI-CORE] Database Firewall: ID '28098676399' (Omer Yurtseven) is dirty and could not be resolved.
[LUDI-CORE] Database Firewall: ID '28098676399' (Omer Yurtseven) is dirty and could not be resolved.
[LUDI-CORE] Database Firewall: ID '28118879047' (Jalen Slawson) is dirty and could not be resolved.
[LUDI-CORE] Database Firewall: ID '28118879047' (Jalen Slawson) is dirty and could not be resolved.
[LUDI-CORE] Database Firewall: ID '28118879047' (Jalen Slawson) is dirty and could not be resolved.
[LUDI-CORE] Database Firewall: ID '28178696399' (DeJon Jarreau) is dirty and could not be resolved.
[LUDI-CORE] Database Firewall: ID '28178696399' (DeJon Jarreau) is dirty and could not be resolved.
[LUDI-CORE] Database Firewall: ID '28908812047' (Darius Brown II) is dirty and could not be resolved.
[LUDI-CORE] Database Firewall: ID '28988809047' (Malachi Smith) is dirty and could not be resolved.
[LUDI-CORE] Database Firewall: ID '28988809047' (Malachi Smith) is dirty and could not be resolved.
[LUDI-CORE] Database Firewall: ID '88788835527' (Andersson Garcia) is dirty and could not be resolved.
[LUDI-CORE] Database Firewall: ID '88788835527' (Andersson Garcia) is dirty and could not be resolved.
[LUDI-CORE] Database Firewall: ID '94054402027' (Tyler Burton) is dirty and could not be resolved.
[LUDI-CORE] Database Firewall: ID '94054402027' (Tyler Burton) is dirty and could not be resolved.
[LUDI-CORE] Database Firewall: ID '94054402027' (Tyler Burton) is dirty and could not be resolved.
[LUDI-CORE] Database Firewall: ID '94494906527' (Grant Nelson) is dirty and could not be resolved.
[LUDI-CORE] Database Firewall: ID '94494906527' (Grant Nelson) is dirty and could not be resolved.
[LUDI-CORE] Database Firewall: ID '94494906527' (Grant Nelson) is dirty and could not be resolved.
[LUDI-CORE] Database Firewall: ID '94494906527' (Grant Nelson) is dirty and could not be resolved.
[LUDI-CORE] Database Firewall: ID '94984975527' (Jayson Kent) is dirty and could not be resolved.
[LUDI-CORE] Database Firewall: ID '941647485539' (Julian Reese) is dirty and could not be resolved.
[LUDI-CORE] Database Firewall: ID '941647485539' (Julian Reese) is dirty and could not be resolved.
[LUDI-CORE] Database Firewall: ID '941647485539' (Julian Reese) is dirty and could not be resolved.
[LUDI-CORE] Database Firewall: ID '941647485539' (Julian Reese) is dirty and could not be resolved.
[LUDI-CORE] Database Firewall: ID '941647485539' (Julian Reese) is dirty and could not be resolved.
[LUDI-CORE] Database Firewall: ID '942547465539' (Bez Mbeng) is dirty and could not be resolved.
[LUDI-CORE] Database Firewall: ID '942547465539' (Bez Mbeng) is dirty and could not be resolved.
[LUDI-CORE] Database Firewall: ID '944849035539' (Sean Pedulla) is dirty and could not be resolved.
[LUDI-CORE] Database Firewall: ID '946047615539' (John Poulakidas) is dirty and could not be resolved.
[LUDI-CORE] Database Firewall: ID '946047615539' (John Poulakidas) is dirty and could not be resolved.
[LUDI-CORE] Database Firewall: ID '946047615539' (John Poulakidas) is dirty and could not be resolved.
[LUDI-CORE] Database Firewall: ID '17896031' (Nah'Shon Hyland) is dirty and could not be resolved.
[LUDI-CORE] Database Firewall: ID '17896038' (Day'Ron Sharpe) is dirty and could not be resolved.
[LUDI-CORE] Database Firewall: ID '47738533' (Jeenathan Williams) is dirty and could not be resolved.
[LUDI-CORE] Database Firewall: ID '1057260888' (Airious Bailey) is dirty and could not be resolved.
[LUDI-CORE] Database Firewall: ID '28098676399' (Omer Yurtseven) is dirty and could not be resolved.
[LUDI-CORE] Database Firewall: ID '28098676399' (Omer Yurtseven) is dirty and could not be resolved.
[LUDI-CORE] Database Firewall: ID '28118879047' (Jalen Slawson) is dirty and could not be resolved.
[LUDI-CORE] Database Firewall: ID '28118879047' (Jalen Slawson) is dirty and could not be resolved.
[LUDI-CORE] Database Firewall: ID '28118879047' (Jalen Slawson) is dirty and could not be resolved.
[LUDI-CORE] Database Firewall: ID '28178696399' (DeJon Jarreau) is dirty and could not be resolved.
[LUDI-CORE] Database Firewall: ID '28178696399' (DeJon Jarreau) is dirty and could not be resolved.
[LUDI-CORE] Database Firewall: ID '28908812047' (Darius Brown II) is dirty and could not be resolved.
[LUDI-CORE] Database Firewall: ID '28988809047' (Malachi Smith) is dirty and could not be resolved.
[LUDI-CORE] Database Firewall: ID '28988809047' (Malachi Smith) is dirty and could not be resolved.
[LUDI-CORE] Database Firewall: ID '88788835527' (Andersson Garcia) is dirty and could not be resolved.
[LUDI-CORE] Database Firewall: ID '88788835527' (Andersson Garcia) is dirty and could not be resolved.
[LUDI-CORE] Database Firewall: ID '94054402027' (Tyler Burton) is dirty and could not be resolved.
[LUDI-CORE] Database Firewall: ID '94054402027' (Tyler Burton) is dirty and could not be resolved.
[LUDI-CORE] Database Firewall: ID '94054402027' (Tyler Burton) is dirty and could not be resolved.
[LUDI-CORE] Database Firewall: ID '94494906527' (Grant Nelson) is dirty and could not be resolved.
[LUDI-CORE] Database Firewall: ID '94494906527' (Grant Nelson) is dirty and could not be resolved.
[LUDI-CORE] Database Firewall: ID '94494906527' (Grant Nelson) is dirty and could not be resolved.
[LUDI-CORE] Database Firewall: ID '94494906527' (Grant Nelson) is dirty and could not be resolved.
[LUDI-CORE] Database Firewall: ID '94984975527' (Jayson Kent) is dirty and could not be resolved.
[LUDI-CORE] Database Firewall: ID '941647485539' (Julian Reese) is dirty and could not be resolved.
[LUDI-CORE] Database Firewall: ID '941647485539' (Julian Reese) is dirty and could not be resolved.
[LUDI-CORE] Database Firewall: ID '941647485539' (Julian Reese) is dirty and could not be resolved.
[LUDI-CORE] Database Firewall: ID '941647485539' (Julian Reese) is dirty and could not be resolved.
[LUDI-CORE] Database Firewall: ID '941647485539' (Julian Reese) is dirty and could not be resolved.
[LUDI-CORE] Database Firewall: ID '942547465539' (Bez Mbeng) is dirty and could not be resolved.
[LUDI-CORE] Database Firewall: ID '942547465539' (Bez Mbeng) is dirty and could not be resolved.
[LUDI-CORE] Database Firewall: ID '944849035539' (Sean Pedulla) is dirty and could not be resolved.
[LUDI-CORE] Database Firewall: ID '946047615539' (John Poulakidas) is dirty and could not be resolved.
[LUDI-CORE] Database Firewall: ID '946047615539' (John Poulakidas) is dirty and could not be resolved.
[LUDI-CORE] Database Firewall: ID '946047615539' (John Poulakidas) is dirty and could not be resolved.
[LUDI-CORE] Database Firewall: ID '17896031' (Nah'Shon Hyland) is dirty and could not be resolved.
[LUDI-CORE] Database Firewall: ID '17896038' (Day'Ron Sharpe) is dirty and could not be resolved.
[LUDI-CORE] Database Firewall: ID '47738533' (Jeenathan Williams) is dirty and could not be resolved.
[LUDI-CORE] Database Firewall: ID '1057260888' (Airious Bailey) is dirty and could not be resolved.
[LUDI-CORE] Database Firewall: ID '28098676399' (Omer Yurtseven) is dirty and could not be resolved.
[LUDI-CORE] Database Firewall: ID '28098676399' (Omer Yurtseven) is dirty and could not be resolved.
[LUDI-CORE] Database Firewall: ID '28118879047' (Jalen Slawson) is dirty and could not be resolved.
[LUDI-CORE] Database Firewall: ID '28118879047' (Jalen Slawson) is dirty and could not be resolved.
[LUDI-CORE] Database Firewall: ID '28118879047' (Jalen Slawson) is dirty and could not be resolved.
[LUDI-CORE] Database Firewall: ID '28178696399' (DeJon Jarreau) is dirty and could not be resolved.
[LUDI-CORE] Database Firewall: ID '28178696399' (DeJon Jarreau) is dirty and could not be resolved.
[LUDI-CORE] Database Firewall: ID '28908812047' (Darius Brown II) is dirty and could not be resolved.
[LUDI-CORE] Database Firewall: ID '28988809047' (Malachi Smith) is dirty and could not be resolved.
[LUDI-CORE] Database Firewall: ID '28988809047' (Malachi Smith) is dirty and could not be resolved.
[LUDI-CORE] Database Firewall: ID '88788835527' (Andersson Garcia) is dirty and could not be resolved.
[LUDI-CORE] Database Firewall: ID '88788835527' (Andersson Garcia) is dirty and could not be resolved.
[LUDI-CORE] Database Firewall: ID '94054402027' (Tyler Burton) is dirty and could not be resolved.
[LUDI-CORE] Database Firewall: ID '94054402027' (Tyler Burton) is dirty and could not be resolved.
[LUDI-CORE] Database Firewall: ID '94054402027' (Tyler Burton) is dirty and could not be resolved.
[LUDI-CORE] Database Firewall: ID '94494906527' (Grant Nelson) is dirty and could not be resolved.
[LUDI-CORE] Database Firewall: ID '94494906527' (Grant Nelson) is dirty and could not be resolved.
[LUDI-CORE] Database Firewall: ID '94494906527' (Grant Nelson) is dirty and could not be resolved.
[LUDI-CORE] Database Firewall: ID '94494906527' (Grant Nelson) is dirty and could not be resolved.
[LUDI-CORE] Database Firewall: ID '94984975527' (Jayson Kent) is dirty and could not be resolved.
[LUDI-CORE] Database Firewall: ID '941647485539' (Julian Reese) is dirty and could not be resolved.
[LUDI-CORE] Database Firewall: ID '941647485539' (Julian Reese) is dirty and could not be resolved.
[LUDI-CORE] Database Firewall: ID '941647485539' (Julian Reese) is dirty and could not be resolved.
[LUDI-CORE] Database Firewall: ID '941647485539' (Julian Reese) is dirty and could not be resolved.
[LUDI-CORE] Database Firewall: ID '941647485539' (Julian Reese) is dirty and could not be resolved.
[LUDI-CORE] Database Firewall: ID '942547465539' (Bez Mbeng) is dirty and could not be resolved.
[LUDI-CORE] Database Firewall: ID '942547465539' (Bez Mbeng) is dirty and could not be resolved.
[LUDI-CORE] Database Firewall: ID '944849035539' (Sean Pedulla) is dirty and could not be resolved.
[LUDI-CORE] Database Firewall: ID '946047615539' (John Poulakidas) is dirty and could not be resolved.
[LUDI-CORE] Database Firewall: ID '946047615539' (John Poulakidas) is dirty and could not be resolved.
[LUDI-CORE] Database Firewall: ID '946047615539' (John Poulakidas) is dirty and could not be resolved.
[LUDI-CORE] Database Firewall: ID '17896031' (Nah'Shon Hyland) is dirty and could not be resolved.
[LUDI-CORE] Database Firewall: ID '17896038' (Day'Ron Sharpe) is dirty and could not be resolved.
[LUDI-CORE] Database Firewall: ID '47738533' (Jeenathan Williams) is dirty and could not be resolved.
[LUDI-CORE] Database Firewall: ID '1057260888' (Airious Bailey) is dirty and could not be resolved.
[LUDI-CORE] Database Firewall: ID '28098676399' (Omer Yurtseven) is dirty and could not be resolved.
[LUDI-CORE] Database Firewall: ID '28098676399' (Omer Yurtseven) is dirty and could not be resolved.
[LUDI-CORE] Database Firewall: ID '28118879047' (Jalen Slawson) is dirty and could not be resolved.
[LUDI-CORE] Database Firewall: ID '28118879047' (Jalen Slawson) is dirty and could not be resolved.
[LUDI-CORE] Database Firewall: ID '28118879047' (Jalen Slawson) is dirty and could not be resolved.
[LUDI-CORE] Database Firewall: ID '28178696399' (DeJon Jarreau) is dirty and could not be resolved.
[LUDI-CORE] Database Firewall: ID '28178696399' (DeJon Jarreau) is dirty and could not be resolved.
[LUDI-CORE] Database Firewall: ID '28908812047' (Darius Brown II) is dirty and could not be resolved.
[LUDI-CORE] Database Firewall: ID '28988809047' (Malachi Smith) is dirty and could not be resolved.
[LUDI-CORE] Database Firewall: ID '28988809047' (Malachi Smith) is dirty and could not be resolved.
[LUDI-CORE] Database Firewall: ID '88788835527' (Andersson Garcia) is dirty and could not be resolved.
[LUDI-CORE] Database Firewall: ID '88788835527' (Andersson Garcia) is dirty and could not be resolved.
[LUDI-CORE] Database Firewall: ID '94054402027' (Tyler Burton) is dirty and could not be resolved.
[LUDI-CORE] Database Firewall: ID '94054402027' (Tyler Burton) is dirty and could not be resolved.
[LUDI-CORE] Database Firewall: ID '94054402027' (Tyler Burton) is dirty and could not be resolved.
[LUDI-CORE] Database Firewall: ID '94494906527' (Grant Nelson) is dirty and could not be resolved.
[LUDI-CORE] Database Firewall: ID '94494906527' (Grant Nelson) is dirty and could not be resolved.
[LUDI-CORE] Database Firewall: ID '94494906527' (Grant Nelson) is dirty and could not be resolved.
[LUDI-CORE] Database Firewall: ID '94494906527' (Grant Nelson) is dirty and could not be resolved.
[LUDI-CORE] Database Firewall: ID '94984975527' (Jayson Kent) is dirty and could not be resolved.
[LUDI-CORE] Database Firewall: ID '941647485539' (Julian Reese) is dirty and could not be resolved.
[LUDI-CORE] Database Firewall: ID '941647485539' (Julian Reese) is dirty and could not be resolved.
[LUDI-CORE] Database Firewall: ID '941647485539' (Julian Reese) is dirty and could not be resolved.
[LUDI-CORE] Database Firewall: ID '941647485539' (Julian Reese) is dirty and could not be resolved.
[LUDI-CORE] Database Firewall: ID '941647485539' (Julian Reese) is dirty and could not be resolved.
[LUDI-CORE] Database Firewall: ID '942547465539' (Bez Mbeng) is dirty and could not be resolved.
[LUDI-CORE] Database Firewall: ID '942547465539' (Bez Mbeng) is dirty and could not be resolved.
[LUDI-CORE] Database Firewall: ID '944849035539' (Sean Pedulla) is dirty and could not be resolved.
[LUDI-CORE] Database Firewall: ID '946047615539' (John Poulakidas) is dirty and could not be resolved.
[LUDI-CORE] Database Firewall: ID '946047615539' (John Poulakidas) is dirty and could not be resolved.
[LUDI-CORE] Database Firewall: ID '946047615539' (John Poulakidas) is dirty and could not be resolved.
[LUDI-CORE] Database Firewall: ID '17896031' (Nah'Shon Hyland) is dirty and could not be resolved.
[LUDI-CORE] Database Firewall: ID '17896038' (Day'Ron Sharpe) is dirty and could not be resolved.
[LUDI-CORE] Database Firewall: ID '47738533' (Jeenathan Williams) is dirty and could not be resolved.
[LUDI-CORE] Database Firewall: ID '1057260888' (Airious Bailey) is dirty and could not be resolved.
[LUDI-CORE] Database Firewall: ID '28098676399' (Omer Yurtseven) is dirty and could not be resolved.
[LUDI-CORE] Database Firewall: ID '28098676399' (Omer Yurtseven) is dirty and could not be resolved.
[LUDI-CORE] Database Firewall: ID '28118879047' (Jalen Slawson) is dirty and could not be resolved.
[LUDI-CORE] Database Firewall: ID '28118879047' (Jalen Slawson) is dirty and could not be resolved.
[LUDI-CORE] Database Firewall: ID '28118879047' (Jalen Slawson) is dirty and could not be resolved.
[LUDI-CORE] Database Firewall: ID '28178696399' (DeJon Jarreau) is dirty and could not be resolved.
[LUDI-CORE] Database Firewall: ID '28178696399' (DeJon Jarreau) is dirty and could not be resolved.
[LUDI-CORE] Database Firewall: ID '28908812047' (Darius Brown II) is dirty and could not be resolved.
[LUDI-CORE] Database Firewall: ID '28988809047' (Malachi Smith) is dirty and could not be resolved.
[LUDI-CORE] Database Firewall: ID '28988809047' (Malachi Smith) is dirty and could not be resolved.
[LUDI-CORE] Database Firewall: ID '88788835527' (Andersson Garcia) is dirty and could not be resolved.
[LUDI-CORE] Database Firewall: ID '88788835527' (Andersson Garcia) is dirty and could not be resolved.
[LUDI-CORE] Database Firewall: ID '94054402027' (Tyler Burton) is dirty and could not be resolved.
[LUDI-CORE] Database Firewall: ID '94054402027' (Tyler Burton) is dirty and could not be resolved.
[LUDI-CORE] Database Firewall: ID '94054402027' (Tyler Burton) is dirty and could not be resolved.
[LUDI-CORE] Database Firewall: ID '94494906527' (Grant Nelson) is dirty and could not be resolved.
[LUDI-CORE] Database Firewall: ID '94494906527' (Grant Nelson) is dirty and could not be resolved.
[LUDI-CORE] Database Firewall: ID '94494906527' (Grant Nelson) is dirty and could not be resolved.
[LUDI-CORE] Database Firewall: ID '94494906527' (Grant Nelson) is dirty and could not be resolved.
[LUDI-CORE] Database Firewall: ID '94984975527' (Jayson Kent) is dirty and could not be resolved.
[LUDI-CORE] Database Firewall: ID '941647485539' (Julian Reese) is dirty and could not be resolved.
[LUDI-CORE] Database Firewall: ID '941647485539' (Julian Reese) is dirty and could not be resolved.
[LUDI-CORE] Database Firewall: ID '941647485539' (Julian Reese) is dirty and could not be resolved.
[LUDI-CORE] Database Firewall: ID '941647485539' (Julian Reese) is dirty and could not be resolved.
[LUDI-CORE] Database Firewall: ID '941647485539' (Julian Reese) is dirty and could not be resolved.
[LUDI-CORE] Database Firewall: ID '942547465539' (Bez Mbeng) is dirty and could not be resolved.
[LUDI-CORE] Database Firewall: ID '942547465539' (Bez Mbeng) is dirty and could not be resolved.
[LUDI-CORE] Database Firewall: ID '944849035539' (Sean Pedulla) is dirty and could not be resolved.
[LUDI-CORE] Database Firewall: ID '946047615539' (John Poulakidas) is dirty and could not be resolved.
[LUDI-CORE] Database Firewall: ID '946047615539' (John Poulakidas) is dirty and could not be resolved.
[LUDI-CORE] Database Firewall: ID '946047615539' (John Poulakidas) is dirty and could not be resolved.
[LUDI-CORE] Database Firewall: ID '17896031' (Nah'Shon Hyland) is dirty and could not be resolved.
[LUDI-CORE] Database Firewall: ID '17896038' (Day'Ron Sharpe) is dirty and could not be resolved.
[LUDI-CORE] Database Firewall: ID '47738533' (Jeenathan Williams) is dirty and could not be resolved.
[LUDI-CORE] Database Firewall: ID '1057260888' (Airious Bailey) is dirty and could not be resolved.
[LUDI-CORE] Database Firewall: ID '28098676399' (Omer Yurtseven) is dirty and could not be resolved.
[LUDI-CORE] Database Firewall: ID '28098676399' (Omer Yurtseven) is dirty and could not be resolved.
[LUDI-CORE] Database Firewall: ID '28118879047' (Jalen Slawson) is dirty and could not be resolved.
[LUDI-CORE] Database Firewall: ID '28118879047' (Jalen Slawson) is dirty and could not be resolved.
[LUDI-CORE] Database Firewall: ID '28118879047' (Jalen Slawson) is dirty and could not be resolved.
[LUDI-CORE] Database Firewall: ID '28178696399' (DeJon Jarreau) is dirty and could not be resolved.
[LUDI-CORE] Database Firewall: ID '28178696399' (DeJon Jarreau) is dirty and could not be resolved.
[LUDI-CORE] Database Firewall: ID '28908812047' (Darius Brown II) is dirty and could not be resolved.
[LUDI-CORE] Database Firewall: ID '28988809047' (Malachi Smith) is dirty and could not be resolved.
[LUDI-CORE] Database Firewall: ID '28988809047' (Malachi Smith) is dirty and could not be resolved.
[LUDI-CORE] Database Firewall: ID '88788835527' (Andersson Garcia) is dirty and could not be resolved.
[LUDI-CORE] Database Firewall: ID '88788835527' (Andersson Garcia) is dirty and could not be resolved.
[LUDI-CORE] Database Firewall: ID '94054402027' (Tyler Burton) is dirty and could not be resolved.
[LUDI-CORE] Database Firewall: ID '94054402027' (Tyler Burton) is dirty and could not be resolved.
[LUDI-CORE] Database Firewall: ID '94054402027' (Tyler Burton) is dirty and could not be resolved.
[LUDI-CORE] Database Firewall: ID '94494906527' (Grant Nelson) is dirty and could not be resolved.
[LUDI-CORE] Database Firewall: ID '94494906527' (Grant Nelson) is dirty and could not be resolved.
[LUDI-CORE] Database Firewall: ID '94494906527' (Grant Nelson) is dirty and could not be resolved.
[LUDI-CORE] Database Firewall: ID '94494906527' (Grant Nelson) is dirty and could not be resolved.
[LUDI-CORE] Database Firewall: ID '94984975527' (Jayson Kent) is dirty and could not be resolved.
[LUDI-CORE] Database Firewall: ID '941647485539' (Julian Reese) is dirty and could not be resolved.
[LUDI-CORE] Database Firewall: ID '941647485539' (Julian Reese) is dirty and could not be resolved.
[LUDI-CORE] Database Firewall: ID '941647485539' (Julian Reese) is dirty and could not be resolved.
[LUDI-CORE] Database Firewall: ID '941647485539' (Julian Reese) is dirty and could not be resolved.
[LUDI-CORE] Database Firewall: ID '941647485539' (Julian Reese) is dirty and could not be resolved.
[LUDI-CORE] Database Firewall: ID '942547465539' (Bez Mbeng) is dirty and could not be resolved.
[LUDI-CORE] Database Firewall: ID '942547465539' (Bez Mbeng) is dirty and could not be resolved.
[LUDI-CORE] Database Firewall: ID '944849035539' (Sean Pedulla) is dirty and could not be resolved.
[LUDI-CORE] Database Firewall: ID '946047615539' (John Poulakidas) is dirty and could not be resolved.
[LUDI-CORE] Database Firewall: ID '946047615539' (John Poulakidas) is dirty and could not be resolved.
[LUDI-CORE] Database Firewall: ID '946047615539' (John Poulakidas) is dirty and could not be resolved.
[LUDI-CORE] Database Firewall: ID '17896031' (Nah'Shon Hyland) is dirty and could not be resolved.
[LUDI-CORE] Database Firewall: ID '17896038' (Day'Ron Sharpe) is dirty and could not be resolved.
[LUDI-CORE] Database Firewall: ID '47738533' (Jeenathan Williams) is dirty and could not be resolved.
[LUDI-CORE] Database Firewall: ID '1057260888' (Airious Bailey) is dirty and could not be resolved.
[LUDI-CORE] Database Firewall: ID '28098676399' (Omer Yurtseven) is dirty and could not be resolved.
[LUDI-CORE] Database Firewall: ID '28098676399' (Omer Yurtseven) is dirty and could not be resolved.
[LUDI-CORE] Database Firewall: ID '28118879047' (Jalen Slawson) is dirty and could not be resolved.
[LUDI-CORE] Database Firewall: ID '28118879047' (Jalen Slawson) is dirty and could not be resolved.
[LUDI-CORE] Database Firewall: ID '28118879047' (Jalen Slawson) is dirty and could not be resolved.
[LUDI-CORE] Database Firewall: ID '28178696399' (DeJon Jarreau) is dirty and could not be resolved.
[LUDI-CORE] Database Firewall: ID '28178696399' (DeJon Jarreau) is dirty and could not be resolved.
[LUDI-CORE] Database Firewall: ID '28908812047' (Darius Brown II) is dirty and could not be resolved.
[LUDI-CORE] Database Firewall: ID '28988809047' (Malachi Smith) is dirty and could not be resolved.
[LUDI-CORE] Database Firewall: ID '28988809047' (Malachi Smith) is dirty and could not be resolved.
[LUDI-CORE] Database Firewall: ID '88788835527' (Andersson Garcia) is dirty and could not be resolved.
[LUDI-CORE] Database Firewall: ID '88788835527' (Andersson Garcia) is dirty and could not be resolved.
[LUDI-CORE] Database Firewall: ID '94054402027' (Tyler Burton) is dirty and could not be resolved.
[LUDI-CORE] Database Firewall: ID '94054402027' (Tyler Burton) is dirty and could not be resolved.
[LUDI-CORE] Database Firewall: ID '94054402027' (Tyler Burton) is dirty and could not be resolved.
[LUDI-CORE] Database Firewall: ID '94494906527' (Grant Nelson) is dirty and could not be resolved.
[LUDI-CORE] Database Firewall: ID '94494906527' (Grant Nelson) is dirty and could not be resolved.
[LUDI-CORE] Database Firewall: ID '94494906527' (Grant Nelson) is dirty and could not be resolved.
[LUDI-CORE] Database Firewall: ID '94494906527' (Grant Nelson) is dirty and could not be resolved.
[LUDI-CORE] Database Firewall: ID '94984975527' (Jayson Kent) is dirty and could not be resolved.
[LUDI-CORE] Database Firewall: ID '941647485539' (Julian Reese) is dirty and could not be resolved.
[LUDI-CORE] Database Firewall: ID '941647485539' (Julian Reese) is dirty and could not be resolved.
[LUDI-CORE] Database Firewall: ID '941647485539' (Julian Reese) is dirty and could not be resolved.
[LUDI-CORE] Database Firewall: ID '941647485539' (Julian Reese) is dirty and could not be resolved.
[LUDI-CORE] Database Firewall: ID '941647485539' (Julian Reese) is dirty and could not be resolved.
[LUDI-CORE] Database Firewall: ID '942547465539' (Bez Mbeng) is dirty and could not be resolved.
[LUDI-CORE] Database Firewall: ID '942547465539' (Bez Mbeng) is dirty and could not be resolved.
[LUDI-CORE] Database Firewall: ID '944849035539' (Sean Pedulla) is dirty and could not be resolved.
[LUDI-CORE] Database Firewall: ID '946047615539' (John Poulakidas) is dirty and could not be resolved.
[LUDI-CORE] Database Firewall: ID '946047615539' (John Poulakidas) is dirty and could not be resolved.
[LUDI-CORE] Database Firewall: ID '946047615539' (John Poulakidas) is dirty and could not be resolved.
[LUDI-CORE] Database Firewall: ID '28118879047' (Jalen Slawson) is dirty and could not be resolved.
[LUDI-CORE] Database Firewall: ID '28118879047' (Jalen Slawson) is dirty and could not be resolved.
[LUDI-CORE] Database Firewall: ID '28118879047' (Jalen Slawson) is dirty and could not be resolved.
[LUDI-CORE] Database Firewall: ID '28178696399' (DeJon Jarreau) is dirty and could not be resolved.
[LUDI-CORE] Database Firewall: ID '28908812047' (Darius Brown II) is dirty and could not be resolved.
[LUDI-CORE] Database Firewall: ID '28988809047' (Malachi Smith) is dirty and could not be resolved.
[LUDI-CORE] Database Firewall: ID '28988809047' (Malachi Smith) is dirty and could not be resolved.
[LUDI-CORE] Database Firewall: ID '88788835527' (Andersson Garcia) is dirty and could not be resolved.
[LUDI-CORE] Database Firewall: ID '88788835527' (Andersson Garcia) is dirty and could not be resolved.
[LUDI-CORE] Database Firewall: ID '94054402027' (Tyler Burton) is dirty and could not be resolved.
[LUDI-CORE] Database Firewall: ID '94494906527' (Grant Nelson) is dirty and could not be resolved.
[LUDI-CORE] Database Firewall: ID '94494906527' (Grant Nelson) is dirty and could not be resolved.
[LUDI-CORE] Database Firewall: ID '94494906527' (Grant Nelson) is dirty and could not be resolved.
[LUDI-CORE] Database Firewall: ID '94494906527' (Grant Nelson) is dirty and could not be resolved.
[LUDI-CORE] Database Firewall: ID '94984975527' (Jayson Kent) is dirty and could not be resolved.
[LUDI-CORE] Database Firewall: ID '941647485539' (Julian Reese) is dirty and could not be resolved.
[LUDI-CORE] Database Firewall: ID '941647485539' (Julian Reese) is dirty and could not be resolved.
[LUDI-CORE] Database Firewall: ID '942547465539' (Bez Mbeng) is dirty and could not be resolved.
[LUDI-CORE] Database Firewall: ID '942547465539' (Bez Mbeng) is dirty and could not be resolved.
[LUDI-CORE] Database Firewall: ID '944849035539' (Sean Pedulla) is dirty and could not be resolved.
[LUDI-CORE] Database Firewall: ID '946047615539' (John Poulakidas) is dirty and could not be resolved.
[LUDI-CORE] Database Firewall: ID '946047615539' (John Poulakidas) is dirty and could not be resolved.
[LUDI-CORE] Database Firewall: ID '28118879047' (Jalen Slawson) is dirty and could not be resolved.
[LUDI-CORE] Database Firewall: ID '28118879047' (Jalen Slawson) is dirty and could not be resolved.
[LUDI-CORE] Database Firewall: ID '28118879047' (Jalen Slawson) is dirty and could not be resolved.
[LUDI-CORE] Database Firewall: ID '28178696399' (DeJon Jarreau) is dirty and could not be resolved.
[LUDI-CORE] Database Firewall: ID '28908812047' (Darius Brown II) is dirty and could not be resolved.
[LUDI-CORE] Database Firewall: ID '28988809047' (Malachi Smith) is dirty and could not be resolved.
[LUDI-CORE] Database Firewall: ID '28988809047' (Malachi Smith) is dirty and could not be resolved.
[LUDI-CORE] Database Firewall: ID '88788835527' (Andersson Garcia) is dirty and could not be resolved.
[LUDI-CORE] Database Firewall: ID '88788835527' (Andersson Garcia) is dirty and could not be resolved.
[LUDI-CORE] Database Firewall: ID '94054402027' (Tyler Burton) is dirty and could not be resolved.
[LUDI-CORE] Database Firewall: ID '94494906527' (Grant Nelson) is dirty and could not be resolved.
[LUDI-CORE] Database Firewall: ID '94494906527' (Grant Nelson) is dirty and could not be resolved.
[LUDI-CORE] Database Firewall: ID '94494906527' (Grant Nelson) is dirty and could not be resolved.
[LUDI-CORE] Database Firewall: ID '94494906527' (Grant Nelson) is dirty and could not be resolved.
[LUDI-CORE] Database Firewall: ID '94984975527' (Jayson Kent) is dirty and could not be resolved.
[LUDI-CORE] Database Firewall: ID '941647485539' (Julian Reese) is dirty and could not be resolved.
[LUDI-CORE] Database Firewall: ID '941647485539' (Julian Reese) is dirty and could not be resolved.
[LUDI-CORE] Database Firewall: ID '942547465539' (Bez Mbeng) is dirty and could not be resolved.
[LUDI-CORE] Database Firewall: ID '942547465539' (Bez Mbeng) is dirty and could not be resolved.
[LUDI-CORE] Database Firewall: ID '944849035539' (Sean Pedulla) is dirty and could not be resolved.
[LUDI-CORE] Database Firewall: ID '946047615539' (John Poulakidas) is dirty and could not be resolved.
[LUDI-CORE] Database Firewall: ID '946047615539' (John Poulakidas) is dirty and could not be resolved.
[LUDI-CORE] Database Firewall: ID '28118879047' (Jalen Slawson) is dirty and could not be resolved.
[LUDI-CORE] Database Firewall: ID '28118879047' (Jalen Slawson) is dirty and could not be resolved.
[LUDI-CORE] Database Firewall: ID '28118879047' (Jalen Slawson) is dirty and could not be resolved.
[LUDI-CORE] Database Firewall: ID '28178696399' (DeJon Jarreau) is dirty and could not be resolved.
[LUDI-CORE] Database Firewall: ID '28908812047' (Darius Brown II) is dirty and could not be resolved.
[LUDI-CORE] Database Firewall: ID '28988809047' (Malachi Smith) is dirty and could not be resolved.
[LUDI-CORE] Database Firewall: ID '28988809047' (Malachi Smith) is dirty and could not be resolved.
[LUDI-CORE] Database Firewall: ID '88788835527' (Andersson Garcia) is dirty and could not be resolved.
[LUDI-CORE] Database Firewall: ID '88788835527' (Andersson Garcia) is dirty and could not be resolved.
[LUDI-CORE] Database Firewall: ID '94054402027' (Tyler Burton) is dirty and could not be resolved.
[LUDI-CORE] Database Firewall: ID '94494906527' (Grant Nelson) is dirty and could not be resolved.
[LUDI-CORE] Database Firewall: ID '94494906527' (Grant Nelson) is dirty and could not be resolved.
[LUDI-CORE] Database Firewall: ID '94494906527' (Grant Nelson) is dirty and could not be resolved.
[LUDI-CORE] Database Firewall: ID '94494906527' (Grant Nelson) is dirty and could not be resolved.
[LUDI-CORE] Database Firewall: ID '94984975527' (Jayson Kent) is dirty and could not be resolved.
[LUDI-CORE] Database Firewall: ID '941647485539' (Julian Reese) is dirty and could not be resolved.
[LUDI-CORE] Database Firewall: ID '941647485539' (Julian Reese) is dirty and could not be resolved.
[LUDI-CORE] Database Firewall: ID '942547465539' (Bez Mbeng) is dirty and could not be resolved.
[LUDI-CORE] Database Firewall: ID '942547465539' (Bez Mbeng) is dirty and could not be resolved.
[LUDI-CORE] Database Firewall: ID '944849035539' (Sean Pedulla) is dirty and could not be resolved.
[LUDI-CORE] Database Firewall: ID '946047615539' (John Poulakidas) is dirty and could not be resolved.
[LUDI-CORE] Database Firewall: ID '946047615539' (John Poulakidas) is dirty and could not be resolved.
[LUDI-CORE] Database Firewall: ID '28118879047' (Jalen Slawson) is dirty and could not be resolved.
[LUDI-CORE] Database Firewall: ID '28118879047' (Jalen Slawson) is dirty and could not be resolved.
[LUDI-CORE] Database Firewall: ID '28118879047' (Jalen Slawson) is dirty and could not be resolved.
[LUDI-CORE] Database Firewall: ID '28178696399' (DeJon Jarreau) is dirty and could not be resolved.
[LUDI-CORE] Database Firewall: ID '28908812047' (Darius Brown II) is dirty and could not be resolved.
[LUDI-CORE] Database Firewall: ID '28988809047' (Malachi Smith) is dirty and could not be resolved.
[LUDI-CORE] Database Firewall: ID '28988809047' (Malachi Smith) is dirty and could not be resolved.
[LUDI-CORE] Database Firewall: ID '88788835527' (Andersson Garcia) is dirty and could not be resolved.
[LUDI-CORE] Database Firewall: ID '88788835527' (Andersson Garcia) is dirty and could not be resolved.
[LUDI-CORE] Database Firewall: ID '94054402027' (Tyler Burton) is dirty and could not be resolved.
[LUDI-CORE] Database Firewall: ID '94494906527' (Grant Nelson) is dirty and could not be resolved.
[LUDI-CORE] Database Firewall: ID '94494906527' (Grant Nelson) is dirty and could not be resolved.
[LUDI-CORE] Database Firewall: ID '94494906527' (Grant Nelson) is dirty and could not be resolved.
[LUDI-CORE] Database Firewall: ID '94494906527' (Grant Nelson) is dirty and could not be resolved.
[LUDI-CORE] Database Firewall: ID '94984975527' (Jayson Kent) is dirty and could not be resolved.
[LUDI-CORE] Database Firewall: ID '941647485539' (Julian Reese) is dirty and could not be resolved.
[LUDI-CORE] Database Firewall: ID '941647485539' (Julian Reese) is dirty and could not be resolved.
[LUDI-CORE] Database Firewall: ID '942547465539' (Bez Mbeng) is dirty and could not be resolved.
[LUDI-CORE] Database Firewall: ID '942547465539' (Bez Mbeng) is dirty and could not be resolved.
[LUDI-CORE] Database Firewall: ID '944849035539' (Sean Pedulla) is dirty and could not be resolved.
[LUDI-CORE] Database Firewall: ID '946047615539' (John Poulakidas) is dirty and could not be resolved.
[LUDI-CORE] Database Firewall: ID '946047615539' (John Poulakidas) is dirty and could not be resolved.
[LUDI-CORE] Database Firewall: ID '28118879047' (Jalen Slawson) is dirty and could not be resolved.
[LUDI-CORE] Database Firewall: ID '28118879047' (Jalen Slawson) is dirty and could not be resolved.
[LUDI-CORE] Database Firewall: ID '28118879047' (Jalen Slawson) is dirty and could not be resolved.
[LUDI-CORE] Database Firewall: ID '28178696399' (DeJon Jarreau) is dirty and could not be resolved.
[LUDI-CORE] Database Firewall: ID '28908812047' (Darius Brown II) is dirty and could not be resolved.
[LUDI-CORE] Database Firewall: ID '28988809047' (Malachi Smith) is dirty and could not be resolved.
[LUDI-CORE] Database Firewall: ID '28988809047' (Malachi Smith) is dirty and could not be resolved.
[LUDI-CORE] Database Firewall: ID '88788835527' (Andersson Garcia) is dirty and could not be resolved.
[LUDI-CORE] Database Firewall: ID '88788835527' (Andersson Garcia) is dirty and could not be resolved.
[LUDI-CORE] Database Firewall: ID '94054402027' (Tyler Burton) is dirty and could not be resolved.
[LUDI-CORE] Database Firewall: ID '94494906527' (Grant Nelson) is dirty and could not be resolved.
[LUDI-CORE] Database Firewall: ID '94494906527' (Grant Nelson) is dirty and could not be resolved.
[LUDI-CORE] Database Firewall: ID '94494906527' (Grant Nelson) is dirty and could not be resolved.
[LUDI-CORE] Database Firewall: ID '94494906527' (Grant Nelson) is dirty and could not be resolved.
[LUDI-CORE] Database Firewall: ID '94984975527' (Jayson Kent) is dirty and could not be resolved.
[LUDI-CORE] Database Firewall: ID '941647485539' (Julian Reese) is dirty and could not be resolved.
[LUDI-CORE] Database Firewall: ID '941647485539' (Julian Reese) is dirty and could not be resolved.
[LUDI-CORE] Database Firewall: ID '942547465539' (Bez Mbeng) is dirty and could not be resolved.
[LUDI-CORE] Database Firewall: ID '942547465539' (Bez Mbeng) is dirty and could not be resolved.
[LUDI-CORE] Database Firewall: ID '944849035539' (Sean Pedulla) is dirty and could not be resolved.
[LUDI-CORE] Database Firewall: ID '946047615539' (John Poulakidas) is dirty and could not be resolved.
[LUDI-CORE] Database Firewall: ID '946047615539' (John Poulakidas) is dirty and could not be resolved.
[LUDI-CORE] Database Firewall: ID '28118879047' (Jalen Slawson) is dirty and could not be resolved.
[LUDI-CORE] Database Firewall: ID '28118879047' (Jalen Slawson) is dirty and could not be resolved.
[LUDI-CORE] Database Firewall: ID '28118879047' (Jalen Slawson) is dirty and could not be resolved.
[LUDI-CORE] Database Firewall: ID '28178696399' (DeJon Jarreau) is dirty and could not be resolved.
[LUDI-CORE] Database Firewall: ID '28908812047' (Darius Brown II) is dirty and could not be resolved.
[LUDI-CORE] Database Firewall: ID '28988809047' (Malachi Smith) is dirty and could not be resolved.
[LUDI-CORE] Database Firewall: ID '28988809047' (Malachi Smith) is dirty and could not be resolved.
[LUDI-CORE] Database Firewall: ID '88788835527' (Andersson Garcia) is dirty and could not be resolved.
[LUDI-CORE] Database Firewall: ID '88788835527' (Andersson Garcia) is dirty and could not be resolved.
[LUDI-CORE] Database Firewall: ID '94054402027' (Tyler Burton) is dirty and could not be resolved.
[LUDI-CORE] Database Firewall: ID '94494906527' (Grant Nelson) is dirty and could not be resolved.
[LUDI-CORE] Database Firewall: ID '94494906527' (Grant Nelson) is dirty and could not be resolved.
[LUDI-CORE] Database Firewall: ID '94494906527' (Grant Nelson) is dirty and could not be resolved.
[LUDI-CORE] Database Firewall: ID '94494906527' (Grant Nelson) is dirty and could not be resolved.
[LUDI-CORE] Database Firewall: ID '94984975527' (Jayson Kent) is dirty and could not be resolved.
[LUDI-CORE] Database Firewall: ID '941647485539' (Julian Reese) is dirty and could not be resolved.
[LUDI-CORE] Database Firewall: ID '941647485539' (Julian Reese) is dirty and could not be resolved.
[LUDI-CORE] Database Firewall: ID '942547465539' (Bez Mbeng) is dirty and could not be resolved.
[LUDI-CORE] Database Firewall: ID '942547465539' (Bez Mbeng) is dirty and could not be resolved.
[LUDI-CORE] Database Firewall: ID '944849035539' (Sean Pedulla) is dirty and could not be resolved.
[LUDI-CORE] Database Firewall: ID '946047615539' (John Poulakidas) is dirty and could not be resolved.
[LUDI-CORE] Database Firewall: ID '946047615539' (John Poulakidas) is dirty and could not be resolved.
[LUDI-CORE] Database Firewall: ID '28118879047' (Jalen Slawson) is dirty and could not be resolved.
[LUDI-CORE] Database Firewall: ID '28118879047' (Jalen Slawson) is dirty and could not be resolved.
[LUDI-CORE] Database Firewall: ID '28118879047' (Jalen Slawson) is dirty and could not be resolved.
[LUDI-CORE] Database Firewall: ID '28178696399' (DeJon Jarreau) is dirty and could not be resolved.
[LUDI-CORE] Database Firewall: ID '28908812047' (Darius Brown II) is dirty and could not be resolved.
[LUDI-CORE] Database Firewall: ID '28988809047' (Malachi Smith) is dirty and could not be resolved.
[LUDI-CORE] Database Firewall: ID '28988809047' (Malachi Smith) is dirty and could not be resolved.
[LUDI-CORE] Database Firewall: ID '88788835527' (Andersson Garcia) is dirty and could not be resolved.
[LUDI-CORE] Database Firewall: ID '88788835527' (Andersson Garcia) is dirty and could not be resolved.
[LUDI-CORE] Database Firewall: ID '94054402027' (Tyler Burton) is dirty and could not be resolved.
[LUDI-CORE] Database Firewall: ID '94494906527' (Grant Nelson) is dirty and could not be resolved.
[LUDI-CORE] Database Firewall: ID '94494906527' (Grant Nelson) is dirty and could not be resolved.
[LUDI-CORE] Database Firewall: ID '94494906527' (Grant Nelson) is dirty and could not be resolved.
[LUDI-CORE] Database Firewall: ID '94494906527' (Grant Nelson) is dirty and could not be resolved.
[LUDI-CORE] Database Firewall: ID '94984975527' (Jayson Kent) is dirty and could not be resolved.
[LUDI-CORE] Database Firewall: ID '941647485539' (Julian Reese) is dirty and could not be resolved.
[LUDI-CORE] Database Firewall: ID '941647485539' (Julian Reese) is dirty and could not be resolved.
[LUDI-CORE] Database Firewall: ID '942547465539' (Bez Mbeng) is dirty and could not be resolved.
[LUDI-CORE] Database Firewall: ID '942547465539' (Bez Mbeng) is dirty and could not be resolved.
[LUDI-CORE] Database Firewall: ID '944849035539' (Sean Pedulla) is dirty and could not be resolved.
[LUDI-CORE] Database Firewall: ID '946047615539' (John Poulakidas) is dirty and could not be resolved.
[LUDI-CORE] Database Firewall: ID '946047615539' (John Poulakidas) is dirty and could not be resolved.
[LUDI-CORE] Database Firewall: ID '28908812047' (Darius Brown II) is dirty and could not be resolved.
[LUDI-CORE] Database Firewall: ID '94494906527' (Grant Nelson) is dirty and could not be resolved.
[LUDI-CORE] Database Firewall: ID '941647485539' (Julian Reese) is dirty and could not be resolved.
[LUDI-CORE] Database Firewall: ID '946047615539' (John Poulakidas) is dirty and could not be resolved.
[LUDI-CORE] Database Firewall: ID '17896031' (Nah'Shon Hyland) is dirty and could not be resolved.
[LUDI-CORE] Database Firewall: ID '1028112004' (Zyon Pullin) is dirty and could not be resolved.
[LUDI-CORE] Database Firewall: ID '1028271147' (Alex Morales) is dirty and could not be resolved.
[LUDI-CORE] Database Firewall: ID '17896038' (Day'Ron Sharpe) is dirty and could not be resolved.
[LUDI-CORE] Database Firewall: ID '1059875475' (Grant Nelson) is dirty and could not be resolved.
[LUDI-CORE] Database Firewall: ID '1058921044' (Sean Pedulla) is dirty and could not be resolved.
[LUDI-CORE] Database Firewall: ID '1028266882' (Cormac Ryan) is dirty and could not be resolved.
[LUDI-CORE] Database Firewall: ID '1057260888' (Airious Bailey) is dirty and could not be resolved.
[LUDI-CORE] Database Firewall: ID '1059635020' (Payton Sandfort) is dirty and could not be resolved.
[LUDI-CORE] Database Firewall: ID '313' (De'Anthony Melton) is dirty and could not be resolved.
[LUDI-CORE] Database Firewall: ID '47738533' (Jeenathan Williams) is dirty and could not be resolved.
[LUDI-CORE] Database Firewall: ID '28118879047' (Jalen Slawson) is dirty and could not be resolved.
[LUDI-CORE] Database Firewall: ID '944849035539' (Sean Pedulla) is dirty and could not be resolved.
[LUDI-CORE] Database Firewall: ID '94054402027' (Tyler Burton) is dirty and could not be resolved.
[LUDI-CORE] Database Firewall: ID '942547465539' (Bez Mbeng) is dirty and could not be resolved.
[LUDI-CORE] Database Firewall: ID '88788835527' (Andersson Garcia) is dirty and could not be resolved.
[LUDI-CORE] Database Firewall: ID '28178696399' (DeJon Jarreau) is dirty and could not be resolved.
[LUDI-CORE] Database Firewall: ID '28988809047' (Malachi Smith) is dirty and could not be resolved.
[LUDI-CORE] Database Firewall: ID '28098676399' (Omer Yurtseven) is dirty and could not be resolved.
[LUDI-CORE] Database Firewall: ID '94984975527' (Jayson Kent) is dirty and could not be resolved.

==================================================
   LUDI INFORMATIO | SYSTEM INITIALIZATION
   Architecture: Modules A-H (Production v2.0)
==================================================
========================================
LUDI INFORMATIO: MODULE A (GATEKEEPER) ONLINE
   >>> PIPELINE: V9.4 (4-TIER LINE SHOPPING)
   >>> TIERS: NC_LEGAL | SHARP | DFS | SOCIAL
========================================

========================================
LUDI INFORMATIO: MODULE G (ZEBRAS) V3.0 ONLINE
========================================
   [ZEBRAS] 🔍 Checking today's games in database...
   [ZEBRAS] ✅ Today's games already exist
   [ZEBRAS] 📊 Database: 85 referees loaded

========================================
LUDI INFORMATIO: MODULE H (HISTORIAN) ONLINE
========================================
   🛡️ API Budget: 200 requests
[TAG] Context: duplicate column name: pull_up_fga
[TAG] Context: duplicate column name: pull_up_fgm
[TAG] Context: duplicate column name: pull_up_fg_pct
[TAG] Context: duplicate column name: pull_up_3pa
[TAG] Context: duplicate column name: pull_up_3pm
[TAG] Context: duplicate column name: pull_up_3p_pct
[TAG] Context: duplicate column name: pull_up_efg_pct
[TAG] Context: duplicate column name: dist_miles_off
[TAG] Context: duplicate column name: dist_miles_def
[TAG] Context: duplicate column name: avg_speed_off
[TAG] Context: duplicate column name: avg_speed_def
[TAG] Context: duplicate column name: catch_shoot_3pa
[TAG] Context: duplicate column name: catch_shoot_3pm
[TAG] Context: duplicate column name: catch_shoot_3p_pct
[TAG] Context: duplicate column name: catch_shoot_efg_pct
[TAG] Context: duplicate column name: season_id
[TAG] Context: duplicate column name: is_active
[TAG] Context: duplicate column name: roster_updated_at
[TAG] Context: duplicate column name: current_injury_status
[TAG] Context: duplicate column name: injury_updated_at
[TAG] Context: duplicate column name: injury_return_date
[TAG] Context: duplicate column name: days_out_current
[TAG] Context: duplicate column name: games_on_current_team
[MIGRATION] player_game_logs.started: duplicate column name: started
[MIGRATION] player_game_logs.fantasy_pts_dk: duplicate column name: fantasy_pts_dk
[MIGRATION] player_game_logs.fantasy_pts_fd: duplicate column name: fantasy_pts_fd
[MIGRATION] player_game_logs.home_or_away: duplicate column name: home_or_away
[MIGRATION] player_game_logs.double_doubles: duplicate column name: double_doubles
[MIGRATION] player_game_logs.triple_doubles: duplicate column name: triple_doubles
[MIGRATION] player_game_advanced.points_paint: duplicate column name: points_paint
[MIGRATION] player_game_advanced.points_fast_break: duplicate column name: points_fast_break
[MIGRATION] player_game_advanced.points_second_chance: duplicate column name: points_second_chance
[MIGRATION] player_game_advanced.points_off_turnovers: duplicate column name: points_off_turnovers
[MIGRATION] player_game_advanced.estimated_off_rating: duplicate column name: estimated_off_rating
[MIGRATION] player_game_advanced.estimated_def_rating: duplicate column name: estimated_def_rating
[MIGRATION] player_game_advanced.estimated_net_rating: duplicate column name: estimated_net_rating
[MIGRATION] player_game_advanced.pct_pts_paint: duplicate column name: pct_pts_paint
[MIGRATION] player_game_advanced.pct_pts_fast_break: duplicate column name: pct_pts_fast_break
[MIGRATION] player_game_advanced.pct_pts_free_throw: duplicate column name: pct_pts_free_throw
[MIGRATION] player_game_advanced.pct_pts_midrange_2pt: duplicate column name: pct_pts_midrange_2pt
[MIGRATION] player_game_advanced.bdl_source: duplicate column name: bdl_source
[MIGRATION] player_game_tracking.speed: duplicate column name: speed
[MIGRATION] player_game_tracking.distance: duplicate column name: distance
[MIGRATION] player_game_tracking.touches: duplicate column name: touches
[MIGRATION] player_game_tracking.passes: duplicate column name: passes
[MIGRATION] player_game_tracking.bdl_source: duplicate column name: bdl_source
[MIGRATION] player_game_hustle.bdl_source: duplicate column name: bdl_source
[TAG] Context: duplicate column name: pull_up_fga
[TAG] Context: duplicate column name: pull_up_fgm
[TAG] Context: duplicate column name: pull_up_fg_pct
[TAG] Context: duplicate column name: pull_up_3pa
[TAG] Context: duplicate column name: pull_up_3pm
[TAG] Context: duplicate column name: pull_up_3p_pct
[TAG] Context: duplicate column name: pull_up_efg_pct
[TAG] Context: duplicate column name: dist_miles_off
[TAG] Context: duplicate column name: dist_miles_def
[TAG] Context: duplicate column name: avg_speed_off
[TAG] Context: duplicate column name: avg_speed_def
[TAG] Context: duplicate column name: catch_shoot_3pa
[TAG] Context: duplicate column name: catch_shoot_3pm
[TAG] Context: duplicate column name: catch_shoot_3p_pct
[TAG] Context: duplicate column name: catch_shoot_efg_pct
[TAG] Context: duplicate column name: season_id
[TAG] Context: duplicate column name: is_active
[TAG] Context: duplicate column name: roster_updated_at
[TAG] Context: duplicate column name: current_injury_status
[TAG] Context: duplicate column name: injury_updated_at
[TAG] Context: duplicate column name: injury_return_date
[TAG] Context: duplicate column name: days_out_current
[TAG] Context: duplicate column name: games_on_current_team
[MIGRATION] player_game_logs.started: duplicate column name: started
[MIGRATION] player_game_logs.fantasy_pts_dk: duplicate column name: fantasy_pts_dk
[MIGRATION] player_game_logs.fantasy_pts_fd: duplicate column name: fantasy_pts_fd
[MIGRATION] player_game_logs.home_or_away: duplicate column name: home_or_away
[MIGRATION] player_game_logs.double_doubles: duplicate column name: double_doubles
[MIGRATION] player_game_logs.triple_doubles: duplicate column name: triple_doubles
[MIGRATION] player_game_advanced.points_paint: duplicate column name: points_paint
[MIGRATION] player_game_advanced.points_fast_break: duplicate column name: points_fast_break
[MIGRATION] player_game_advanced.points_second_chance: duplicate column name: points_second_chance
[MIGRATION] player_game_advanced.points_off_turnovers: duplicate column name: points_off_turnovers
[MIGRATION] player_game_advanced.estimated_off_rating: duplicate column name: estimated_off_rating
[MIGRATION] player_game_advanced.estimated_def_rating: duplicate column name: estimated_def_rating
[MIGRATION] player_game_advanced.estimated_net_rating: duplicate column name: estimated_net_rating
[MIGRATION] player_game_advanced.pct_pts_paint: duplicate column name: pct_pts_paint
[MIGRATION] player_game_advanced.pct_pts_fast_break: duplicate column name: pct_pts_fast_break
[MIGRATION] player_game_advanced.pct_pts_free_throw: duplicate column name: pct_pts_free_throw
[MIGRATION] player_game_advanced.pct_pts_midrange_2pt: duplicate column name: pct_pts_midrange_2pt
[MIGRATION] player_game_advanced.bdl_source: duplicate column name: bdl_source
[MIGRATION] player_game_tracking.speed: duplicate column name: speed
[MIGRATION] player_game_tracking.distance: duplicate column name: distance
[MIGRATION] player_game_tracking.touches: duplicate column name: touches
[MIGRATION] player_game_tracking.passes: duplicate column name: passes
[MIGRATION] player_game_tracking.bdl_source: duplicate column name: bdl_source
[MIGRATION] player_game_hustle.bdl_source: duplicate column name: bdl_source
   >>> Trends cache loaded: 5448 rows
   >>> Game values cache loaded: 3934 stat-player combinations
   >>> Vs-scheme cache loaded: 10255 scheme-player-stat combinations
   >>> Name map loaded: 549 players

========================================
LUDI INFORMATIO: MODULE C (ORACLE V4.0) LIVE
   >>> Hybrid Engine: Normal (High-Vol) + Poisson (Rare)
   >>> Sim Count: 10000
   >>> Season: 2025-26
========================================
   >>> Shot quality data loaded: 500 players
   >>> Rolling TS% data loaded: 499 players
   >>> Drives context data loaded: 526 players
   >>> Team defense data loaded: 30 teams
   >>> Foul splits loaded: 502 players
   >>> Rotation profiles loaded: 505 players
   >>> Season baselines loaded: 538 players
   >>> Injury return detection: 123 players recently returned

========================================
LUDI INFORMATIO: MODULE D (YAK V3.5) ONLINE
   >>> 15-MIN SYNC | PROBABLE & AVAILABLE ACTIVE
========================================

========================================
LUDI INFORMATIO: MODULE E (CALIBRATOR V7.0) ONLINE
   >>> SECONDARY PLAYTYPE SYSTEM ACTIVE
========================================
[Module E] DB clutch fallback loaded: 30 teams
[Module E] Speed/fatigue data loaded: 358 players
[Module E] Touches data loaded: 593 players
[Module E] Leverage profiles loaded: 30 teams
[Module E] Player leverage usage loaded: 450 players
   [CAL] Synergy cache: 423 players loaded
   [CAL] Tracking cache: 508 players loaded (last 15 games)
   [CAL] TypeProfiles cache: 551 players loaded
   [CAL] DVP by archetype: 251 team-archetype combos loaded
   [CAL] ArchVsDef matrix: 72 matchup combos loaded
   [CAL] B2B splits: 290 players with actual data
   [CAL] Shot quality bulk load: 500 players
[Module E] Offensive styles loaded from cache: 22 teams

========================================
LUDI INFORMATIO: MODULE F (V5.3) ONLINE
   >>> DETERMINISTIC REPORTING | NO SPECULATION
   >>> BET LOGGING ENABLED
========================================
✅ BetLogger initialized (DB: ludi.db, Logs: logs/bets)
✅ Bet logger connected
✅ TagClassifier initialized with synced defensive schemes
✅ Tag classifier connected
✅ Stat confidence cache: 21 entries (20 with live calibration)

========================================
LUDI INFORMATIO: MODULE G (ZEBRAS) V3.0 ONLINE
========================================
   [ZEBRAS] 🔍 Checking today's games in database...
   [ZEBRAS] ✅ Today's games already exist
   [ZEBRAS] 📊 Database: 85 referees loaded

========================================
LUDI INFORMATIO: MODULE X (SCENARIO V3.9) ONLINE
   >>> DYNAMIC ROSTERS | LIVE SCHEMA ACTIVE
========================================
   [ZEBRAS] ✅ Loaded 8 ref crew(s) from crosswalk (skip scrape)

==================================================
   >>> STARTING DAILY SIMULATION CYCLE <<<
   Mode: Production v2.0
==================================================
[DAILY_LOCK] No config file found, running in LIVE mode (all games)
[1] 📡 Fetching Slate & Live Odds...
   [ZEBRAS] ✅ Loaded 8 ref crew(s) from crosswalk (skip scrape)
      📊 ODDS_API: 0 credits remaining

⚠️ WARNING: ODDS_API quota at 100.0% (0 remaining)

❌ Failed to send Solomon Telegram message: 400 Client Error: Bad Request for url: https://api.telegram.org/bot8705920660:AAHfQADXvR9QNqCJE9y9BO-Xhm6AWl-JgN0/sendMessage
   ⚠️  The-Odds-API Failed: 401 Client Error: Unauthorized for url: https://api.the-odds-api.com/v4/sports/basketball_nba/odds?api_key=4282c25bc46eb71789753e8b773beec8&regions=us%2Cus2%2Ceu&markets=h2h%2Cspreads%2Ctotals&oddsFormat=american
   📡 Falling back to BallDontLie for game lines...
   📡 [BDL] Fetching game lines from BallDontLie...
   ✅ [BDL] Found 8 games across 1 date(s)
   ----------------------------------------
   === 2026-03-17 (TONIGHT) ===
   🏀 Miami Heat @ Charlotte Hornets
      > Time: 07:00 PM ET | Line: -5.5 | Total: 235.5 | Pace: 1.044x | Whistle: 0.944x (100% conf)
   🏀 Oklahoma City Thunder @ Orlando Magic
      > Time: 07:00 PM ET | Line: 10.0 | Total: 223.5 | Pace: 1.055x | Whistle: 1.023x (100% conf)
   🏀 Detroit Pistons @ Washington Wizards
      > Time: 07:00 PM ET | Line: 19.5 | Total: 232.5 | Pace: 1.047x | Whistle: 0.967x (100% conf)
   🏀 Indiana Pacers @ New York Knicks
      > Time: 07:30 PM ET | Line: -14.5 | Total: 221.5 | Pace: 1.077x | Whistle: 1.04x (100% conf)
   🏀 Cleveland Cavaliers @ Milwaukee Bucks
      > Time: 08:00 PM ET | Line: 11.0 | Total: 226.5 | Pace: 1.078x | Whistle: 1.001x (100% conf)
   🏀 Phoenix Suns @ Minnesota Timberwolves
      > Time: 08:00 PM ET | Line: -3.5 | Total: 221.5 | Pace: 1.145x | Whistle: 1.021x (100% conf)
   🏀 Philadelphia 76ers @ Denver Nuggets
      > Time: 10:00 PM ET | Line: -15.5 | Total: 236.5 | Pace: 1.089x | Whistle: 1.031x (100% conf)
   🏀 San Antonio Spurs @ Sacramento Kings
      > Time: 10:00 PM ET | Line: 13.5 | Total: 235.5 | Pace: 1.033x | Whistle: 0.927x (100% conf)
   ----------------------------------------
   ✅ [BDL] Loaded 8 games with lines
   📡 [BDL] Using BallDontLie for props (fallback mode)...
      > [BDL] Cross-referencing with BallDontLie...
      📊 TANK01: 798 credits remaining
[Module A] Tank01 props loaded: 104 players (8 games), 0 name cross-walk entries
      ✅ [BDL] Retrieved 1381 props
   [BDL] Building player ID cache (one-time)...
   [BDL] Player cache built: 537 players
      [BDL] Accepting single-vendor line for Davion Mitchell threes: 0.5 (Tank01 validated or no T01 data)
      [BDL] Accepting single-vendor line for Coby White rebounds: 2.5 (Tank01 validated or no T01 data)
      [BDL] Accepting single-vendor line for Davion Mitchell rebounds: 1.5 (Tank01 validated or no T01 data)
      [BDL] Accepting single-vendor line for Brandon Miller steals: 1.5 (Tank01 validated or no T01 data)
      [BDL] Accepting single-vendor line for Norman Powell blocks: 0.5 (Tank01 validated or no T01 data)
      [BDL] Accepting single-vendor line for Tyler Herro blocks: 0.5 (Tank01 validated or no T01 data)
      [BDL] Accepting single-vendor line for Moussa Diabate blocks: 0.5 (Tank01 validated or no T01 data)
      [BDL] Accepting single-vendor line for LaMelo Ball blocks: 0.5 (Tank01 validated or no T01 data)
      [BDL] Accepting single-vendor line for Pelle Larsson blocks: 0.5 (Tank01 validated or no T01 data)
      [BDL] Accepting single-vendor line for Brandon Miller blocks: 0.5 (Tank01 validated or no T01 data)
      [BDL] Accepting single-vendor line for Davion Mitchell blocks: 0.5 (Tank01 validated or no T01 data)
      [BDL] Accepting single-vendor line for Miles Bridges blocks: 0.5 (Tank01 validated or no T01 data)
      [BDL] Accepting single-vendor line for Kon Knueppel blocks: 0.5 (Tank01 validated or no T01 data)
      [BDL] Accepting single-vendor line for Moussa Diabate pa: 10.5 (Tank01 validated or no T01 data)
      [BDL] Accepting single-vendor line for Miles Bridges pa: 18.5 (Tank01 validated or no T01 data)
      [BDL] Accepting single-vendor line for Norman Powell pa: 24.5 (Tank01 validated or no T01 data)
      [BDL] Accepting single-vendor line for Kel'el Ware pa: 14.5 (Tank01 validated or no T01 data)
      [BDL] Accepting single-vendor line for LaMelo Ball pa: 28.5 (Tank01 validated or no T01 data)
      [BDL] Accepting single-vendor line for Norman Powell pr: 25.5 (Tank01 validated or no T01 data)
      [BDL] Accepting single-vendor line for Davion Mitchell pr: 9.5 (Tank01 validated or no T01 data)
      [BDL] Accepting single-vendor line for Miles Bridges pr: 21.5 (Tank01 validated or no T01 data)
      [BDL] Accepting single-vendor line for Pelle Larsson pr: 15.5 (Tank01 validated or no T01 data)
      [BDL] Accepting single-vendor line for Moussa Diabate pr: 19.5 (Tank01 validated or no T01 data)
      [BDL] Accepting single-vendor line for Tyler Herro pr: 27.5 (Tank01 validated or no T01 data)
      [BDL] Accepting single-vendor line for Kel'el Ware pr: 26.5 (Tank01 validated or no T01 data)
      [BDL] Accepting single-vendor line for Coby White pra: 19.5 (Tank01 validated or no T01 data)
      [BDL] Accepting single-vendor line for Ryan Kalkbrenner pra: 10.5 (Tank01 validated or no T01 data)
      [BDL] Accepting single-vendor line for Pelle Larsson pra: 19.5 (Tank01 validated or no T01 data)
      [BDL] Accepting single-vendor line for Miles Bridges pra: 24.5 (Tank01 validated or no T01 data)
      [BDL] Accepting single-vendor line for Moussa Diabate pra: 21.5 (Tank01 validated or no T01 data)
      [BDL] Accepting single-vendor line for Kel'el Ware pra: 26.5 (Tank01 validated or no T01 data)
      [BDL] Accepting single-vendor line for Norman Powell ra: 5.5 (Tank01 validated or no T01 data)
      [BDL] Accepting single-vendor line for Moussa Diabate ra: 12.5 (Tank01 validated or no T01 data)
      [BDL] Accepting single-vendor line for Davion Mitchell ra: 7.5 (Tank01 validated or no T01 data)
      [BDL] Accepting single-vendor line for Miles Bridges ra: 8.5 (Tank01 validated or no T01 data)
      [BDL] Accepting single-vendor line for Kel'el Ware ra: 12.5 (Tank01 validated or no T01 data)
      [BDL] Accepting single-vendor line for Ryan Kalkbrenner pr: 9.5 (Tank01 validated or no T01 data)
      [BDL] Accepting single-vendor line for Grant Williams pr: 9.5 (Tank01 validated or no T01 data)
      [BDL] Accepting single-vendor line for Jaime Jaquez Jr. ra: 9.5 (Tank01 validated or no T01 data)
      [BDL] Accepting single-vendor line for Jaime Jaquez Jr. pr: 19.5 (Tank01 validated or no T01 data)
      [BDL] Accepting single-vendor line for Coby White pa: 16.5 (Tank01 validated or no T01 data)
      [BDL] Accepting single-vendor line for Jaime Jaquez Jr. pa: 19.5 (Tank01 validated or no T01 data)
      > [BDL] Cross-referencing with BallDontLie...
      ✅ [BDL] Retrieved 1302 props
      [BDL] Accepting single-vendor line for Alex Caruso rebounds: 2.5 (Tank01 validated or no T01 data)
      [BDL] Accepting single-vendor line for Tristan Da Silva assists: 2.5 (Tank01 validated or no T01 data)
      [BDL] Accepting single-vendor line for Wendell Carter Jr. assists: 2.5 (Tank01 validated or no T01 data)
      [BDL] Accepting single-vendor line for Jalen Suggs steals: 1.5 (Tank01 validated or no T01 data)
      [BDL] Accepting single-vendor line for Cason Wallace steals: 1.5 (Tank01 validated or no T01 data)
      [BDL] Accepting single-vendor line for Shai Gilgeous-Alexander steals: 1.5 (Tank01 validated or no T01 data)
      [BDL] Accepting single-vendor line for Shai Gilgeous-Alexander blocks: 0.5 (Tank01 validated or no T01 data)
      [BDL] Accepting single-vendor line for Wendell Carter Jr. blocks: 0.5 (Tank01 validated or no T01 data)
      [BDL] Accepting single-vendor line for Luguentz Dort blocks: 0.5 (Tank01 validated or no T01 data)
      [BDL] Accepting single-vendor line for Tristan Da Silva blocks: 0.5 (Tank01 validated or no T01 data)
      [BDL] Accepting single-vendor line for Isaiah Hartenstein blocks: 0.5 (Tank01 validated or no T01 data)
      [BDL] Accepting single-vendor line for Desmond Bane blocks: 0.5 (Tank01 validated or no T01 data)
      [BDL] Accepting single-vendor line for Jalen Suggs blocks: 0.5 (Tank01 validated or no T01 data)
      [BDL] Accepting single-vendor line for Ajay Mitchell blocks: 0.5 (Tank01 validated or no T01 data)
      [BDL] Accepting single-vendor line for Paolo Banchero blocks: 0.5 (Tank01 validated or no T01 data)
      [BDL] Accepting single-vendor line for Wendell Carter Jr. pa: 13.5 (Tank01 validated or no T01 data)
      [BDL] Accepting single-vendor line for Luguentz Dort pa: 8.5 (Tank01 validated or no T01 data)
      [BDL] Accepting single-vendor line for Tristan Da Silva pa: 13.5 (Tank01 validated or no T01 data)
      [BDL] Accepting single-vendor line for Chet Holmgren pa: 17.5 (Tank01 validated or no T01 data)
      [BDL] Accepting single-vendor line for Isaiah Hartenstein pa: 10.5 (Tank01 validated or no T01 data)
      [BDL] Accepting single-vendor line for Shai Gilgeous-Alexander pr: 35.5 (Tank01 validated or no T01 data)
      [BDL] Accepting single-vendor line for Wendell Carter Jr. pr: 19.5 (Tank01 validated or no T01 data)
      [BDL] Accepting single-vendor line for Tristan Da Silva pr: 15.5 (Tank01 validated or no T01 data)
      [BDL] Accepting single-vendor line for Isaiah Hartenstein pr: 15.5 (Tank01 validated or no T01 data)
      [BDL] Accepting single-vendor line for Desmond Bane pr: 22.5 (Tank01 validated or no T01 data)
      [BDL] Accepting single-vendor line for Chet Holmgren pr: 24.5 (Tank01 validated or no T01 data)
      [BDL] Accepting single-vendor line for Jared McCain pra: 9.5 (Tank01 validated or no T01 data)
      [BDL] Accepting single-vendor line for Shai Gilgeous-Alexander pra: 42.5 (Tank01 validated or no T01 data)
      [BDL] Accepting single-vendor line for Wendell Carter Jr. pra: 21.5 (Tank01 validated or no T01 data)
      [BDL] Accepting single-vendor line for Luguentz Dort pra: 11.5 (Tank01 validated or no T01 data)
      [BDL] Accepting single-vendor line for Tristan Da Silva pra: 17.5 (Tank01 validated or no T01 data)
      [BDL] Accepting single-vendor line for Isaiah Hartenstein pra: 18.5 (Tank01 validated or no T01 data)
      [BDL] Accepting single-vendor line for Chet Holmgren pra: 26.5 (Tank01 validated or no T01 data)
      [BDL] Accepting single-vendor line for Alex Caruso pra: 10.5 (Tank01 validated or no T01 data)
      [BDL] Accepting single-vendor line for Desmond Bane pra: 27.5 (Tank01 validated or no T01 data)
      [BDL] Accepting single-vendor line for Ajay Mitchell pra: 20.5 (Tank01 validated or no T01 data)
      [BDL] Accepting single-vendor line for Jett Howard pra: 9.5 (Tank01 validated or no T01 data)
      [BDL] Accepting single-vendor line for Jevon Carter pra: 12.5 (Tank01 validated or no T01 data)
      [BDL] Accepting single-vendor line for Shai Gilgeous-Alexander ra: 10.5 (Tank01 validated or no T01 data)
      [BDL] Accepting single-vendor line for Wendell Carter Jr. ra: 10.5 (Tank01 validated or no T01 data)
      [BDL] Accepting single-vendor line for Luguentz Dort ra: 3.5 (Tank01 validated or no T01 data)
      [BDL] Accepting single-vendor line for Tristan Da Silva ra: 6.5 (Tank01 validated or no T01 data)
      [BDL] Accepting single-vendor line for Isaiah Hartenstein ra: 10.5 (Tank01 validated or no T01 data)
      [BDL] Accepting single-vendor line for Desmond Bane ra: 7.5 (Tank01 validated or no T01 data)
      [BDL] Accepting single-vendor line for Chet Holmgren ra: 9.5 (Tank01 validated or no T01 data)
      [BDL] Accepting single-vendor line for Trey Alexander pra: 43.5 (Tank01 validated or no T01 data)
      > [BDL] Cross-referencing with BallDontLie...
      ✅ [BDL] Retrieved 1006 props
      [BDL] Accepting single-vendor line for Duncan Robinson assists: 1.5 (Tank01 validated or no T01 data)
      [BDL] Accepting single-vendor line for Tobias Harris assists: 1.5 (Tank01 validated or no T01 data)
      [BDL] Accepting single-vendor line for Jalen Duren assists: 1.5 (Tank01 validated or no T01 data)
      [BDL] Accepting single-vendor line for Ausar Thompson steals: 1.5 (Tank01 validated or no T01 data)
      [BDL] Accepting single-vendor line for Cade Cunningham steals: 1.5 (Tank01 validated or no T01 data)
      [BDL] Accepting single-vendor line for Will Riley steals: 0.5 (Tank01 validated or no T01 data)
      [BDL] Accepting single-vendor line for Carlton Carrington steals: 0.5 (Tank01 validated or no T01 data)
      [BDL] Accepting single-vendor line for Tre Johnson steals: 0.5 (Tank01 validated or no T01 data)
      [BDL] Accepting single-vendor line for Ausar Thompson blocks: 0.5 (Tank01 validated or no T01 data)
      [BDL] Accepting single-vendor line for Jalen Duren blocks: 0.5 (Tank01 validated or no T01 data)
      [BDL] Accepting single-vendor line for Cade Cunningham blocks: 0.5 (Tank01 validated or no T01 data)
      [BDL] Accepting single-vendor line for Tobias Harris blocks: 0.5 (Tank01 validated or no T01 data)
      [BDL] Accepting single-vendor line for Tre Johnson blocks: 0.5 (Tank01 validated or no T01 data)
      [BDL] Accepting single-vendor line for Will Riley blocks: 0.5 (Tank01 validated or no T01 data)
      [BDL] Accepting single-vendor line for Duncan Robinson blocks: 0.5 (Tank01 validated or no T01 data)
      [BDL] Accepting single-vendor line for Carlton Carrington blocks: 0.5 (Tank01 validated or no T01 data)
      [BDL] Accepting single-vendor line for Ausar Thompson pa: 13.5 (Tank01 validated or no T01 data)
      [BDL] Accepting single-vendor line for Tobias Harris pa: 14.5 (Tank01 validated or no T01 data)
      [BDL] Accepting single-vendor line for Duncan Robinson pa: 12.5 (Tank01 validated or no T01 data)
      [BDL] Accepting single-vendor line for Cade Cunningham pa: 34.5 (Tank01 validated or no T01 data)
      [BDL] Accepting single-vendor line for Jalen Duren pa: 22.5 (Tank01 validated or no T01 data)
      [BDL] Accepting single-vendor line for Tre Johnson pa: 15.5 (Tank01 validated or no T01 data)
      [BDL] Accepting single-vendor line for Will Riley pa: 18.5 (Tank01 validated or no T01 data)
      [BDL] Accepting single-vendor line for Ausar Thompson pr: 14.5 (Tank01 validated or no T01 data)
      [BDL] Accepting single-vendor line for Cade Cunningham pr: 29.5 (Tank01 validated or no T01 data)
      [BDL] Accepting single-vendor line for Tobias Harris pr: 17.5 (Tank01 validated or no T01 data)
      [BDL] Accepting single-vendor line for Tre Johnson pr: 15.5 (Tank01 validated or no T01 data)
      [BDL] Accepting single-vendor line for Carlton Carrington pr: 13.5 (Tank01 validated or no T01 data)
      [BDL] Accepting single-vendor line for Ausar Thompson pra: 17.5 (Tank01 validated or no T01 data)
      [BDL] Accepting single-vendor line for Tobias Harris pra: 18.5 (Tank01 validated or no T01 data)
      [BDL] Accepting single-vendor line for Cade Cunningham pra: 39.5 (Tank01 validated or no T01 data)
      [BDL] Accepting single-vendor line for Jalen Duren pra: 33.5 (Tank01 validated or no T01 data)
      [BDL] Accepting single-vendor line for Tre Johnson pra: 17.5 (Tank01 validated or no T01 data)
      [BDL] Accepting single-vendor line for Will Riley pra: 22.5 (Tank01 validated or no T01 data)
      [BDL] Accepting single-vendor line for Ausar Thompson ra: 7.5 (Tank01 validated or no T01 data)
      [BDL] Accepting single-vendor line for Jalen Duren ra: 12.5 (Tank01 validated or no T01 data)
      [BDL] Accepting single-vendor line for Tobias Harris ra: 6.5 (Tank01 validated or no T01 data)
      [BDL] Accepting single-vendor line for Tre Johnson ra: 4.5 (Tank01 validated or no T01 data)
      [BDL] Accepting single-vendor line for Duncan Robinson ra: 4.5 (Tank01 validated or no T01 data)
      [BDL] Accepting single-vendor line for Will Riley ra: 7.5 (Tank01 validated or no T01 data)
      [BDL] Accepting single-vendor line for Javonte Green pr: 9.5 (Tank01 validated or no T01 data)
      > [BDL] Cross-referencing with BallDontLie...
      ✅ [BDL] Retrieved 1090 props
      [BDL] Accepting single-vendor line for OG Anunoby steals: 1.5 (Tank01 validated or no T01 data)
      [BDL] Accepting single-vendor line for Josh Hart steals: 0.5 (Tank01 validated or no T01 data)
      [BDL] Accepting single-vendor line for Karl-Anthony Towns steals: 0.5 (Tank01 validated or no T01 data)
      [BDL] Accepting single-vendor line for Josh Hart blocks: 0.5 (Tank01 validated or no T01 data)
      [BDL] Accepting single-vendor line for Karl-Anthony Towns blocks: 0.5 (Tank01 validated or no T01 data)
      [BDL] Accepting single-vendor line for Mikal Bridges blocks: 0.5 (Tank01 validated or no T01 data)
      [BDL] Accepting single-vendor line for Aaron Nesmith blocks: 0.5 (Tank01 validated or no T01 data)
      [BDL] Accepting single-vendor line for Jarace Walker blocks: 0.5 (Tank01 validated or no T01 data)
      [BDL] Accepting single-vendor line for Kobe Brown blocks: 0.5 (Tank01 validated or no T01 data)
      [BDL] Accepting single-vendor line for Andrew Nembhard blocks: 0.5 (Tank01 validated or no T01 data)
      [BDL] Accepting single-vendor line for Aaron Nesmith pa: 15.5 (Tank01 validated or no T01 data)
      [BDL] Accepting single-vendor line for Kobe Brown pa: 10.5 (Tank01 validated or no T01 data)
      [BDL] Accepting single-vendor line for Andrew Nembhard pa: 19.5 (Tank01 validated or no T01 data)
      [BDL] Accepting single-vendor line for Ivica Zubac pa: 11.5 (Tank01 validated or no T01 data)
      [BDL] Accepting single-vendor line for Karl-Anthony Towns pa: 26.5 (Tank01 validated or no T01 data)
      [BDL] Accepting single-vendor line for Kobe Brown pr: 12.5 (Tank01 validated or no T01 data)
      [BDL] Accepting single-vendor line for Karl-Anthony Towns pr: 36.5 (Tank01 validated or no T01 data)
      [BDL] Accepting single-vendor line for Josh Hart pr: 21.5 (Tank01 validated or no T01 data)
      [BDL] Accepting single-vendor line for Mitchell Robinson pra: 14.5 (Tank01 validated or no T01 data)
      [BDL] Accepting single-vendor line for Aaron Nesmith pra: 19.5 (Tank01 validated or no T01 data)
      [BDL] Accepting single-vendor line for OG Anunoby pra: 25.5 (Tank01 validated or no T01 data)
      [BDL] Accepting single-vendor line for Mikal Bridges pra: 22.5 (Tank01 validated or no T01 data)
      [BDL] Accepting single-vendor line for Kobe Brown pra: 14.5 (Tank01 validated or no T01 data)
      [BDL] Accepting single-vendor line for Ivica Zubac pra: 19.5 (Tank01 validated or no T01 data)
      [BDL] Accepting single-vendor line for Karl-Anthony Towns pra: 39.5 (Tank01 validated or no T01 data)
      [BDL] Accepting single-vendor line for Josh Hart pra: 28.5 (Tank01 validated or no T01 data)
      [BDL] Accepting single-vendor line for Landry Shamet pra: 16.5 (Tank01 validated or no T01 data)
      [BDL] Accepting single-vendor line for Aaron Nesmith ra: 5.5 (Tank01 validated or no T01 data)
      [BDL] Accepting single-vendor line for Kobe Brown ra: 6.5 (Tank01 validated or no T01 data)
      [BDL] Accepting single-vendor line for Ivica Zubac ra: 9.5 (Tank01 validated or no T01 data)
      [BDL] Accepting single-vendor line for Josh Hart ra: 15.5 (Tank01 validated or no T01 data)
      > [BDL] Cross-referencing with BallDontLie...
      ✅ [BDL] Retrieved 1294 props
      [BDL] Accepting single-vendor line for Myles Turner blocks: 1.5 (Tank01 validated or no T01 data)
      [BDL] Accepting single-vendor line for Sam Merrill blocks: 0.5 (Tank01 validated or no T01 data)
      [BDL] Accepting single-vendor line for Evan Mobley blocks: 1.5 (Tank01 validated or no T01 data)
      [BDL] Accepting single-vendor line for Giannis Antetokounmpo blocks: 0.5 (Tank01 validated or no T01 data)
      [BDL] Accepting single-vendor line for Kevin Porter Jr. blocks: 0.5 (Tank01 validated or no T01 data)
      [BDL] Accepting single-vendor line for James Harden blocks: 0.5 (Tank01 validated or no T01 data)
      [BDL] Accepting single-vendor line for Dean Wade blocks: 0.5 (Tank01 validated or no T01 data)
      [BDL] Accepting single-vendor line for Donovan Mitchell blocks: 0.5 (Tank01 validated or no T01 data)
      [BDL] Accepting single-vendor line for Kyle Kuzma blocks: 0.5 (Tank01 validated or no T01 data)
      [BDL] Accepting single-vendor line for Ousmane Dieng blocks: 0.5 (Tank01 validated or no T01 data)
      [BDL] Accepting single-vendor line for Evan Mobley pa: 21.5 (Tank01 validated or no T01 data)
      [BDL] Accepting single-vendor line for Kevin Porter Jr. pa: 23.5 (Tank01 validated or no T01 data)
      [BDL] Accepting single-vendor line for James Harden pa: 27.5 (Tank01 validated or no T01 data)
      [BDL] Accepting single-vendor line for Dean Wade pa: 6.5 (Tank01 validated or no T01 data)
      [BDL] Accepting single-vendor line for Ousmane Dieng pa: 12.5 (Tank01 validated or no T01 data)
      [BDL] Accepting single-vendor line for Kyle Kuzma pa: 15.5 (Tank01 validated or no T01 data)
      [BDL] Accepting single-vendor line for Giannis Antetokounmpo pa: 34.5 (Tank01 validated or no T01 data)
      [BDL] Accepting single-vendor line for Sam Merrill pa: 12.5 (Tank01 validated or no T01 data)
      [BDL] Accepting single-vendor line for Kevin Porter Jr. pr: 21.5 (Tank01 validated or no T01 data)
      [BDL] Accepting single-vendor line for Giannis Antetokounmpo pr: 38.5 (Tank01 validated or no T01 data)
      [BDL] Accepting single-vendor line for Evan Mobley pr: 28.5 (Tank01 validated or no T01 data)
      [BDL] Accepting single-vendor line for Ousmane Dieng pr: 13.5 (Tank01 validated or no T01 data)
      [BDL] Accepting single-vendor line for Sam Merrill pr: 13.5 (Tank01 validated or no T01 data)
      [BDL] Accepting single-vendor line for Evan Mobley pra: 30.5 (Tank01 validated or no T01 data)
      [BDL] Accepting single-vendor line for Jaylon Tyson pra: 14.5 (Tank01 validated or no T01 data)
      [BDL] Accepting single-vendor line for Dennis Schroder pra: 14.5 (Tank01 validated or no T01 data)
      [BDL] Accepting single-vendor line for Thomas Bryant pra: 11.5 (Tank01 validated or no T01 data)
      [BDL] Accepting single-vendor line for Kevin Porter Jr. pra: 28.5 (Tank01 validated or no T01 data)
      [BDL] Accepting single-vendor line for Kyle Kuzma pra: 19.5 (Tank01 validated or no T01 data)
      [BDL] Accepting single-vendor line for Ousmane Dieng pra: 16.5 (Tank01 validated or no T01 data)
      [BDL] Accepting single-vendor line for Dean Wade pra: 10.5 (Tank01 validated or no T01 data)
      [BDL] Accepting single-vendor line for Donovan Mitchell pra: 35.5 (Tank01 validated or no T01 data)
      [BDL] Accepting single-vendor line for Sam Merrill pra: 15.5 (Tank01 validated or no T01 data)
      [BDL] Accepting single-vendor line for Myles Turner ra: 5.5 (Tank01 validated or no T01 data)
      [BDL] Accepting single-vendor line for Kevin Porter Jr. ra: 11.5 (Tank01 validated or no T01 data)
      [BDL] Accepting single-vendor line for Dean Wade ra: 4.5 (Tank01 validated or no T01 data)
      [BDL] Accepting single-vendor line for Kyle Kuzma ra: 7.5 (Tank01 validated or no T01 data)
      [BDL] Accepting single-vendor line for Ousmane Dieng ra: 7.5 (Tank01 validated or no T01 data)
      [BDL] Accepting single-vendor line for Dennis Schroder rebounds: 2.5 (Tank01 validated or no T01 data)
      [BDL] Accepting single-vendor line for Dennis Schroder pa: 12.5 (Tank01 validated or no T01 data)
      [BDL] Accepting single-vendor line for Jaylon Tyson pr: 12.5 (Tank01 validated or no T01 data)
      [BDL] Accepting single-vendor line for Ryan Rollins pa: 21.5 (Tank01 validated or no T01 data)
      [BDL] Accepting single-vendor line for Ryan Rollins pr: 20.5 (Tank01 validated or no T01 data)
      [BDL] Accepting single-vendor line for Ryan Rollins ra: 9.5 (Tank01 validated or no T01 data)
      > [BDL] Cross-referencing with BallDontLie...
      ✅ [BDL] Retrieved 1316 props
      [BDL] Accepting single-vendor line for Rudy Gobert assists: 1.5 (Tank01 validated or no T01 data)
      [BDL] Accepting single-vendor line for Donte DiVincenzo steals: 1.5 (Tank01 validated or no T01 data)
      [BDL] Accepting single-vendor line for Naz Reid assists: 2.5 (Tank01 validated or no T01 data)
      [BDL] Accepting single-vendor line for Oso Ighodaro blocks: 0.5 (Tank01 validated or no T01 data)
      [BDL] Accepting single-vendor line for Royce O'Neale blocks: 0.5 (Tank01 validated or no T01 data)
      [BDL] Accepting single-vendor line for Julius Randle blocks: 0.5 (Tank01 validated or no T01 data)
      [BDL] Accepting single-vendor line for Ayo Dosunmu blocks: 0.5 (Tank01 validated or no T01 data)
      [BDL] Accepting single-vendor line for Collin Gillespie blocks: 0.5 (Tank01 validated or no T01 data)
      [BDL] Accepting single-vendor line for Donte DiVincenzo blocks: 0.5 (Tank01 validated or no T01 data)
      [BDL] Accepting single-vendor line for Devin Booker blocks: 0.5 (Tank01 validated or no T01 data)
      [BDL] Accepting single-vendor line for Jaden McDaniels blocks: 0.5 (Tank01 validated or no T01 data)
      [BDL] Accepting single-vendor line for Jalen Green blocks: 0.5 (Tank01 validated or no T01 data)
      [BDL] Accepting single-vendor line for Julius Randle pa: 27.5 (Tank01 validated or no T01 data)
      [BDL] Accepting single-vendor line for Donte DiVincenzo pa: 16.5 (Tank01 validated or no T01 data)
      [BDL] Accepting single-vendor line for Rudy Gobert pa: 13.5 (Tank01 validated or no T01 data)
      [BDL] Accepting single-vendor line for Royce O'Neale pr: 13.5 (Tank01 validated or no T01 data)
      [BDL] Accepting single-vendor line for Donte DiVincenzo pr: 17.5 (Tank01 validated or no T01 data)
      [BDL] Accepting single-vendor line for Jalen Green pr: 27.5 (Tank01 validated or no T01 data)
      [BDL] Accepting single-vendor line for Collin Gillespie pr: 16.5 (Tank01 validated or no T01 data)
      [BDL] Accepting single-vendor line for Jaden McDaniels pr: 18.5 (Tank01 validated or no T01 data)
      [BDL] Accepting single-vendor line for Rudy Gobert pr: 22.5 (Tank01 validated or no T01 data)
      [BDL] Accepting single-vendor line for Donte DiVincenzo pra: 21.5 (Tank01 validated or no T01 data)
      [BDL] Accepting single-vendor line for Jordan Goodwin pra: 12.5 (Tank01 validated or no T01 data)
      [BDL] Accepting single-vendor line for Jalen Green pra: 30.5 (Tank01 validated or no T01 data)
      [BDL] Accepting single-vendor line for Jaden McDaniels pra: 21.5 (Tank01 validated or no T01 data)
      [BDL] Accepting single-vendor line for Rudy Gobert pra: 24.5 (Tank01 validated or no T01 data)
      [BDL] Accepting single-vendor line for Ayo Dosunmu ra: 8.5 (Tank01 validated or no T01 data)
      [BDL] Accepting single-vendor line for Jalen Green ra: 7.5 (Tank01 validated or no T01 data)
      [BDL] Accepting single-vendor line for Rudy Gobert ra: 13.5 (Tank01 validated or no T01 data)
      [BDL] Accepting single-vendor line for Jordan Goodwin pr: 11.5 (Tank01 validated or no T01 data)
      [BDL] Accepting single-vendor line for Naz Reid pr: 20.5 (Tank01 validated or no T01 data)
      [BDL] Accepting single-vendor line for Naz Reid ra: 8.5 (Tank01 validated or no T01 data)
      [BDL] Accepting single-vendor line for Naz Reid pa: 16.5 (Tank01 validated or no T01 data)
      [BDL] Accepting single-vendor line for Oso Ighodaro pr: 12.5 (Tank01 validated or no T01 data)
      > [BDL] Cross-referencing with BallDontLie...
      ✅ [BDL] Retrieved 1312 props
      [BDL] Accepting single-vendor line for Cameron Payne rebounds: 1.5 (Tank01 validated or no T01 data)
      [BDL] Accepting single-vendor line for Justin Edwards assists: 2.5 (Tank01 validated or no T01 data)
      [BDL] Accepting single-vendor line for Dominick Barlow assists: 1.5 (Tank01 validated or no T01 data)
      [BDL] Accepting single-vendor line for Tim Hardaway Jr. assists: 1.5 (Tank01 validated or no T01 data)
      [BDL] Accepting single-vendor line for Adem Bona assists: 0.5 (Tank01 validated or no T01 data)
      [BDL] Accepting single-vendor line for Adem Bona blocks: 1.5 (Tank01 validated or no T01 data)
      [BDL] Accepting single-vendor line for Nikola Jokic steals: 1.5 (Tank01 validated or no T01 data)
      [BDL] Accepting single-vendor line for VJ Edgecombe steals: 1.5 (Tank01 validated or no T01 data)
      [BDL] Accepting single-vendor line for Quentin Grimes blocks: 0.5 (Tank01 validated or no T01 data)
      [BDL] Accepting single-vendor line for Christian Braun blocks: 0.5 (Tank01 validated or no T01 data)
      [BDL] Accepting single-vendor line for Dominick Barlow blocks: 0.5 (Tank01 validated or no T01 data)
      [BDL] Accepting single-vendor line for Justin Edwards blocks: 0.5 (Tank01 validated or no T01 data)
      [BDL] Accepting single-vendor line for Aaron Gordon blocks: 0.5 (Tank01 validated or no T01 data)
      [BDL] Accepting single-vendor line for Cameron Johnson blocks: 0.5 (Tank01 validated or no T01 data)
      [BDL] Accepting single-vendor line for VJ Edgecombe blocks: 0.5 (Tank01 validated or no T01 data)
      [BDL] Accepting single-vendor line for Jamal Murray blocks: 0.5 (Tank01 validated or no T01 data)
      [BDL] Accepting single-vendor line for Nikola Jokic blocks: 0.5 (Tank01 validated or no T01 data)
      [BDL] Accepting single-vendor line for Quentin Grimes pa: 24.5 (Tank01 validated or no T01 data)
      [BDL] Accepting single-vendor line for Christian Braun pa: 13.5 (Tank01 validated or no T01 data)
      [BDL] Accepting single-vendor line for Dominick Barlow pa: 11.5 (Tank01 validated or no T01 data)
      [BDL] Accepting single-vendor line for Aaron Gordon pa: 17.5 (Tank01 validated or no T01 data)
      [BDL] Accepting single-vendor line for Nikola Jokic pa: 38.5 (Tank01 validated or no T01 data)
      [BDL] Accepting single-vendor line for Jamal Murray pa: 30.5 (Tank01 validated or no T01 data)
      [BDL] Accepting single-vendor line for Justin Edwards pa: 14.5 (Tank01 validated or no T01 data)
      [BDL] Accepting single-vendor line for Aaron Gordon pr: 20.5 (Tank01 validated or no T01 data)
      [BDL] Accepting single-vendor line for Jamal Murray pr: 27.5 (Tank01 validated or no T01 data)
      [BDL] Accepting single-vendor line for Nikola Jokic pr: 40.5 (Tank01 validated or no T01 data)
      [BDL] Accepting single-vendor line for Dominick Barlow pr: 13.5 (Tank01 validated or no T01 data)
      [BDL] Accepting single-vendor line for Bruce Brown pra: 11.5 (Tank01 validated or no T01 data)
      [BDL] Accepting single-vendor line for Dominick Barlow pra: 15.5 (Tank01 validated or no T01 data)/Users/flyprice/actions-runner/_work/Ludi-Bot/Ludi-Bot/module_d.py:687: RuntimeWarning: This package (`duckduckgo_search`) has been renamed to `ddgs`! Use `pip install ddgs` instead.
  results = DDGS().text(query, max_results=3, timelimit="w")
[LUDI-CORE] response: https://www.bing.com/search?q=Tyler+Herro+MIA+coach+quotes+injury+twitter&filters=ex1%3A%22ez2%22 200
/Users/flyprice/actions-runner/_work/Ludi-Bot/Ludi-Bot/module_d.py:687: RuntimeWarning: This package (`duckduckgo_search`) has been renamed to `ddgs`! Use `pip install ddgs` instead.
  results = DDGS().text(query, max_results=3, timelimit="w")
[LUDI-CORE] response: https://www.bing.com/search?q=Tyler+Herro+MIA+beat+writer+update&filters=ex1%3A%22ez2%22 200

      [BDL] Accepting single-vendor line for Cameron Johnson pra: 16.5 (Tank01 validated or no T01 data)
      [BDL] Accepting single-vendor line for Jamal Murray pra: 34.5 (Tank01 validated or no T01 data)
      [BDL] Accepting single-vendor line for Cameron Payne pra: 16.5 (Tank01 validated or no T01 data)
      [BDL] Accepting single-vendor line for Christian Braun pra: 19.5 (Tank01 validated or no T01 data)
      [BDL] Accepting single-vendor line for Tim Hardaway Jr. pra: 15.5 (Tank01 validated or no T01 data)
      [BDL] Accepting single-vendor line for Nikola Jokic pra: 50.5 (Tank01 validated or no T01 data)
      [BDL] Accepting single-vendor line for Justin Edwards pra: 17.5 (Tank01 validated or no T01 data)
      [BDL] Accepting single-vendor line for Quentin Grimes ra: 7.5 (Tank01 validated or no T01 data)
      [BDL] Accepting single-vendor line for Dominick Barlow ra: 5.5 (Tank01 validated or no T01 data)
      [BDL] Accepting single-vendor line for Justin Edwards ra: 5.5 (Tank01 validated or no T01 data)
      [BDL] Accepting single-vendor line for Aaron Gordon ra: 7.5 (Tank01 validated or no T01 data)
      [BDL] Accepting single-vendor line for Nikola Jokic ra: 23.5 (Tank01 validated or no T01 data)
      [BDL] Accepting single-vendor line for Cameron Payne ra: 5.5 (Tank01 validated or no T01 data)
      [BDL] Accepting single-vendor line for Cameron Payne pa: 13.5 (Tank01 validated or no T01 data)
      [BDL] Accepting single-vendor line for Trendon Watford pr: 12.5 (Tank01 validated or no T01 data)
      [BDL] Accepting single-vendor line for Adem Bona pr: 12.5 (Tank01 validated or no T01 data)
      [BDL] Accepting single-vendor line for Trendon Watford ra: 6.5 (Tank01 validated or no T01 data)
      [BDL] Accepting single-vendor line for Bruce Brown pr: 9.5 (Tank01 validated or no T01 data)
      [BDL] Accepting single-vendor line for Cameron Payne pr: 12.5 (Tank01 validated or no T01 data)
      [BDL] Accepting single-vendor line for Trendon Watford pa: 11.5 (Tank01 validated or no T01 data)
      [BDL] Accepting single-vendor line for Tim Hardaway Jr. pr: 14.5 (Tank01 validated or no T01 data)
      > [BDL] Cross-referencing with BallDontLie...
      ✅ [BDL] Retrieved 1218 props
      [BDL] Accepting single-vendor line for Victor Wembanyama blocks: 3.5 (Tank01 validated or no T01 data)
      [BDL] Accepting single-vendor line for Victor Wembanyama steals: 1.5 (Tank01 validated or no T01 data)
      [BDL] Accepting single-vendor line for Nique Clifford steals: 1.5 (Tank01 validated or no T01 data)
      [BDL] Accepting single-vendor line for Maxime Raynaud blocks: 0.5 (Tank01 validated or no T01 data)
      [BDL] Accepting single-vendor line for Precious Achiuwa blocks: 0.5 (Tank01 validated or no T01 data)
      [BDL] Accepting single-vendor line for Russell Westbrook blocks: 0.5 (Tank01 validated or no T01 data)
      [BDL] Accepting single-vendor line for De'Aaron Fox blocks: 0.5 (Tank01 validated or no T01 data)
      [BDL] Accepting single-vendor line for Stephon Castle blocks: 0.5 (Tank01 validated or no T01 data)
      [BDL] Accepting single-vendor line for Nique Clifford blocks: 0.5 (Tank01 validated or no T01 data)
      [BDL] Accepting single-vendor line for Julian Champagnie blocks: 0.5 (Tank01 validated or no T01 data)
      [BDL] Accepting single-vendor line for DeMar DeRozan blocks: 0.5 (Tank01 validated or no T01 data)
      [BDL] Accepting single-vendor line for Maxime Raynaud pa: 15.5 (Tank01 validated or no T01 data)
      [BDL] Accepting single-vendor line for Precious Achiuwa pa: 14.5 (Tank01 validated or no T01 data)
      [BDL] Accepting single-vendor line for Nique Clifford pa: 15.5 (Tank01 validated or no T01 data)
      [BDL] Accepting single-vendor line for DeMar DeRozan pa: 24.5 (Tank01 validated or no T01 data)
      [BDL] Accepting single-vendor line for Russell Westbrook pa: 22.5 (Tank01 validated or no T01 data)
      [BDL] Accepting single-vendor line for Julian Champagnie pa: 12.5 (Tank01 validated or no T01 data)
      [BDL] Accepting single-vendor line for Precious Achiuwa pr: 21.5 (Tank01 validated or no T01 data)
      [BDL] Accepting single-vendor line for Nique Clifford pr: 16.5 (Tank01 validated or no T01 data)
      [BDL] Accepting single-vendor line for DeMar DeRozan pr: 23.5 (Tank01 validated or no T01 data)
      [BDL] Accepting single-vendor line for Russell Westbrook pr: 21.5 (Tank01 validated or no T01 data)
      [BDL] Accepting single-vendor line for Maxime Raynaud pra: 24.5 (Tank01 validated or no T01 data)
      [BDL] Accepting single-vendor line for Precious Achiuwa pra: 22.5 (Tank01 validated or no T01 data)
      [BDL] Accepting single-vendor line for Keldon Johnson pra: 18.5 (Tank01 validated or no T01 data)
      [BDL] Accepting single-vendor line for Stephon Castle pra: 30.5 (Tank01 validated or no T01 data)
      [BDL] Accepting single-vendor line for DeMar DeRozan pra: 27.5 (Tank01 validated or no T01 data)
      [BDL] Accepting single-vendor line for Russell Westbrook pra: 28.5 (Tank01 validated or no T01 data)
      [BDL] Accepting single-vendor line for Julian Champagnie pra: 17.5 (Tank01 validated or no T01 data)
      [BDL] Accepting single-vendor line for Dylan Harper pra: 19.5 (Tank01 validated or no T01 data)
      [BDL] Accepting single-vendor line for Maxime Raynaud ra: 10.5 (Tank01 validated or no T01 data)
      [BDL] Accepting single-vendor line for Precious Achiuwa ra: 9.5 (Tank01 validated or no T01 data)
      [BDL] Accepting single-vendor line for Stephon Castle ra: 12.5 (Tank01 validated or no T01 data)
      [BDL] Accepting single-vendor line for Nique Clifford ra: 7.5 (Tank01 validated or no T01 data)
      [BDL] Accepting single-vendor line for Julian Champagnie ra: 6.5 (Tank01 validated or no T01 data)
      [BDL] Accepting single-vendor line for De'Aaron Fox ra: 11.5 (Tank01 validated or no T01 data)
      [BDL] Accepting single-vendor line for Dylan Harper ra: 7.5 (Tank01 validated or no T01 data)
      [BDL] Accepting single-vendor line for Dylan Harper pr: 15.5 (Tank01 validated or no T01 data)
      [BDL] Accepting single-vendor line for Dylan Harper pa: 16.5 (Tank01 validated or no T01 data)
      [BDL] Accepting single-vendor line for Keldon Johnson pr: 19.5 (Tank01 validated or no T01 data)
      [BDL] Accepting single-vendor line for Malik Monk pra: 16.5 (Tank01 validated or no T01 data)
✅ Props loaded.
   💾 Games cache written: daily_games_2026-03-17.json (8 games)
   >>> Opening lines snapshotted: 433 rows
[step 3] Building Scenarios & Rosters...
   > Processing Miami Heat @ Charlotte Hornets...
[ROSTER] Tier 2 (recently returned): Coby White (CHA)
[ROSTER] Tier 2 (recently returned): Grant Williams (CHA)
[ROSTER] Tier 2 (recently returned): Ryan Kalkbrenner (CHA)
[ROSTER] Tier 2 (recently returned): KJ Simpson (DEN)
[ROSTER] Tier 2 (recently returned): Mason Plumlee (SA)
[INJURY-TIER3] D'Angelo Russell (WAS) — 15d out, skipped
[INJURY-TIER3] Terry Rozier (MIA) — 15d out, skipped
[INJURY-TIER3] Fred VanVleet (HOU) — 76d out, skipped
[INJURY-TIER3] Zach Collins (CHI) — 198d out, skipped
[INJURY-TIER3] Tyrese Haliburton (IND) — 198d out, skipped
[INJURY-TIER3] Miles McBride (NYK) — 15d out, skipped
[INJURY-TIER3] Walker Kessler (UTA) — 198d out, skipped
[INJURY-TIER3] Cam Whitmore (WAS) — 198d out, skipped
[INJURY-TIER3] Dereck Lively II (DAL) — 198d out, skipped
[INJURY-TIER3] Zach Edey (MEM) — 198d out, skipped
[INJURY-TIER3] Noa Essengue (CHI) — 198d out, skipped
[INJURY-TIER3] Jimmy Butler III (GSW) — 259d out, skipped
[INJURY-TIER3] Anthony Davis (WAS) — 15d out, skipped
[INJURY-TIER3] Bradley Beal (LAC) — 198d out, skipped
[INJURY-TIER3] Steven Adams (HOU) — 198d out, skipped
[INJURY-TIER3] Kyrie Irving (DAL) — 198d out, skipped
[INJURY-TIER3] Damian Lillard (POR) — 198d out, skipped
[ROSTER] Tier 2 (recently returned): Norman Powell (MIA)
[ROSTER] Tier 2 (recently returned): Bam Adebayo (MIA)
[ROSTER] Tier 2 (recently returned): Dru Smith (MIA)
[ROSTER] Tier 2 (recently returned): Nikola Jovic (MIA)
[ROSTER] Tier 2 (recently returned): Jaime Jaquez Jr. (MIA)
[ROSTER] Tier 2 (recently returned): Simone Fontecchio (MIA)/Users/flyprice/actions-runner/_work/Ludi-Bot/Ludi-Bot/module_d.py:687: RuntimeWarning: This package (`duckduckgo_search`) has been renamed to `ddgs`! Use `pip install ddgs` instead.
  results = DDGS().text(query, max_results=3, timelimit="w")
[LUDI-CORE] response: https://www.bing.com/search?q=Josh+Hart+NYK+coach+quotes+injury+twitter&filters=ex1%3A%22ez2%22 200
/Users/flyprice/actions-runner/_work/Ludi-Bot/Ludi-Bot/module_d.py:687: RuntimeWarning: This package (`duckduckgo_search`) has been renamed to `ddgs`! Use `pip install ddgs` instead.
  results = DDGS().text(query, max_results=3, timelimit="w")
[LUDI-CORE] response: https://www.bing.com/search?q=Josh+Hart+NYK+beat+writer+update&filters=ex1%3A%22ez2%22 200
[LUDI-CORE] HTTP Request: POST https://api.anthropic.com/v1/messages "HTTP/1.1 200 OK"
/Users/flyprice/actions-runner/_work/Ludi-Bot/Ludi-Bot/module_d.py:687: RuntimeWarning: This package (`duckduckgo_search`) has been renamed to `ddgs`! Use `pip install ddgs` instead.
  results = DDGS().text(query, max_results=3, timelimit="w")
[LUDI-CORE] response: https://www.bing.com/search?q=Mitchell+Robinson+NYK+coach+quotes+injury+twitter&filters=ex1%3A%22ez2%22 200
/Users/flyprice/actions-runner/_work/Ludi-Bot/Ludi-Bot/module_d.py:687: RuntimeWarning: This package (`duckduckgo_search`) has been renamed to `ddgs`! Use `pip install ddgs` instead.
  results = DDGS().text(query, max_results=3, timelimit="w")
[LUDI-CORE] response: https://www.bing.com/search?q=Mitchell+Robinson+NYK+beat+writer+update&filters=ex1%3A%22ez2%22 200
/Users/flyprice/actions-runner/_work/Ludi-Bot/Ludi-Bot/module_d.py:687: RuntimeWarning: This package (`duckduckgo_search`) has been renamed to `ddgs`! Use `pip install ddgs` instead.
  results = DDGS().text(query, max_results=3, timelimit="w")
[LUDI-CORE] response: https://www.bing.com/search?q=Mitchell+Robinson+NYK+coach+quotes+injury+twitter&filters=ex1%3A%22ez2%22 200
/Users/flyprice/actions-runner/_work/Ludi-Bot/Ludi-Bot/module_d.py:687: RuntimeWarning: This package (`duckduckgo_search`) has been renamed to `ddgs`! Use `pip install ddgs` instead.
  results = DDGS().text(query, max_results=3, timelimit="w")
[LUDI-CORE] response: https://www.bing.com/search?q=Mitchell+Robinson+NYK+beat+writer+update&filters=ex1%3A%22ez2%22 200
/Users/flyprice/actions-runner/_work/Ludi-Bot/Ludi-Bot/module_d.py:687: RuntimeWarning: This package (`duckduckgo_search`) has been renamed to `ddgs`! Use `pip install ddgs` instead.
  results = DDGS().text(query, max_results=3, timelimit="w")
[LUDI-CORE] response: https://www.bing.com/search?q=Andrew+Nembhard+IND+coach+quotes+injury+twitter&filters=ex1%3A%22ez2%22 200
/Users/flyprice/actions-runner/_work/Ludi-Bot/Ludi-Bot/module_d.py:687: RuntimeWarning: This package (`duckduckgo_search`) has been renamed to `ddgs`! Use `pip install ddgs` instead.
  results = DDGS().text(query, max_results=3, timelimit="w")
[LUDI-CORE] response: https://www.bing.com/search?q=Andrew+Nembhard+IND+beat+writer+update&filters=ex1%3A%22ez2%22 200
/Users/flyprice/actions-runner/_work/Ludi-Bot/Ludi-Bot/module_d.py:687: RuntimeWarning: This package (`duckduckgo_search`) has been renamed to `ddgs`! Use `pip install ddgs` instead.
  results = DDGS().text(query, max_results=3, timelimit="w")
[LUDI-CORE] response: https://www.bing.com/search?q=Aaron+Nesmith+IND+coach+quotes+injury+twitter&filters=ex1%3A%22ez2%22 200
/Users/flyprice/actions-runner/_work/Ludi-Bot/Ludi-Bot/module_d.py:687: RuntimeWarning: This package (`duckduckgo_search`) has been renamed to `ddgs`! Use `pip install ddgs` instead.
  results = DDGS().text(query, max_results=3, timelimit="w")
[LUDI-CORE] response: https://www.bing.com/search?q=Aaron+Nesmith+IND+beat+writer+update&filters=ex1%3A%22ez2%22 200
/Users/flyprice/actions-runner/_work/Ludi-Bot/Ludi-Bot/module_d.py:687: RuntimeWarning: This package (`duckduckgo_search`) has been renamed to `ddgs`! Use `pip install ddgs` instead.
  results = DDGS().text(query, max_results=3, timelimit="w")
[LUDI-CORE] response: https://www.bing.com/search?q=Ivica+Zubac+IND+coach+quotes+injury+twitter&filters=ex1%3A%22ez2%22 200
/Users/flyprice/actions-runner/_work/Ludi-Bot/Ludi-Bot/module_d.py:687: RuntimeWarning: This package (`duckduckgo_search`) has been renamed to `ddgs`! Use `pip install ddgs` instead.
  results = DDGS().text(query, max_results=3, timelimit="w")
[LUDI-CORE] response: https://www.bing.com/search?q=Ivica+Zubac+IND+beat+writer+update&filters=ex1%3A%22ez2%22 200
/Users/flyprice/actions-runner/_work/Ludi-Bot/Ludi-Bot/module_d.py:687: RuntimeWarning: This package (`duckduckgo_search`) has been renamed to `ddgs`! Use `pip install ddgs` instead.
  results = DDGS().text(query, max_results=3, timelimit="w")
[LUDI-CORE] response: https://www.bing.com/search?q=Ivica+Zubac+IND+coach+quotes+injury+twitter&filters=ex1%3A%22ez2%22 200
/Users/flyprice/actions-runner/_work/Ludi-Bot/Ludi-Bot/module_d.py:687: RuntimeWarning: This package (`duckduckgo_search`) has been renamed to `ddgs`! Use `pip install ddgs` instead.
  results = DDGS().text(query, max_results=3, timelimit="w")
[LUDI-CORE] response: https://www.bing.com/search?q=Ivica+Zubac+IND+beat+writer+update&filters=ex1%3A%22ez2%22 200
[LUDI-CORE] HTTP Request: POST https://api.anthropic.com/v1/messages "HTTP/1.1 200 OK"
/Users/flyprice/actions-runner/_work/Ludi-Bot/Ludi-Bot/module_d.py:687: RuntimeWarning: This package (`duckduckgo_search`) has been renamed to `ddgs`! Use `pip install ddgs` instead.
  results = DDGS().text(query, max_results=3, timelimit="w")
[LUDI-CORE] response: https://www.bing.com/search?q=Andrew+Nembhard+IND+coach+quotes+injury+twitter&filters=ex1%3A%22ez2%22 200
/Users/flyprice/actions-runner/_work/Ludi-Bot/Ludi-Bot/module_d.py:687: RuntimeWarning: This package (`duckduckgo_search`) has been renamed to `ddgs`! Use `pip install ddgs` instead.
  results = DDGS().text(query, max_results=3, timelimit="w")
[LUDI-CORE] response: https://www.bing.com/search?q=Andrew+Nembhard+IND+beat+writer+update&filters=ex1%3A%22ez2%22 200
/Users/flyprice/actions-runner/_work/Ludi-Bot/Ludi-Bot/module_d.py:687: RuntimeWarning: This package (`duckduckgo_search`) has been renamed to `ddgs`! Use `pip install ddgs` instead.
  results = DDGS().text(query, max_results=3, timelimit="w")
[LUDI-CORE] response: https://www.bing.com/search?q=Aaron+Nesmith+IND+coach+quotes+injury+twitter&filters=ex1%3A%22ez2%22 200
/Users/flyprice/actions-runner/_work/Ludi-Bot/Ludi-Bot/module_d.py:687: RuntimeWarning: This package (`duckduckgo_search`) has been renamed to `ddgs`! Use `pip install ddgs` instead.
  results = DDGS().text(query, max_results=3, timelimit="w")
[LUDI-CORE] response: https://www.bing.com/search?q=Aaron+Nesmith+IND+beat+writer+update&filters=ex1%3A%22ez2%22 200

[ROSTER] Tier 2 (recently returned): Pelle Larsson (MIA)
[ROSTER] Tier 2 (recently returned): Kel'el Ware (MIA)
[INJURY-TIER3] D'Angelo Russell (WAS) — 15d out, skipped
[INJURY-TIER3] Terry Rozier (MIA) — 15d out, skipped
[INJURY-TIER3] Fred VanVleet (HOU) — 76d out, skipped
[INJURY-TIER3] Zach Collins (CHI) — 198d out, skipped
[INJURY-TIER3] Tyrese Haliburton (IND) — 198d out, skipped
[INJURY-TIER3] Miles McBride (NYK) — 15d out, skipped
[INJURY-TIER3] Walker Kessler (UTA) — 198d out, skipped
[INJURY-TIER3] Cam Whitmore (WAS) — 198d out, skipped
[INJURY-TIER3] Dereck Lively II (DAL) — 198d out, skipped
[INJURY-TIER3] Zach Edey (MEM) — 198d out, skipped
[INJURY-TIER3] Noa Essengue (CHI) — 198d out, skipped
[INJURY-TIER3] Jimmy Butler III (GSW) — 259d out, skipped
[INJURY-TIER3] Anthony Davis (WAS) — 15d out, skipped
[INJURY-TIER3] Bradley Beal (LAC) — 198d out, skipped
[INJURY-TIER3] Steven Adams (HOU) — 198d out, skipped
[INJURY-TIER3] Kyrie Irving (DAL) — 198d out, skipped
[INJURY-TIER3] Damian Lillard (POR) — 198d out, skipped
      📊 TANK01: 797 credits remaining
   [YAK] 📋 Heartbeat: NBA Official Feed Synced (Tank01).
[Perplexity] HTTP 401: {"error":{"message":"You exceeded your current quota, please check your plan and billing details. For more information, visit https://www.perplexity.ai/settings/api.","type":"insufficient_quota","code
[Perplexity] HTTP 401: {"error":{"message":"You exceeded your current quota, please check your plan and billing details. For more information, visit https://www.perplexity.ai/settings/api.","type":"insufficient_quota","code
      ↳ Generated 1 scenarios
   > Processing Oklahoma City Thunder @ Orlando Magic...
[ROSTER] Tier 1.5 (freshly traded): Franz Wagner → ORL (pre-trade stats from UNK)
[ROSTER] Tier 1.5 (freshly traded): Colin Castleton → ORL (pre-trade stats from UNK)
[ROSTER] Tier 2 (recently returned): Jett Howard (ORL)
[ROSTER] Tier 2 (recently returned): Jase Richardson (ORL)
[INJURY-TIER3] D'Angelo Russell (WAS) — 15d out, skipped
[INJURY-TIER3] Terry Rozier (MIA) — 15d out, skipped
[INJURY-TIER3] Fred VanVleet (HOU) — 76d out, skipped
[INJURY-TIER3] Zach Collins (CHI) — 198d out, skipped
[INJURY-TIER3] Tyrese Haliburton (IND) — 198d out, skipped
[INJURY-TIER3] Miles McBride (NYK) — 15d out, skipped
[INJURY-TIER3] Walker Kessler (UTA) — 198d out, skipped
[INJURY-TIER3] Cam Whitmore (WAS) — 198d out, skipped
[INJURY-TIER3] Dereck Lively II (DAL) — 198d out, skipped
[INJURY-TIER3] Zach Edey (MEM) — 198d out, skipped
[INJURY-TIER3] Noa Essengue (CHI) — 198d out, skipped
[INJURY-TIER3] Jimmy Butler III (GSW) — 259d out, skipped
[INJURY-TIER3] Anthony Davis (WAS) — 15d out, skipped
[INJURY-TIER3] Bradley Beal (LAC) — 198d out, skipped
[INJURY-TIER3] Steven Adams (HOU) — 198d out, skipped
[INJURY-TIER3] Kyrie Irving (DAL) — 198d out, skipped
[INJURY-TIER3] Damian Lillard (POR) — 198d out, skipped
[ROSTER] Tier 1.5 (freshly traded): Jalen Williams → OKC (pre-trade stats from UNK)
[ROSTER] Tier 1.5 (freshly traded): Thomas Sorber → OKC (pre-trade stats from UNK)
[ROSTER] Tier 2 (recently returned): Alex Caruso (OKC)
[ROSTER] Tier 2 (recently returned): Isaiah Hartenstein (OKC)
[ROSTER] Tier 2 (recently returned): Chet Holmgren (OKC)
[INJURY-TIER3] D'Angelo Russell (WAS) — 15d out, skipped
[INJURY-TIER3] Terry Rozier (MIA) — 15d out, skipped
[INJURY-TIER3] Fred VanVleet (HOU) — 76d out, skipped
[INJURY-TIER3] Zach Collins (CHI) — 198d out, skipped
[INJURY-TIER3] Tyrese Haliburton (IND) — 198d out, skipped
[INJURY-TIER3] Miles McBride (NYK) — 15d out, skipped
[INJURY-TIER3] Walker Kessler (UTA) — 198d out, skipped
[INJURY-TIER3] Cam Whitmore (WAS) — 198d out, skipped
[INJURY-TIER3] Dereck Lively II (DAL) — 198d out, skipped
[INJURY-TIER3] Zach Edey (MEM) — 198d out, skipped
[INJURY-TIER3] Noa Essengue (CHI) — 198d out, skipped
[INJURY-TIER3] Jimmy Butler III (GSW) — 259d out, skipped
[INJURY-TIER3] Anthony Davis (WAS) — 15d out, skipped
[INJURY-TIER3] Bradley Beal (LAC) — 198d out, skipped
[INJURY-TIER3] Steven Adams (HOU) — 198d out, skipped
[INJURY-TIER3] Kyrie Irving (DAL) — 198d out, skipped
[INJURY-TIER3] Damian Lillard (POR) — 198d out, skipped
      ↳ Generated 1 scenarios
   > Processing Detroit Pistons @ Washington Wizards...
[ROSTER] Tier 2 (recently returned): Sharife Cooper (WAS)
[ROSTER] Tier 2 (recently returned): Carlton Carrington (WAS)
[ROSTER] Tier 2 (recently returned): Jamir Watkins (WAS)
[INJURY-TIER3] D'Angelo Russell (WAS) — 15d out, skipped
[INJURY-TIER3] Terry Rozier (MIA) — 15d out, skipped
[INJURY-TIER3] Fred VanVleet (HOU) — 76d out, skipped
[INJURY-TIER3] Zach Collins (CHI) — 198d out, skipped
[INJURY-TIER3] Tyrese Haliburton (IND) — 198d out, skipped
[INJURY-TIER3] Miles McBride (NYK) — 15d out, skipped
[INJURY-TIER3] Walker Kessler (UTA) — 198d out, skipped
[INJURY-TIER3] Cam Whitmore (WAS) — 198d out, skipped
[INJURY-TIER3] Dereck Lively II (DAL) — 198d out, skipped
[INJURY-TIER3] Zach Edey (MEM) — 198d out, skipped
[INJURY-TIER3] Noa Essengue (CHI) — 198d out, skipped
[INJURY-TIER3] Jimmy Butler III (GSW) — 259d out, skipped
[INJURY-TIER3] Anthony Davis (WAS) — 15d out, skipped
[INJURY-TIER3] Bradley Beal (LAC) — 198d out, skipped
[INJURY-TIER3] Steven Adams (HOU) — 198d out, skipped
[INJURY-TIER3] Kyrie Irving (DAL) — 198d out, skipped
[INJURY-TIER3] Damian Lillard (POR) — 198d out, skipped
[ROSTER] Tier 1.5 (freshly traded): Wendell Moore Jr. → DET (pre-trade stats from UNK)
[ROSTER] Tier 2 (recently returned): Caris LeVert (DET)
[ROSTER] Tier 2 (recently returned): Jalen Duren (DET)
[ROSTER] Tier 2 (recently returned): Ausar Thompson (DET)
[ROSTER] Tier 2 (recently returned): Bobi Klintman (DET)
[ROSTER] Tier 2 (recently returned): Tobias Harris (DET)
[INJURY-TIER3] D'Angelo Russell (WAS) — 15d out, skipped
[INJURY-TIER3] Terry Rozier (MIA) — 15d out, skipped
[INJURY-TIER3] Fred VanVleet (HOU) — 76d out, skipped
[INJURY-TIER3] Zach Collins (CHI) — 198d out, skipped
[INJURY-TIER3] Tyrese Haliburton (IND) — 198d out, skipped
[INJURY-TIER3] Miles McBride (NYK) — 15d out, skipped
[INJURY-TIER3] Walker Kessler (UTA) — 198d out, skipped
[INJURY-TIER3] Cam Whitmore (WAS) — 198d out, skipped
[INJURY-TIER3] Dereck Lively II (DAL) — 198d out, skipped
[INJURY-TIER3] Zach Edey (MEM) — 198d out, skipped
[INJURY-TIER3] Noa Essengue (CHI) — 198d out, skipped
[INJURY-TIER3] Jimmy Butler III (GSW) — 259d out, skipped
[INJURY-TIER3] Anthony Davis (WAS) — 15d out, skipped
[INJURY-TIER3] Bradley Beal (LAC) — 198d out, skipped
[INJURY-TIER3] Steven Adams (HOU) — 198d out, skipped
[INJURY-TIER3] Kyrie Irving (DAL) — 198d out, skipped
[INJURY-TIER3] Damian Lillard (POR) — 198d out, skipped
      ↳ Generated 1 scenarios
   > Processing Indiana Pacers @ New York Knicks...
[ROSTER] Tier 1.5 (freshly traded): Trey Jemison III → NYK (pre-trade stats from NY)
[ROSTER] Tier 1.5 (freshly traded): Kevin McCullar Jr. → NYK (pre-trade stats from NY)
[ROSTER] Tier 2 (recently returned): Jalen Brunson (NY)
[ROSTER] Tier 2 (recently returned): Mitchell Robinson (NY)
[INJURY-TIER3] D'Angelo Russell (WAS) — 15d out, skipped
[INJURY-TIER3] Terry Rozier (MIA) — 15d out, skipped
[INJURY-TIER3] Fred VanVleet (HOU) — 76d out, skipped
[INJURY-TIER3] Zach Collins (CHI) — 198d out, skipped
[INJURY-TIER3] Tyrese Haliburton (IND) — 198d out, skipped
[INJURY-TIER3] Miles McBride (NYK) — 15d out, skipped
[INJURY-TIER3] Walker Kessler (UTA) — 198d out, skipped
[INJURY-TIER3] Cam Whitmore (WAS) — 198d out, skipped
[INJURY-TIER3] Dereck Lively II (DAL) — 198d out, skipped
[INJURY-TIER3] Zach Edey (MEM) — 198d out, skipped
[INJURY-TIER3] Noa Essengue (CHI) — 198d out, skipped
[INJURY-TIER3] Jimmy Butler III (GSW) — 259d out, skipped
[INJURY-TIER3] Anthony Davis (WAS) — 15d out, skipped
[INJURY-TIER3] Bradley Beal (LAC) — 198d out, skipped
[INJURY-TIER3] Steven Adams (HOU) — 198d out, skipped
[INJURY-TIER3] Kyrie Irving (DAL) — 198d out, skipped
[INJURY-TIER3] Damian Lillard (POR) — 198d out, skipped/Users/flyprice/actions-runner/_work/Ludi-Bot/Ludi-Bot/module_d.py:687: RuntimeWarning: This package (`duckduckgo_search`) has been renamed to `ddgs`! Use `pip install ddgs` instead.
  results = DDGS().text(query, max_results=3, timelimit="w")
[LUDI-CORE] response: https://www.bing.com/search?q=Ryan+Rollins+MIL+coach+quotes+injury+twitter&filters=ex1%3A%22ez2%22 200
/Users/flyprice/actions-runner/_work/Ludi-Bot/Ludi-Bot/module_d.py:687: RuntimeWarning: This package (`duckduckgo_search`) has been renamed to `ddgs`! Use `pip install ddgs` instead.
  results = DDGS().text(query, max_results=3, timelimit="w")
[LUDI-CORE] response: https://www.bing.com/search?q=Ryan+Rollins+MIL+beat+writer+update&filters=ex1%3A%22ez2%22 200
/Users/flyprice/actions-runner/_work/Ludi-Bot/Ludi-Bot/module_d.py:687: RuntimeWarning: This package (`duckduckgo_search`) has been renamed to `ddgs`! Use `pip install ddgs` instead.
  results = DDGS().text(query, max_results=3, timelimit="w")
[LUDI-CORE] response: https://www.bing.com/search?q=Giannis+Antetokounmpo+MIL+coach+quotes+injury+twitter&filters=ex1%3A%22ez2%22 200
/Users/flyprice/actions-runner/_work/Ludi-Bot/Ludi-Bot/module_d.py:687: RuntimeWarning: This package (`duckduckgo_search`) has been renamed to `ddgs`! Use `pip install ddgs` instead.
  results = DDGS().text(query, max_results=3, timelimit="w")
[LUDI-CORE] response: https://www.bing.com/search?q=Giannis+Antetokounmpo+MIL+beat+writer+update&filters=ex1%3A%22ez2%22 200
/Users/flyprice/actions-runner/_work/Ludi-Bot/Ludi-Bot/module_d.py:687: RuntimeWarning: This package (`duckduckgo_search`) has been renamed to `ddgs`! Use `pip install ddgs` instead.
  results = DDGS().text(query, max_results=3, timelimit="w")
[LUDI-CORE] response: https://www.bing.com/search?q=Myles+Turner+MIL+coach+quotes+injury+twitter&filters=ex1%3A%22ez2%22 200
/Users/flyprice/actions-runner/_work/Ludi-Bot/Ludi-Bot/module_d.py:687: RuntimeWarning: This package (`duckduckgo_search`) has been renamed to `ddgs`! Use `pip install ddgs` instead.
  results = DDGS().text(query, max_results=3, timelimit="w")
[LUDI-CORE] response: https://www.bing.com/search?q=Myles+Turner+MIL+beat+writer+update&filters=ex1%3A%22ez2%22 200
/Users/flyprice/actions-runner/_work/Ludi-Bot/Ludi-Bot/module_d.py:687: RuntimeWarning: This package (`duckduckgo_search`) has been renamed to `ddgs`! Use `pip install ddgs` instead.
  results = DDGS().text(query, max_results=3, timelimit="w")
[LUDI-CORE] response: https://www.bing.com/search?q=Myles+Turner+MIL+coach+quotes+injury+twitter&filters=ex1%3A%22ez2%22 200
/Users/flyprice/actions-runner/_work/Ludi-Bot/Ludi-Bot/module_d.py:687: RuntimeWarning: This package (`duckduckgo_search`) has been renamed to `ddgs`! Use `pip install ddgs` instead.
  results = DDGS().text(query, max_results=3, timelimit="w")
[LUDI-CORE] response: https://www.bing.com/search?q=Myles+Turner+MIL+beat+writer+update&filters=ex1%3A%22ez2%22 200
/Users/flyprice/actions-runner/_work/Ludi-Bot/Ludi-Bot/module_d.py:687: RuntimeWarning: This package (`duckduckgo_search`) has been renamed to `ddgs`! Use `pip install ddgs` instead.
  results = DDGS().text(query, max_results=3, timelimit="w")
[LUDI-CORE] response: https://www.bing.com/search?q=Giannis+Antetokounmpo+MIL+coach+quotes+injury+twitter&filters=ex1%3A%22ez2%22 200
/Users/flyprice/actions-runner/_work/Ludi-Bot/Ludi-Bot/module_d.py:687: RuntimeWarning: This package (`duckduckgo_search`) has been renamed to `ddgs`! Use `pip install ddgs` instead.
  results = DDGS().text(query, max_results=3, timelimit="w")
[LUDI-CORE] response: https://www.bing.com/search?q=Giannis+Antetokounmpo+MIL+beat+writer+update&filters=ex1%3A%22ez2%22 200
/Users/flyprice/actions-runner/_work/Ludi-Bot/Ludi-Bot/module_d.py:687: RuntimeWarning: This package (`duckduckgo_search`) has been renamed to `ddgs`! Use `pip install ddgs` instead.
  results = DDGS().text(query, max_results=3, timelimit="w")
[LUDI-CORE] response: https://www.bing.com/search?q=Jaylon+Tyson+CLE+coach+quotes+injury+twitter&filters=ex1%3A%22ez2%22 200
/Users/flyprice/actions-runner/_work/Ludi-Bot/Ludi-Bot/module_d.py:687: RuntimeWarning: This package (`duckduckgo_search`) has been renamed to `ddgs`! Use `pip install ddgs` instead.
  results = DDGS().text(query, max_results=3, timelimit="w")
[LUDI-CORE] response: https://www.bing.com/search?q=Jaylon+Tyson+CLE+beat+writer+update&filters=ex1%3A%22ez2%22 200
/Users/flyprice/actions-runner/_work/Ludi-Bot/Ludi-Bot/module_d.py:687: RuntimeWarning: This package (`duckduckgo_search`) has been renamed to `ddgs`! Use `pip install ddgs` instead.
  results = DDGS().text(query, max_results=3, timelimit="w")
[LUDI-CORE] response: https://www.bing.com/search?q=Sam+Merrill+CLE+coach+quotes+injury+twitter&filters=ex1%3A%22ez2%22 200
/Users/flyprice/actions-runner/_work/Ludi-Bot/Ludi-Bot/module_d.py:687: RuntimeWarning: This package (`duckduckgo_search`) has been renamed to `ddgs`! Use `pip install ddgs` instead.
  results = DDGS().text(query, max_results=3, timelimit="w")
[LUDI-CORE] response: https://www.bing.com/search?q=Sam+Merrill+CLE+beat+writer+update&filters=ex1%3A%22ez2%22 200
/Users/flyprice/actions-runner/_work/Ludi-Bot/Ludi-Bot/module_d.py:687: RuntimeWarning: This package (`duckduckgo_search`) has been renamed to `ddgs`! Use `pip install ddgs` instead.
  results = DDGS().text(query, max_results=3, timelimit="w")
[LUDI-CORE] response: https://www.bing.com/search?q=Sam+Merrill+CLE+coach+quotes+injury+twitter&filters=ex1%3A%22ez2%22 200
/Users/flyprice/actions-runner/_work/Ludi-Bot/Ludi-Bot/module_d.py:687: RuntimeWarning: This package (`duckduckgo_search`) has been renamed to `ddgs`! Use `pip install ddgs` instead.
  results = DDGS().text(query, max_results=3, timelimit="w")
[LUDI-CORE] response: https://www.bing.com/search?q=Sam+Merrill+CLE+beat+writer+update&filters=ex1%3A%22ez2%22 200
/Users/flyprice/actions-runner/_work/Ludi-Bot/Ludi-Bot/module_d.py:687: RuntimeWarning: This package (`duckduckgo_search`) has been renamed to `ddgs`! Use `pip install ddgs` instead.
  results = DDGS().text(query, max_results=3, timelimit="w")
[LUDI-CORE] response: https://www.bing.com/search?q=Jaylon+Tyson+CLE+coach+quotes+injury+twitter&filters=ex1%3A%22ez2%22 200
/Users/flyprice/actions-runner/_work/Ludi-Bot/Ludi-Bot/module_d.py:687: RuntimeWarning: This package (`duckduckgo_search`) has been renamed to `ddgs`! Use `pip install ddgs` instead.
  results = DDGS().text(query, max_results=3, timelimit="w")
[LUDI-CORE] response: https://www.bing.com/search?q=Jaylon+Tyson+CLE+beat+writer+update&filters=ex1%3A%22ez2%22 200

[ROSTER] Tier 2 (recently returned): Ivica Zubac (IND)
[ROSTER] Tier 2 (recently returned): Andrew Nembhard (IND)
[ROSTER] Tier 2 (recently returned): Obi Toppin (IND)
[ROSTER] Tier 2 (recently returned): Aaron Nesmith (IND)
[ROSTER] Tier 2 (recently returned): Micah Potter (IND)
[ROSTER] Tier 2 (recently returned): Quenton Jackson (IND)
[ROSTER] Tier 2 (recently returned): Jarace Walker (IND)
[ROSTER] Tier 2 (recently returned): Ben Sheppard (IND)
[INJURY-TIER3] D'Angelo Russell (WAS) — 15d out, skipped
[INJURY-TIER3] Terry Rozier (MIA) — 15d out, skipped
[INJURY-TIER3] Fred VanVleet (HOU) — 76d out, skipped
[INJURY-TIER3] Zach Collins (CHI) — 198d out, skipped
[INJURY-TIER3] Tyrese Haliburton (IND) — 198d out, skipped
[INJURY-TIER3] Miles McBride (NYK) — 15d out, skipped
[INJURY-TIER3] Walker Kessler (UTA) — 198d out, skipped
[INJURY-TIER3] Cam Whitmore (WAS) — 198d out, skipped
[INJURY-TIER3] Dereck Lively II (DAL) — 198d out, skipped
[INJURY-TIER3] Zach Edey (MEM) — 198d out, skipped
[INJURY-TIER3] Noa Essengue (CHI) — 198d out, skipped
[INJURY-TIER3] Jimmy Butler III (GSW) — 259d out, skipped
[INJURY-TIER3] Anthony Davis (WAS) — 15d out, skipped
[INJURY-TIER3] Bradley Beal (LAC) — 198d out, skipped
[INJURY-TIER3] Steven Adams (HOU) — 198d out, skipped
[INJURY-TIER3] Kyrie Irving (DAL) — 198d out, skipped
[INJURY-TIER3] Damian Lillard (POR) — 198d out, skipped
[Perplexity] HTTP 401: {"error":{"message":"You exceeded your current quota, please check your plan and billing details. For more information, visit https://www.perplexity.ai/settings/api.","type":"insufficient_quota","code
[Perplexity] HTTP 401: {"error":{"message":"You exceeded your current quota, please check your plan and billing details. For more information, visit https://www.perplexity.ai/settings/api.","type":"insufficient_quota","code
[Claude] get_claude_analysis | haiku | 1662in/109out tokens
[Perplexity] HTTP 401: {"error":{"message":"You exceeded your current quota, please check your plan and billing details. For more information, visit https://www.perplexity.ai/settings/api.","type":"insufficient_quota","code
[Perplexity] HTTP 401: {"error":{"message":"You exceeded your current quota, please check your plan and billing details. For more information, visit https://www.perplexity.ai/settings/api.","type":"insufficient_quota","code
[Perplexity] HTTP 401: {"error":{"message":"You exceeded your current quota, please check your plan and billing details. For more information, visit https://www.perplexity.ai/settings/api.","type":"insufficient_quota","code
[Perplexity] HTTP 401: {"error":{"message":"You exceeded your current quota, please check your plan and billing details. For more information, visit https://www.perplexity.ai/settings/api.","type":"insufficient_quota","code
[Perplexity] HTTP 401: {"error":{"message":"You exceeded your current quota, please check your plan and billing details. For more information, visit https://www.perplexity.ai/settings/api.","type":"insufficient_quota","code
[Perplexity] HTTP 401: {"error":{"message":"You exceeded your current quota, please check your plan and billing details. For more information, visit https://www.perplexity.ai/settings/api.","type":"insufficient_quota","code
[Perplexity] HTTP 401: {"error":{"message":"You exceeded your current quota, please check your plan and billing details. For more information, visit https://www.perplexity.ai/settings/api.","type":"insufficient_quota","code
[Perplexity] HTTP 401: {"error":{"message":"You exceeded your current quota, please check your plan and billing details. For more information, visit https://www.perplexity.ai/settings/api.","type":"insufficient_quota","code
[Perplexity] HTTP 401: {"error":{"message":"You exceeded your current quota, please check your plan and billing details. For more information, visit https://www.perplexity.ai/settings/api.","type":"insufficient_quota","code
[Perplexity] HTTP 401: {"error":{"message":"You exceeded your current quota, please check your plan and billing details. For more information, visit https://www.perplexity.ai/settings/api.","type":"insufficient_quota","code
[Perplexity] HTTP 401: {"error":{"message":"You exceeded your current quota, please check your plan and billing details. For more information, visit https://www.perplexity.ai/settings/api.","type":"insufficient_quota","code
[Perplexity] HTTP 401: {"error":{"message":"You exceeded your current quota, please check your plan and billing details. For more information, visit https://www.perplexity.ai/settings/api.","type":"insufficient_quota","code
[Claude] get_claude_analysis | haiku | 1694in/112out tokens
[Perplexity] HTTP 401: {"error":{"message":"You exceeded your current quota, please check your plan and billing details. For more information, visit https://www.perplexity.ai/settings/api.","type":"insufficient_quota","code
[Perplexity] HTTP 401: {"error":{"message":"You exceeded your current quota, please check your plan and billing details. For more information, visit https://www.perplexity.ai/settings/api.","type":"insufficient_quota","code
[Perplexity] HTTP 401: {"error":{"message":"You exceeded your current quota, please check your plan and billing details. For more information, visit https://www.perplexity.ai/settings/api.","type":"insufficient_quota","code
[Perplexity] HTTP 401: {"error":{"message":"You exceeded your current quota, please check your plan and billing details. For more information, visit https://www.perplexity.ai/settings/api.","type":"insufficient_quota","code
      ↳ Generated 1 scenarios
   > Processing Cleveland Cavaliers @ Milwaukee Bucks...
[ROSTER] Tier 1.5 (freshly traded): Alex Antetokounmpo → MIL (pre-trade stats from UNK)
[ROSTER] Tier 2 (recently returned): Myles Turner (MIL)
[ROSTER] Tier 2 (recently returned): Bobby Portis (MIL)
[ROSTER] Tier 2 (recently returned): Taurean Prince (MIL)
[ROSTER] Tier 2 (recently returned): Kevin Porter (MIL)
[ROSTER] Tier 2 (recently returned): Jericho Sims (MIL)
[ROSTER] Tier 2 (recently returned): Giannis Antetokounmpo (MIL)
[INJURY-TIER3] D'Angelo Russell (WAS) — 15d out, skipped
[INJURY-TIER3] Terry Rozier (MIA) — 15d out, skipped
[INJURY-TIER3] Fred VanVleet (HOU) — 76d out, skipped
[INJURY-TIER3] Zach Collins (CHI) — 198d out, skipped
[INJURY-TIER3] Tyrese Haliburton (IND) — 198d out, skipped
[INJURY-TIER3] Miles McBride (NYK) — 15d out, skipped
[INJURY-TIER3] Walker Kessler (UTA) — 198d out, skipped
[INJURY-TIER3] Cam Whitmore (WAS) — 198d out, skipped
[INJURY-TIER3] Dereck Lively II (DAL) — 198d out, skipped
[INJURY-TIER3] Zach Edey (MEM) — 198d out, skipped
[INJURY-TIER3] Noa Essengue (CHI) — 198d out, skipped
[INJURY-TIER3] Jimmy Butler III (GSW) — 259d out, skipped
[INJURY-TIER3] Anthony Davis (WAS) — 15d out, skipped
[INJURY-TIER3] Bradley Beal (LAC) — 198d out, skipped
[INJURY-TIER3] Steven Adams (HOU) — 198d out, skipped
[INJURY-TIER3] Kyrie Irving (DAL) — 198d out, skipped
[INJURY-TIER3] Damian Lillard (POR) — 198d out, skipped
[ROSTER] Tier 2 (recently returned): Max Strus (CLE)
[ROSTER] Tier 2 (recently returned): Sam Merrill (CLE)
[ROSTER] Tier 2 (recently returned): Jaylon Tyson (CLE)
[ROSTER] Tier 2 (recently returned): James Harden (CLE)
[INJURY-TIER3] D'Angelo Russell (WAS) — 15d out, skipped
[INJURY-TIER3] Terry Rozier (MIA) — 15d out, skipped
[INJURY-TIER3] Fred VanVleet (HOU) — 76d out, skipped
[INJURY-TIER3] Zach Collins (CHI) — 198d out, skipped
[INJURY-TIER3] Tyrese Haliburton (IND) — 198d out, skipped
[INJURY-TIER3] Miles McBride (NYK) — 15d out, skipped
[INJURY-TIER3] Walker Kessler (UTA) — 198d out, skipped
[INJURY-TIER3] Cam Whitmore (WAS) — 198d out, skipped
[INJURY-TIER3] Dereck Lively II (DAL) — 198d out, skipped
[INJURY-TIER3] Zach Edey (MEM) — 198d out, skipped
[INJURY-TIER3] Noa Essengue (CHI) — 198d out, skipped
[INJURY-TIER3] Jimmy Butler III (GSW) — 259d out, skipped
[INJURY-TIER3] Anthony Davis (WAS) — 15d out, skipped
[INJURY-TIER3] Bradley Beal (LAC) — 198d out, skipped
[INJURY-TIER3] Steven Adams (HOU) — 198d out, skipped
[INJURY-TIER3] Kyrie Irving (DAL) — 198d out, skipped/Users/flyprice/actions-runner/_work/Ludi-Bot/Ludi-Bot/module_d.py:687: RuntimeWarning: This package (`duckduckgo_search`) has been renamed to `ddgs`! Use `pip install ddgs` instead.
  results = DDGS().text(query, max_results=3, timelimit="w")
[LUDI-CORE] response: https://www.bing.com/search?q=Dylan+Harper+SAS+coach+quotes+injury+twitter&filters=ex1%3A%22ez2%22 200
/Users/flyprice/actions-runner/_work/Ludi-Bot/Ludi-Bot/module_d.py:687: RuntimeWarning: This package (`duckduckgo_search`) has been renamed to `ddgs`! Use `pip install ddgs` instead.
  results = DDGS().text(query, max_results=3, timelimit="w")
[LUDI-CORE] response: https://www.bing.com/search?q=Dylan+Harper+SAS+beat+writer+update&filters=ex1%3A%22ez2%22 200
/Users/flyprice/actions-runner/_work/Ludi-Bot/Ludi-Bot/module_d.py:687: RuntimeWarning: This package (`duckduckgo_search`) has been renamed to `ddgs`! Use `pip install ddgs` instead.
  results = DDGS().text(query, max_results=3, timelimit="w")
[LUDI-CORE] response: https://www.bing.com/search?q=Dylan+Harper+SAS+coach+quotes+injury+twitter&filters=ex1%3A%22ez2%22 200
/Users/flyprice/actions-runner/_work/Ludi-Bot/Ludi-Bot/module_d.py:687: RuntimeWarning: This package (`duckduckgo_search`) has been renamed to `ddgs`! Use `pip install ddgs` instead.
  results = DDGS().text(query, max_results=3, timelimit="w")
[LUDI-CORE] response: https://www.bing.com/search?q=Dylan+Harper+SAS+beat+writer+update&filters=ex1%3A%22ez2%22 200
/Users/flyprice/actions-runner/_work/Ludi-Bot/Ludi-Bot/.venv/lib/python3.11/site-packages/emoji/unicode_codes/data_dict.py:29102: ResourceWarning: unclosed <ssl.SSLSocket fd=21, family=30, type=1, proto=0, laddr=('2603:6080:2740:1d7:74e7:1a6e:56a9:7d97', 57052, 0, 0), raddr=('2607:6bc0::10', 443, 0, 0)>
  'alias' : [':moyai:'],
ResourceWarning: Enable tracemalloc to get the object allocation traceback

[INJURY-TIER3] Damian Lillard (POR) — 198d out, skipped
[Perplexity] HTTP 401: {"error":{"message":"You exceeded your current quota, please check your plan and billing details. For more information, visit https://www.perplexity.ai/settings/api.","type":"insufficient_quota","code
[Perplexity] HTTP 401: {"error":{"message":"You exceeded your current quota, please check your plan and billing details. For more information, visit https://www.perplexity.ai/settings/api.","type":"insufficient_quota","code
[Perplexity] HTTP 401: {"error":{"message":"You exceeded your current quota, please check your plan and billing details. For more information, visit https://www.perplexity.ai/settings/api.","type":"insufficient_quota","code
[Perplexity] HTTP 401: {"error":{"message":"You exceeded your current quota, please check your plan and billing details. For more information, visit https://www.perplexity.ai/settings/api.","type":"insufficient_quota","code
[Perplexity] HTTP 401: {"error":{"message":"You exceeded your current quota, please check your plan and billing details. For more information, visit https://www.perplexity.ai/settings/api.","type":"insufficient_quota","code
[Perplexity] HTTP 401: {"error":{"message":"You exceeded your current quota, please check your plan and billing details. For more information, visit https://www.perplexity.ai/settings/api.","type":"insufficient_quota","code
[Perplexity] HTTP 401: {"error":{"message":"You exceeded your current quota, please check your plan and billing details. For more information, visit https://www.perplexity.ai/settings/api.","type":"insufficient_quota","code
[Perplexity] HTTP 401: {"error":{"message":"You exceeded your current quota, please check your plan and billing details. For more information, visit https://www.perplexity.ai/settings/api.","type":"insufficient_quota","code
[Perplexity] HTTP 401: {"error":{"message":"You exceeded your current quota, please check your plan and billing details. For more information, visit https://www.perplexity.ai/settings/api.","type":"insufficient_quota","code
[Perplexity] HTTP 401: {"error":{"message":"You exceeded your current quota, please check your plan and billing details. For more information, visit https://www.perplexity.ai/settings/api.","type":"insufficient_quota","code
[Perplexity] HTTP 401: {"error":{"message":"You exceeded your current quota, please check your plan and billing details. For more information, visit https://www.perplexity.ai/settings/api.","type":"insufficient_quota","code
[Perplexity] HTTP 401: {"error":{"message":"You exceeded your current quota, please check your plan and billing details. For more information, visit https://www.perplexity.ai/settings/api.","type":"insufficient_quota","code
[Perplexity] HTTP 401: {"error":{"message":"You exceeded your current quota, please check your plan and billing details. For more information, visit https://www.perplexity.ai/settings/api.","type":"insufficient_quota","code
[Perplexity] HTTP 401: {"error":{"message":"You exceeded your current quota, please check your plan and billing details. For more information, visit https://www.perplexity.ai/settings/api.","type":"insufficient_quota","code
[Perplexity] HTTP 401: {"error":{"message":"You exceeded your current quota, please check your plan and billing details. For more information, visit https://www.perplexity.ai/settings/api.","type":"insufficient_quota","code
[Perplexity] HTTP 401: {"error":{"message":"You exceeded your current quota, please check your plan and billing details. For more information, visit https://www.perplexity.ai/settings/api.","type":"insufficient_quota","code
[Perplexity] HTTP 401: {"error":{"message":"You exceeded your current quota, please check your plan and billing details. For more information, visit https://www.perplexity.ai/settings/api.","type":"insufficient_quota","code
[Perplexity] HTTP 401: {"error":{"message":"You exceeded your current quota, please check your plan and billing details. For more information, visit https://www.perplexity.ai/settings/api.","type":"insufficient_quota","code
      ↳ Generated 1 scenarios
   > Processing Phoenix Suns @ Minnesota Timberwolves...
[ROSTER] Tier 1.5 (freshly traded): Enrique Freeman → MIN (pre-trade stats from UNK)
[ROSTER] Tier 2 (recently returned): Naz Reid (MIN)
[ROSTER] Tier 2 (recently returned): Ayo Dosunmu (MIN)
[INJURY-TIER3] D'Angelo Russell (WAS) — 15d out, skipped
[INJURY-TIER3] Terry Rozier (MIA) — 15d out, skipped
[INJURY-TIER3] Fred VanVleet (HOU) — 76d out, skipped
[INJURY-TIER3] Zach Collins (CHI) — 198d out, skipped
[INJURY-TIER3] Tyrese Haliburton (IND) — 198d out, skipped
[INJURY-TIER3] Miles McBride (NYK) — 15d out, skipped
[INJURY-TIER3] Walker Kessler (UTA) — 198d out, skipped
[INJURY-TIER3] Cam Whitmore (WAS) — 198d out, skipped
[INJURY-TIER3] Dereck Lively II (DAL) — 198d out, skipped
[INJURY-TIER3] Zach Edey (MEM) — 198d out, skipped
[INJURY-TIER3] Noa Essengue (CHI) — 198d out, skipped
[INJURY-TIER3] Jimmy Butler III (GSW) — 259d out, skipped
[INJURY-TIER3] Anthony Davis (WAS) — 15d out, skipped
[INJURY-TIER3] Bradley Beal (LAC) — 198d out, skipped
[INJURY-TIER3] Steven Adams (HOU) — 198d out, skipped
[INJURY-TIER3] Kyrie Irving (DAL) — 198d out, skipped
[INJURY-TIER3] Damian Lillard (POR) — 198d out, skipped
[ROSTER] Tier 2 (recently returned): Grayson Allen (PHO)
[ROSTER] Tier 2 (recently returned): Jordan Goodwin (PHO)
[INJURY-TIER3] D'Angelo Russell (WAS) — 15d out, skipped
[INJURY-TIER3] Terry Rozier (MIA) — 15d out, skipped
[INJURY-TIER3] Fred VanVleet (HOU) — 76d out, skipped
[INJURY-TIER3] Zach Collins (CHI) — 198d out, skipped
[INJURY-TIER3] Tyrese Haliburton (IND) — 198d out, skipped
[INJURY-TIER3] Miles McBride (NYK) — 15d out, skipped
[INJURY-TIER3] Walker Kessler (UTA) — 198d out, skipped
[INJURY-TIER3] Cam Whitmore (WAS) — 198d out, skipped
[INJURY-TIER3] Dereck Lively II (DAL) — 198d out, skipped
[INJURY-TIER3] Zach Edey (MEM) — 198d out, skipped
[INJURY-TIER3] Noa Essengue (CHI) — 198d out, skipped
[INJURY-TIER3] Jimmy Butler III (GSW) — 259d out, skipped
[INJURY-TIER3] Anthony Davis (WAS) — 15d out, skipped
[INJURY-TIER3] Bradley Beal (LAC) — 198d out, skipped
[INJURY-TIER3] Steven Adams (HOU) — 198d out, skipped
[INJURY-TIER3] Kyrie Irving (DAL) — 198d out, skipped
[INJURY-TIER3] Damian Lillard (POR) — 198d out, skipped
      ↳ Generated 1 scenarios
   > Processing Philadelphia 76ers @ Denver Nuggets...
[ROSTER] Tier 2 (recently returned): Jamal Murray (DEN)
[ROSTER] Tier 2 (recently returned): Cameron Johnson (DEN)
[ROSTER] Tier 2 (recently returned): Aaron Gordon (DEN)
[INJURY-TIER3] D'Angelo Russell (WAS) — 15d out, skipped
[INJURY-TIER3] Terry Rozier (MIA) — 15d out, skipped
[INJURY-TIER3] Fred VanVleet (HOU) — 76d out, skipped
[INJURY-TIER3] Zach Collins (CHI) — 198d out, skipped
[INJURY-TIER3] Tyrese Haliburton (IND) — 198d out, skipped
[INJURY-TIER3] Miles McBride (NYK) — 15d out, skipped
[INJURY-TIER3] Walker Kessler (UTA) — 198d out, skipped
[INJURY-TIER3] Cam Whitmore (WAS) — 198d out, skipped
[INJURY-TIER3] Dereck Lively II (DAL) — 198d out, skipped
[INJURY-TIER3] Zach Edey (MEM) — 198d out, skipped
[INJURY-TIER3] Noa Essengue (CHI) — 198d out, skipped
[INJURY-TIER3] Jimmy Butler III (GSW) — 259d out, skipped
[INJURY-TIER3] Anthony Davis (WAS) — 15d out, skipped
[INJURY-TIER3] Bradley Beal (LAC) — 198d out, skipped
[INJURY-TIER3] Steven Adams (HOU) — 198d out, skipped
[INJURY-TIER3] Kyrie Irving (DAL) — 198d out, skipped
[INJURY-TIER3] Damian Lillard (POR) — 198d out, skipped
[ROSTER] Tier 1.5 (freshly traded): Johni Broome → PHI (pre-trade stats from UNK)
[ROSTER] Tier 2 (recently returned): Dalen Terry (PHI)
[ROSTER] Tier 2 (recently returned): Adem Bona (PHI)
[ROSTER] Tier 2 (recently returned): VJ Edgecombe (PHI)
[ROSTER] Tier 2 (recently returned): Andre Drummond (PHI)
[INJURY-TIER3] D'Angelo Russell (WAS) — 15d out, skipped
[INJURY-TIER3] Terry Rozier (MIA) — 15d out, skipped
[INJURY-TIER3] Fred VanVleet (HOU) — 76d out, skipped
[INJURY-TIER3] Zach Collins (CHI) — 198d out, skipped
[INJURY-TIER3] Tyrese Haliburton (IND) — 198d out, skipped
[INJURY-TIER3] Miles McBride (NYK) — 15d out, skipped
[INJURY-TIER3] Walker Kessler (UTA) — 198d out, skipped
[INJURY-TIER3] Cam Whitmore (WAS) — 198d out, skipped
[INJURY-TIER3] Dereck Lively II (DAL) — 198d out, skipped
[INJURY-TIER3] Zach Edey (MEM) — 198d out, skipped
[INJURY-TIER3] Noa Essengue (CHI) — 198d out, skipped
[INJURY-TIER3] Jimmy Butler III (GSW) — 259d out, skipped
[INJURY-TIER3] Anthony Davis (WAS) — 15d out, skipped
[INJURY-TIER3] Bradley Beal (LAC) — 198d out, skipped
[INJURY-TIER3] Steven Adams (HOU) — 198d out, skipped
[INJURY-TIER3] Kyrie Irving (DAL) — 198d out, skipped
[INJURY-TIER3] Damian Lillard (POR) — 198d out, skipped
      ↳ Generated 1 scenarios
   > Processing San Antonio Spurs @ Sacramento Kings...
[ROSTER] Tier 2 (recently returned): Dylan Cardwell (SAC)
[ROSTER] Tier 2 (recently returned): Russell Westbrook (SAC)
[INJURY-TIER3] D'Angelo Russell (WAS) — 15d out, skipped
[INJURY-TIER3] Terry Rozier (MIA) — 15d out, skipped
[INJURY-TIER3] Fred VanVleet (HOU) — 76d out, skipped
[INJURY-TIER3] Zach Collins (CHI) — 198d out, skipped
[INJURY-TIER3] Tyrese Haliburton (IND) — 198d out, skipped
[INJURY-TIER3] Miles McBride (NYK) — 15d out, skipped
[INJURY-TIER3] Walker Kessler (UTA) — 198d out, skipped
[INJURY-TIER3] Cam Whitmore (WAS) — 198d out, skipped
[INJURY-TIER3] Dereck Lively II (DAL) — 198d out, skipped
[INJURY-TIER3] Zach Edey (MEM) — 198d out, skipped
[INJURY-TIER3] Noa Essengue (CHI) — 198d out, skipped
[INJURY-TIER3] Jimmy Butler III (GSW) — 259d out, skipped
[INJURY-TIER3] Anthony Davis (WAS) — 15d out, skipped
[INJURY-TIER3] Bradley Beal (LAC) — 198d out, skipped
[INJURY-TIER3] Steven Adams (HOU) — 198d out, skipped
[INJURY-TIER3] Kyrie Irving (DAL) — 198d out, skipped
[INJURY-TIER3] Damian Lillard (POR) — 198d out, skipped
[ROSTER] Tier 2 (recently returned): Lindy Waters III (SA)
[ROSTER] Tier 2 (recently returned): Jeremy Sochan (NY)
[ROSTER] Tier 2 (recently returned): Victor Wembanyama (SA)
[ROSTER] Tier 2 (recently returned): Dylan Harper (SA)
[ROSTER] Tier 2 (recently returned): Harrison Barnes (SA)
[INJURY-TIER3] D'Angelo Russell (WAS) — 15d out, skipped
[INJURY-TIER3] Terry Rozier (MIA) — 15d out, skipped
[INJURY-TIER3] Fred VanVleet (HOU) — 76d out, skipped
[INJURY-TIER3] Zach Collins (CHI) — 198d out, skipped
[INJURY-TIER3] Tyrese Haliburton (IND) — 198d out, skipped
[INJURY-TIER3] Miles McBride (NYK) — 15d out, skipped
[INJURY-TIER3] Walker Kessler (UTA) — 198d out, skipped
[INJURY-TIER3] Cam Whitmore (WAS) — 198d out, skipped
[INJURY-TIER3] Dereck Lively II (DAL) — 198d out, skipped
[INJURY-TIER3] Zach Edey (MEM) — 198d out, skipped
[INJURY-TIER3] Noa Essengue (CHI) — 198d out, skipped
[INJURY-TIER3] Jimmy Butler III (GSW) — 259d out, skipped
[INJURY-TIER3] Anthony Davis (WAS) — 15d out, skipped
[INJURY-TIER3] Bradley Beal (LAC) — 198d out, skipped
[INJURY-TIER3] Steven Adams (HOU) — 198d out, skipped
[INJURY-TIER3] Kyrie Irving (DAL) — 198d out, skipped
[INJURY-TIER3] Damian Lillard (POR) — 198d out, skipped
[Perplexity] HTTP 401: {"error":{"message":"You exceeded your current quota, please check your plan and billing details. For more information, visit https://www.perplexity.ai/settings/api.","type":"insufficient_quota","code
[Perplexity] HTTP 401: {"error":{"message":"You exceeded your current quota, please check your plan and billing details. For more information, visit https://www.perplexity.ai/settings/api.","type":"insufficient_quota","code
[Perplexity] HTTP 401: {"error":{"message":"You exceeded your current quota, please check your plan and billing details. For more information, visit https://www.perplexity.ai/settings/api.","type":"insufficient_quota","code
[Perplexity] HTTP 401: {"error":{"message":"You exceeded your current quota, please check your plan and billing details. For more information, visit https://www.perplexity.ai/settings/api.","type":"insufficient_quota","code
      ↳ Generated 1 scenarios
[step 4] Running Monte Carlo Simulations (8 scenarios)...
   >>> [Ramp-Up] Norman Powell: Game 1 back — all stats dampened to 70%
   >>> [Ramp-Up] Norman Powell: Game 1 back — all stats dampened to 70%
   >>> [Ramp-Up] Chet Holmgren: Game 2 back — all stats dampened to 80%
   >>> [Ramp-Up] Ajay Mitchell: Game 3 back — all stats dampened to 90%
   >>> [Ramp-Up] Isaiah Hartenstein: Game 1 back — all stats dampened to 70%
   >>> [Ramp-Up] Alex Caruso: Game 2 back — all stats dampened to 80%
   >>> [Ramp-Up] Alex Caruso: Game 2 back — all stats dampened to 80%
   >>> [Ramp-Up] Isaiah Hartenstein: Game 1 back — all stats dampened to 70%
   >>> [Ramp-Up] Chet Holmgren: Game 2 back — all stats dampened to 80%
   >>> [Ramp-Up] Ausar Thompson: Game 1 back — all stats dampened to 70%
   >>> [Ramp-Up] Ausar Thompson: Game 1 back — all stats dampened to 70%
   >>> [Ramp-Up] Ivica Zubac: Game 3 back — all stats dampened to 90%
   >>> [Ramp-Up] Ivica Zubac: Game 3 back — all stats dampened to 90%
   >>> [Ramp-Up] Kevin Porter Jr.: Game 2 back — all stats dampened to 80%
   >>> [Ramp-Up] Jordan Goodwin: Game 4 back — all stats dampened to 95%
   >>> [Ramp-Up] Jordan Goodwin: Game 4 back — all stats dampened to 95%
   >>> [Ramp-Up] Aaron Gordon: Game 4 back — all stats dampened to 95%
   >>> [Ramp-Up] Aaron Gordon: Game 4 back — all stats dampened to 95%
[step 5] Generating Daily Briefing (Module F)...
📊 Daily summary logged: 285 bets, 304.1 units
[FONTS] ✅ Using bundled Liberation fonts
✅ Visual briefing generated: /Users/flyprice/actions-runner/_work/Ludi-Bot/Ludi-Bot/assets/generated/ludi_generated_briefing.png

==================================================
DAILY BRIEFING GENERATED
==================================================

📰 LUDI GAME BRIEF (Mar 17, 2026)
================================
⚠️  ODDS SOURCE: BDL Fallback (Odds-API quota exhausted)
   Lines estimated — verify at your book before betting.
   Full accuracy resumes March 1.
================================
💎 TOP TARGETS BY GAME

🏀 Cleveland Cavaliers @ Milwaukee Bucks
   💎 DEAN WADE — OVER 5.5 PTS
   📊 Cleveland Cavaliers @ Milwaukee Bucks  |  Proj: 7.2  |  Edge: +41.2%  |  1.06u
   💰 Best Bet: DraftKings +105
   🎯 Archetype: ENERGY_BIG vs PERIMETER defense
   📝 Key Signal: ImpliedTT:118.8, Energy Big Boards
   📊 EDGE: Projection
   💎 KEVIN PORTER JR. — UNDER 16.5 PTS
   📊 Cleveland Cavaliers @ Milwaukee Bucks  |  Proj: 11.76  |  Edge: +39.1%  |  1.06u
   💰 Best Bet: FanDuel +100
   🎯 Archetype: FACILITATOR vs PAINT PACK defense
   📝 Key Signal: ImpliedTT:107.8, Playmaking vs Drop
   📊 EDGE: Projection
   💎 KEVIN PORTER JR. — UNDER 21.5 PR
   📊 Cleveland Cavaliers @ Milwaukee Bucks  |  Proj: 16.01  |  Edge: +42.5%  |  1.06u
   💰 Best Bet: BetMGM -110
   🎯 Archetype: FACILITATOR vs PAINT PACK defense
   📝 Key Signal: ImpliedTT:107.8, Playmaking vs Drop
   📊 EDGE: Projection

🏀 Detroit Pistons @ Washington Wizards
   💎 AUSAR THOMPSON — UNDER 14.5 PR
   📊 Detroit Pistons @ Washington Wizards  |  Proj: 12.33  |  Edge: +58.6%  |  1.06u
   💰 Best Bet: BetMGM +110
   🎯 Archetype: CONNECTOR vs PAINT PACK defense
   📝 Key Signal: ImpliedTT:126.0, Connector vs Pack
   📊 EDGE: Projection
   💎 CARLTON CARRINGTON — UNDER 1.5 3PM
   📊 Detroit Pistons @ Washington Wizards  |  Proj: 1.18  |  Edge: +44.1%  |  1.25u
   💰 Best Bet: DraftKings +119
   🎯 Archetype: FACILITATOR vs NEUTRAL defense
   📝 Key Signal: ImpliedTT:106.5, 0.70x_conf:70%
   📊 EDGE: Projection
   💎 CARIS LEVERT — UNDER 7.5 PTS
   📊 Detroit Pistons @ Washington Wizards  |  Proj: 6.23  |  Edge: +40.7%  |  1.06u
   💰 Best Bet: BetMGM -110
   🎯 Archetype: CONNECTOR vs PAINT PACK defense
   📝 Key Signal: ImpliedTT:126.0, Connector vs Pack
   📊 EDGE: Projection

🏀 Indiana Pacers @ New York Knicks
   💎 JARACE WALKER — OVER 8.5 RA
   📊 Indiana Pacers @ New York Knicks  |  Proj: 13.87  |  Edge: +39.5%  |  1.19u
   💰 Best Bet: FanDuel -128
   🎯 Archetype: STRETCH_BIG vs PAINT PACK defense
   📝 Key Signal: ImpliedTT:118.0, NYK Paint Pack Edge
   📊 EDGE: Projection
   💎 AARON NESMITH — UNDER 3.5 REB
   📊 Indiana Pacers @ New York Knicks  |  Proj: 2.89  |  Edge: +38.5%  |  1.19u
   💰 Best Bet: DraftKings +107
   🎯 Archetype: ENERGY_BIG vs PAINT PACK defense
   📝 Key Signal: ImpliedTT:118.0, 0.99x
   📊 EDGE: Projection
   💎 IVICA ZUBAC — UNDER 0.5 BLK
   📊 Indiana Pacers @ New York Knicks  |  Proj: 0.32  |  Edge: +41.2%  |  1.25u
   💰 Best Bet: DraftKings +109
   🎯 Archetype: ROLL_MAN vs PAINT PACK defense
   📝 Key Signal: ImpliedTT:118.0, Roll Man vs Drop
   📊 EDGE: Projection

🏀 Miami Heat @ Charlotte Hornets
   💎 NORMAN POWELL — UNDER 2.5 3PM
   📊 Miami Heat @ Charlotte Hornets  |  Proj: 1.44  |  Edge: +65.6%  |  1.25u
   💰 Best Bet: DraftKings +114
   🎯 Archetype: CONNECTOR vs PERIMETER defense
   📝 Key Signal: ImpliedTT:120.5, 1.00x
   📊 EDGE: Projection
   💎 NORMAN POWELL — UNDER 27.5 PRA
   📊 Miami Heat @ Charlotte Hornets  |  Proj: 22.51  |  Edge: +54.3%  |  1.06u
   💰 Best Bet: BetMGM -105
   🎯 Archetype: CONNECTOR vs PERIMETER defense
   📝 Key Signal: ImpliedTT:120.5, 1.00x
   📊 EDGE: Projection
   💎 GRANT WILLIAMS — OVER 9.5 PR
   📊 Miami Heat @ Charlotte Hornets  |  Proj: 13.58  |  Edge: +55.7%  |  1.06u
   💰 Best Bet: FanDuel +102
   🎯 Archetype: CONNECTOR vs FUNNEL defense
   📝 Key Signal: ImpliedTT:115.0, 0.70x_conf:70%
   📊 EDGE: Projection

🏀 Oklahoma City Thunder @ Orlando Magic
   💎 ISAIAH HARTENSTEIN — UNDER 7.5 PTS
   📊 Oklahoma City Thunder @ Orlando Magic  |  Proj: 4.84  |  Edge: +53.8%  |  1.06u
   💰 Best Bet: Caesars +105
   🎯 Archetype: CONNECTOR vs PAINT PACK defense
   📝 Key Signal: ImpliedTT:116.8, Connector vs Pack
   📊 EDGE: Projection
   💎 ISAIAH HARTENSTEIN — UNDER 15.5 PR
   📊 Oklahoma City Thunder @ Orlando Magic  |  Proj: 11.04  |  Edge: +51.3%  |  1.06u
   💰 Best Bet: BetMGM -118
   🎯 Archetype: CONNECTOR vs PAINT PACK defense
   📝 Key Signal: ImpliedTT:116.8, Connector vs Pack
   📊 EDGE: Projection
   💎 ISAIAH HARTENSTEIN — UNDER 18.5 PRA
   📊 Oklahoma City Thunder @ Orlando Magic  |  Proj: 14.6  |  Edge: +49.7%  |  1.06u
   💰 Best Bet: BetMGM -125
   🎯 Archetype: CONNECTOR vs PAINT PACK defense
   📝 Key Signal: ImpliedTT:116.8, Connector vs Pack
   📊 EDGE: Projection

🏀 Philadelphia 76ers @ Denver Nuggets
   💎 QUENTIN GRIMES — UNDER 20.5 PTS
   📊 Philadelphia 76ers @ Denver Nuggets  |  Proj: 15.97  |  Edge: +49.8%  |  1.06u
   💰 Best Bet: DraftKings -103
   🎯 Archetype: CONNECTOR vs PAINT PACK defense
   📝 Key Signal: ImpliedTT:126.0, Connector vs Pack
   📊 EDGE: Projection
   💎 QUENTIN GRIMES — UNDER 28.5 PRA
   📊 Philadelphia 76ers @ Denver Nuggets  |  Proj: 26.08  |  Edge: +51.5%  |  1.06u
   💰 Best Bet: Fanatics -110
   🎯 Archetype: CONNECTOR vs PAINT PACK defense
   📝 Key Signal: ImpliedTT:126.0, Connector vs Pack
   📊 EDGE: Projection
   💎 QUENTIN GRIMES — UNDER 24.5 PR
   📊 Philadelphia 76ers @ Denver Nuggets  |  Proj: 20.01  |  Edge: +50%  |  1.06u
   💰 Best Bet: FanDuel -110
   🎯 Archetype: CONNECTOR vs PAINT PACK defense
   📝 Key Signal: ImpliedTT:126.0, Connector vs Pack
   📊 EDGE: Projection

🏀 Phoenix Suns @ Minnesota Timberwolves
   💎 NAZ REID — UNDER 1.5 3PM
   📊 Phoenix Suns @ Minnesota Timberwolves  |  Proj: 1.11  |  Edge: +55.3%  |  1.25u
   💰 Best Bet: DraftKings +146
   🎯 Archetype: ENERGY_BIG vs PAINT PACK defense
   📝 Key Signal: ImpliedTT:109.0, 1.00x
   📊 EDGE: Projection
   💎 JALEN GREEN — UNDER 22.5 PTS
   📊 Phoenix Suns @ Minnesota Timberwolves  |  Proj: 13.86  |  Edge: +50.7%  |  1.06u
   💰 Best Bet: DraftKings -105
   🎯 Archetype: TWO_LEVEL_SCORER vs PAINT PACK defense
   📝 Key Signal: ImpliedTT:112.5, 0.70x_conf:70%
   📊 EDGE: Projection
   💎 JALEN GREEN — UNDER 27.5 PR
   📊 Phoenix Suns @ Minnesota Timberwolves  |  Proj: 17.33  |  Edge: +53.1%  |  1.06u
   💰 Best Bet: BetMGM -115
   🎯 Archetype: TWO_LEVEL_SCORER vs PAINT PACK defense
   📝 Key Signal: ImpliedTT:112.5, 0.70x_conf:70%
   📊 EDGE: Projection

🏀 San Antonio Spurs @ Sacramento Kings
   💎 KELDON JOHNSON — UNDER 1.5 3PM
   📊 San Antonio Spurs @ Sacramento Kings  |  Proj: 1.06  |  Edge: +41.9%  |  1.25u
   💰 Best Bet: DraftKings -144
   🎯 Archetype: ENERGY_BIG vs PERIMETER defense
   📝 Key Signal: ImpliedTT:124.5, Energy Big Boards
   📊 EDGE: Projection
   💎 STEPHON CASTLE — UNDER 1.5 3PM
   📊 San Antonio Spurs @ Sacramento Kings  |  Proj: 1.06  |  Edge: +38.2%  |  1.25u
   💰 Best Bet: BetRivers -159
   🎯 Archetype: FACILITATOR vs PERIMETER defense
   📝 Key Signal: ImpliedTT:124.5, Speed Hustle
   📊 EDGE: Projection
   💎 NIQUE CLIFFORD — OVER 7.5 RA
   📊 San Antonio Spurs @ Sacramento Kings  |  Proj: 8.36  |  Edge: +37.3%  |  1.19u
   💰 Best Bet: BetMGM +110
   🎯 Archetype: CONNECTOR vs PAINT PACK defense
   📝 Key Signal: ImpliedTT:111.0, Connector vs Pack
   📊 EDGE: Projection


✅ Saved to daily_briefing.txt
✅ Visual Card saved to: /Users/flyprice/actions-runner/_work/Ludi-Bot/Ludi-Bot/assets/generated/ludi_generated_briefing.png
[step 6] Sending Telegram Briefing...
❌ HTTP error: 400 Client Error: Bad Request for url: https://api.telegram.org/bot8190581794:AAEUVV88PupubJYcudiyRCuWCpgPVLlZ-ag/sendMessage
